episode_hash,operator,decision,score,reason,flags,trim_start,trim_end,n_frames,act_span,progress_dip,cluster,outlier_p,ax_poor_image,ax_jittery,ax_unsteady_camera,ax_hesitant,ax_incomplete
692ea23dc621d7f4aac3aaa0,690366b20e94ce070afd1e8a,drop,0.8937,too_short,,,,50,0.9796,,,,-1.4923,-1.3956,0.6863,-0.2938,-2.3166
692ead1cffdc0ca6345c4362,6846f7cf9cdf020d4a37a294,drop,0.6964,frame_count_mismatch,,,,160,0.9937,,,,-1.2932,-1.0683,-0.3114,-0.1426,-0.8787
692eddda4cbe80983737fe09,690366b20e94ce070afd1e8a,drop,0.6008,too_short,,,,55,0.9815,,,,-0.1901,-1.4917,0.9340,-0.2938,-2.3228
692ea8a096d2056439f01881,6903b590466be157ec64580a,drop,0.4571,frame_count_mismatch,,,,73,0.9861,,,,-0.6054,-0.7909,-0.5905,-0.2128,-0.3024
692eff74952b26f4cc71a700,68bdae5d259c8771eea61c1b,drop,0.4518,frame_count_mismatch,,,,174,0.9711,,,,-0.7012,-0.7561,-0.6739,-0.0469,-0.2559
692e98937641010d04354577,690cb8f69adc5c8f26f64201,drop,0.3884,too_short,,,,7,0.8333,,,,0.5128,-1.8072,-0.3628,0.0000,-0.4141
692e9828ea43f09edf26f445,6871e269bc1991b1a1e463ba,drop,0.2919,frame_count_mismatch,,,,196,0.9949,,,,-0.1088,-0.9198,-0.7256,0.5524,-0.3274
692eeefcef7557106e6c4c59,68bc72d1fcdaacc405e3db53,drop,0.2265,mostly_dead_time,,,,107,0.1887,,,,-0.3634,-1.2568,0.1510,0.8193,-0.1255
692ea97eea43f09edf26f60f,6903686e0e94ce070afd1f24,drop,0.1764,frame_count_mismatch,,,,104,0.9903,0.3900,,,0.4411,0.4823,-0.1291,0.0000,-0.6346
692eedac4cbe80983737ff81,670be6761e62a52f6a35360d,drop,0.1685,frame_count_mismatch,,,,357,0.9494,,,,-0.0178,-0.1093,-0.7402,-0.1806,-0.0678
692e9b3b68bf0a1f46230456,6871e269bc1991b1a1e463ba,drop,0.1500,frame_count_mismatch,,,,171,0.9941,,,,-0.0021,-0.2353,-0.4431,0.0000,-0.2511
692ea8142fa9ba56c08f81a1,69070e0b9adc5c8f26f55b5a,drop,0.0881,frame_count_mismatch,,,,93,0.9674,,,,0.1288,-0.4068,0.5768,0.0000,-0.7762
692eaee739719ab57395b996,6903bd580e94ce070afd33cd,drop,0.0332,frame_count_mismatch,,,,196,0.7949,,,,-0.4795,-0.4633,0.0754,0.4950,0.6115
692ea5b5dbc4294a49cc7266,690362600e94ce070afd1d30,drop,0.0329,frame_count_mismatch,,,,198,0.9949,,,,-0.4553,-0.0631,0.4112,0.6088,-0.4726
692eaae1c609aae267b279ba,69070e0b9adc5c8f26f55b5a,drop,0.0321,frame_count_mismatch,hesitant,,,142,0.9858,,,,0.7554,-0.5644,0.4855,1.0091,-2.0054
692e96d7f169106feb26acb5,6871e269bc1991b1a1e463ba,drop,0.0180,frame_count_mismatch,hesitant,,,212,0.9953,,,,0.0060,-0.5363,0.0803,1.0210,-0.4322
692ea92b99488ff84776f98c,69070e0b9adc5c8f26f55b5a,drop,-0.0038,frame_count_mismatch,,,,188,0.9947,,,,0.1836,-0.1153,-0.2745,0.0000,0.1989
692eab64d3d807884d4dd7d9,69070e0b9adc5c8f26f55b5a,drop,-0.0059,frame_count_mismatch,,,,159,0.9937,,,,0.5778,-0.3566,-0.2023,0.9005,-0.9886
692ef720b07e0e30ff1132f6,6904b8d0466be157ec648ef1,drop,-0.0294,frame_count_mismatch,,,,192,0.9948,0.2105,,,0.2025,0.6387,-0.0875,0.0000,-0.5468
692ea1f0b0d3d3c9d260699a,6903686e0e94ce070afd1f24,drop,-0.0321,frame_count_mismatch,,,,125,0.9839,,,,0.0151,0.0444,0.1057,0.0000,0.0300
692e9732e2322e3b092b5c83,6904b8d0466be157ec648ef1,drop,-0.0322,frame_count_mismatch,unsteady_camera,,,173,0.9942,,,,-0.7826,-0.6759,2.3532,0.0000,0.0602
692f19fd5cec8e06f0b2dc48,69070e0b9adc5c8f26f55b5a,drop,-0.0945,frame_count_mismatch,,,,95,0.8830,,,,0.0788,0.2142,-0.0440,0.0000,0.2663
692ea2c6dfa41139877769b4,6904b8d0466be157ec648ef1,drop,-0.1034,frame_count_mismatch,,,,229,0.9912,,,,-0.4083,0.5361,0.0200,0.5855,-0.0736
692e9f65727c13b350cb7bbc,69150bf42756853dcad943f2,drop,-0.1169,no_visible_change,,,,153,0.9605,0.0000,,,-0.4832,0.1562,0.4743,0.0000,0.3251
692eaa59a0e165ab2e42e516,690362600e94ce070afd1d30,drop,-0.1216,frame_count_mismatch,,,,135,0.9328,,,,0.1776,0.6166,-0.2810,-0.2687,0.2095
692e9afcffdc0ca6345c4189,6904b8d0466be157ec648ef1,drop,-0.1232,frame_count_mismatch,,,,142,0.8440,,,,0.1373,0.2315,0.1018,0.2720,-0.0648
692e94feaf371a654ce7fbe6,6871e269bc1991b1a1e463ba,drop,-0.1533,frame_count_mismatch,,,,185,0.9674,,,,0.7240,-0.7302,0.2380,0.6654,0.1792
692eaa657641010d04354739,69070e0b9adc5c8f26f55b5a,drop,-0.1762,frame_count_mismatch,,,,107,0.9906,,,,0.0480,0.3348,0.3900,0.6711,-0.4022
692ea25ad52427f961fa14da,6871e269bc1991b1a1e463ba,drop,-0.1912,frame_count_mismatch,,,,199,0.9949,0.1964,,,0.1392,0.9482,-0.1886,0.0000,0.5686
692eb0d2854d0e0793875cb9,68bc72d1fcdaacc405e3db53,drop,-0.1997,no_visible_change,,,,152,0.6755,0.0000,,,-1.0256,0.9314,-0.4024,0.2404,0.3060
692eae56c621d7f4aac3abdf,6846f7cf9cdf020d4a37a294,drop,-0.2080,no_visible_change,,,,197,0.9949,0.0110,,,0.9632,-0.4564,0.0993,-0.2490,0.0678
692edf7a4215b056bf36e76a,690362600e94ce070afd1d30,drop,-0.2182,no_visible_change,,,,324,0.9907,0.0030,,,0.3275,0.2530,0.4525,0.0919,-0.1090
692e9b2baf371a654ce7fc87,6903bd580e94ce070afd33cd,drop,-0.2320,no_visible_change,,,,152,0.8742,0.0000,,,0.2366,-0.4619,-0.1581,-0.5342,0.4185
692eaf7868228e362d909164,6903bd580e94ce070afd33cd,drop,-0.2358,frame_count_mismatch,hesitant,,,145,0.9861,,,,0.1128,-0.2114,0.4565,1.5773,-0.2356
692e994c74b24813e7597411,69150bf42756853dcad943f2,drop,-0.2385,frame_count_mismatch,,,,103,0.9902,,,,0.7381,0.1532,-0.2272,0.8634,-0.3034
692ead1bffdc0ca6345c435f,6846f7cf9cdf020d4a37a294,drop,-0.2447,no_visible_change,,,,182,0.9945,0.0000,,,-0.6911,0.8100,0.2422,-0.2111,-0.0133
692ea6cf99488ff84776f945,69070e0b9adc5c8f26f55b5a,drop,-0.2492,no_visible_change,hesitant,,,127,0.9683,0.0000,,,-0.2799,-0.9016,-0.4710,1.1292,0.1458
692f04b55cec8e06f0b2dbc9,69070e0b9adc5c8f26f55b5a,drop,-0.2572,no_visible_change,,,,194,0.9948,0.0000,,,0.2656,-0.2118,-0.0397,0.3686,0.6633
692ea7f7f169106feb26aee7,6903686e0e94ce070afd1f24,drop,-0.2782,no_visible_change,,,,125,0.9919,0.0000,,,0.2795,-0.3777,-0.1356,0.6233,0.4121
692eac0a96d2056439f01908,6871d82a1aaf88556f0c6041,drop,-0.2825,no_visible_change,,,,98,0.9897,0.0000,,,0.4133,-0.0256,-0.3072,0.0000,-0.4049
692e9d3fa0e165ab2e42e3d2,6903686e0e94ce070afd1f24,drop,-0.3080,frame_count_mismatch,jittery,,,126,0.9920,,,,0.0858,1.5158,-0.1233,0.0000,-0.1231
692ea7f4f169106feb26aed1,6903686e0e94ce070afd1f24,drop,-0.3249,no_visible_change,,,,114,0.9558,0.0000,,,0.2145,0.0402,-0.2478,0.0000,0.5297
692f0723ef7557106e6c4e08,6846f7cf9cdf020d4a37a294,drop,-0.3328,no_visible_change,,,,220,0.9954,0.0000,,,-0.7619,0.0613,0.1070,-0.0689,-0.1809
692ea6fb4e86f0c01a207229,6903bd580e94ce070afd33cd,drop,-0.3389,no_visible_change,,,,211,0.9857,0.0000,,,-0.0643,0.2903,0.1515,0.8561,-0.2415
692eeeaf0ba268eb16564a8a,69150bf42756853dcad943f2,drop,-0.3418,mostly_dead_time,incomplete,,,164,0.3374,,,,0.8250,-0.4932,-0.3490,0.0000,2.2439
692ea0efad0c9ef057d41c9c,68bc72d1fcdaacc405e3db53,drop,-0.3470,frame_count_mismatch,,,,200,0.6281,,,,0.0892,0.3759,0.5198,0.6642,0.5474
692ea30840338017b7f998e8,6903686e0e94ce070afd1f24,drop,-0.3689,no_visible_change,,,,107,0.9528,0.0157,,,0.6557,-0.1383,-0.1807,0.0000,0.5761
692ef6389ca48e15a25b2a89,69150bf42756853dcad943f2,drop,-0.3824,frame_count_mismatch,,,,116,0.7652,,,,-0.0778,0.9435,0.4646,0.0000,0.9139
692eb29fffdc0ca6345c43d7,69070e0b9adc5c8f26f55b5a,drop,-0.4166,mostly_dead_time,hesitant,,,162,0.0124,,,,0.4832,-0.0849,0.5511,1.7674,0.0000
692ed7b14cbe80983737fdd4,6903b590466be157ec64580a,drop,-0.4228,frame_count_mismatch,hesitant+incomplete,,,218,0.4931,,,,-0.0895,-0.0608,-0.6748,1.3963,2.4631
692ea40297ffd8ec9034014e,6903686e0e94ce070afd1f24,drop,-0.4403,no_visible_change,unsteady_camera,,,101,0.9300,0.0000,,,0.1643,-0.3506,1.2191,0.0000,0.5218
692e9d6799488ff84776f85c,6871d82a1aaf88556f0c6041,drop,-0.4527,frame_count_mismatch,poor_image,,,93,0.9891,,,,1.5110,0.6162,0.0927,0.0000,-0.1149
692eb066d52427f961fa1667,690366b20e94ce070afd1e8a,drop,-0.4553,frame_count_mismatch,hesitant,,,226,0.7556,,,,0.2459,0.8412,0.6189,1.3321,-0.3943
692eb1323b319da763b71c06,6903686e0e94ce070afd1f24,drop,-0.4882,no_visible_change,hesitant,,,118,0.9402,0.0000,,,-0.1854,0.1863,-0.1953,1.4539,0.5237
692ef4c89ca48e15a25b2a5c,690cb8f69adc5c8f26f64201,drop,-0.4908,no_visible_change,,,,208,0.9952,0.0144,,,0.5882,0.9830,-0.1308,0.3680,-0.0597
692ea9f15aae241ad236edbb,6903b590466be157ec64580a,drop,-0.5580,frame_count_mismatch,jittery+hesitant,,,236,0.9957,,,,-0.1385,1.7503,-0.3998,1.5814,0.3067
692eaa172fa9ba56c08f81bb,69150bf42756853dcad943f2,drop,-0.5717,no_visible_change,,,,162,0.8075,0.0000,,,0.2731,0.5044,0.0596,0.5470,0.8287
692eac0a92a31767e35da3a4,6846f7cf9cdf020d4a37a294,drop,-0.5728,frame_count_mismatch,incomplete,,,212,0.4739,,,,0.2764,0.8063,0.5598,-0.4939,2.3199
692ea5c7d3d807884d4dd762,68bc72d1fcdaacc405e3db53,drop,-0.5973,no_visible_change,jittery+unsteady_camera+hesitant,,,343,0.8947,0.0199,,,-0.6783,1.5132,1.0710,1.4507,-0.6527
692edf503f0f0a8706d6ba47,69036806466be157ec64477f,drop,-0.6049,no_visible_change,,,,237,0.4788,0.0059,,,-0.0046,0.3609,-0.5163,0.3205,0.6261
692eaea740338017b7f999f9,6903686e0e94ce070afd1f24,drop,-0.6458,no_visible_change,poor_image,,,116,0.9478,0.0033,,,1.3803,0.3804,0.5715,0.0000,-0.2002
692eb3045aae241ad236ee91,6846f7cf9cdf020d4a37a294,drop,-0.6711,no_visible_change,poor_image+jittery,,,217,0.9954,0.0136,,,1.1292,2.2763,0.1051,-0.0839,-0.5489
692eab66567c97525f401549,690362600e94ce070afd1d30,drop,-0.6778,mostly_dead_time,hesitant,,,321,0.1281,,,,0.6430,0.4846,0.6829,1.3712,0.9988
692ea69eaec602a46af105ac,6903686e0e94ce070afd1f24,drop,-0.7333,no_visible_change,,,,106,0.9905,0.0120,,,0.6773,0.4410,0.1432,0.7361,0.3517
692e94ffaf371a654ce7fbf3,6871e269bc1991b1a1e463ba,drop,-0.8070,no_visible_change,hesitant,,,206,0.9951,0.0000,,,-0.1728,0.8924,0.0802,2.2986,0.5767
692eb0819cebf0ec017ddddb,69070e0b9adc5c8f26f55b5a,drop,-0.8251,no_visible_change,,,,118,0.9915,0.0000,,,-0.0828,0.3842,0.8896,0.0000,0.4338
692eabd54e86f0c01a2072a4,6903686e0e94ce070afd1f24,drop,-0.8643,no_visible_change,,,,100,0.9899,0.0000,,,0.2248,0.9431,0.0692,0.0000,0.2291
692eaaae2c8fefa9948e8ea4,68bc72d1fcdaacc405e3db53,drop,-0.9412,no_visible_change,,,,121,0.9917,0.0000,,,0.9506,0.8272,0.7545,-0.3737,-0.0963
692ea696727c13b350cb7c98,69070e0b9adc5c8f26f55b5a,drop,-0.9751,no_visible_change,jittery+unsteady_camera,,,169,0.9940,0.0000,,,-0.3700,2.1148,1.4729,0.0000,-0.1552
692ef6359ca48e15a25b2a71,69150bf42756853dcad943f2,drop,-1.0685,no_visible_change,poor_image+unsteady_camera,,,137,0.9559,0.0000,,,1.9723,0.4288,1.0698,0.0000,0.0638
692edfb4245e918729006fc8,690362600e94ce070afd1d30,keep,0.9058,,,7,175,177,0.9545,0.2985,2,0.3745,-0.7795,-0.6821,-0.3377,-0.6342,0.1691
692f49135cec8e06f0b2dc9d,690362600e94ce070afd1d30,keep,0.8086,,,0,224,226,0.9956,0.2884,4,0.9961,-0.6339,-0.6232,-0.0151,-0.0844,-0.7944
692f04679ca48e15a25b2b0f,67421681889e906244b520b1,keep,0.7675,,,6,228,230,0.9694,,,,-0.6062,-1.1853,-1.7190,0.0000,-0.9667
692ef6369ca48e15a25b2a80,69150bf42756853dcad943f2,keep,0.7644,,,0,147,149,0.9932,0.4338,4,0.9930,-0.5703,-0.8726,-0.0692,0.4378,-0.1559
692eb29effdc0ca6345c43ce,69070e0b9adc5c8f26f55b5a,keep,0.7616,,,1,89,91,0.9778,0.3575,3,0.9998,-0.0844,-0.9930,-0.1486,0.0000,-0.5986
692ea298727c13b350cb7c27,69150bf42756853dcad943f2,keep,0.7344,,,22,131,134,0.8195,0.2918,2,0.7805,-0.1954,-0.7343,0.0553,0.4872,-0.7149
692ea5e4854d0e0793875b87,6903bd580e94ce070afd33cd,keep,0.6998,,,1,91,93,0.9783,,,,0.2982,-1.5816,-0.2153,-0.5342,-2.2239
692ef634b07e0e30ff1132c8,69036806466be157ec64477f,keep,0.6897,,,4,146,178,0.8023,,,,-1.2321,-0.3945,-0.5323,-0.1693,-1.6863
692eddda4cbe80983737fe0a,690366b20e94ce070afd1e8a,keep,0.6788,,,0,83,87,0.9651,,,,-0.7042,-1.1261,0.0527,-0.2938,-1.7654
692ea943526b2c3ac5f5b4b1,68bc72d1fcdaacc405e3db53,keep,0.6609,,,1,218,227,0.9602,,,,-1.3512,-1.0609,0.0530,-0.1685,-0.8926
692eae3f3b319da763b71bbb,6846f7cf9cdf020d4a37a294,keep,0.6433,,,8,218,223,0.9459,0.4573,1,0.3591,0.0587,-0.7722,-0.3325,-0.3026,0.4232
692ea943526b2c3ac5f5b4ab,68bc72d1fcdaacc405e3db53,keep,0.6223,,,0,153,155,0.9935,,,,-0.9501,-0.9286,-0.6639,-0.0726,-0.8017
692ea8674e7eab2cafd269b6,69038b590e94ce070afd2952,keep,0.6148,,,0,227,231,0.9870,0.3840,0,0.8063,-1.0950,-0.0677,-0.0338,-0.1094,-0.3707
692eb0b1c609aae267b27a3f,6871d82a1aaf88556f0c6041,keep,0.5970,,,0,101,103,0.9902,0.2805,4,0.7672,-0.1745,-0.7989,-0.0164,0.0000,0.0427
692eac1bad0c9ef057d41dab,6903b590466be157ec64580a,keep,0.5878,,,0,165,167,0.9940,,,,-0.4430,-1.1154,-0.1139,-0.2128,-1.4499
692e9ee6b05428c72fb3746f,68696b41314bde44018fa510,keep,0.5810,,,0,141,143,0.9930,,,,-0.9686,-0.9744,-0.3147,0.0000,-0.8377
692ee61fb07e0e30ff1131e9,6846f7cf9cdf020d4a37a294,keep,0.5732,,,0,162,165,0.9878,0.1730,1,0.0975,-0.3725,-1.3321,-0.0465,-0.7063,0.2405
692ea9c21e78e176ba6cf926,6903bd580e94ce070afd33cd,keep,0.5659,,unsteady_camera,0,141,143,0.9930,,,,-0.4981,-1.5027,1.8575,-0.5342,-2.2836
692ee61eb07e0e30ff1131db,6846f7cf9cdf020d4a37a294,keep,0.5572,,,1,137,139,0.9855,0.3403,2,0.2076,0.9253,-1.2443,0.4424,-0.0568,-1.3119
692ea9bcf169106feb26af19,68bc72d1fcdaacc405e3db53,keep,0.5433,,,0,137,139,0.9928,,,,-0.6182,-0.3701,0.0822,-0.3737,-2.0294
692edcc80ba268eb16564939,69038b590e94ce070afd2952,keep,0.5363,,,0,193,200,0.9698,,,,-0.6186,-0.6356,-0.1636,0.4218,-2.1308
692ea5c7d3d807884d4dd760,68bc72d1fcdaacc405e3db53,keep,0.5321,,,1,99,101,0.9800,,,,-1.4428,-0.0019,0.5255,-0.3737,-1.7095
692e9ee6b05428c72fb37477,68696b41314bde44018fa510,keep,0.5317,,,0,147,149,0.9932,0.2750,4,0.6858,-0.8042,-0.5976,0.5266,0.0000,-0.7382
692ead5f3019385fbbf56854,6846f7cf9cdf020d4a37a294,keep,0.5244,,,0,199,201,0.9950,0.5283,1,0.9371,0.3085,-0.0327,0.3347,-0.7063,-0.0943
692eacf699488ff84776f9f1,6846f7cf9cdf020d4a37a294,keep,0.5220,,,6,191,193,0.9635,0.2789,1,0.9129,-0.3890,-0.3593,-0.1258,-0.2395,-0.2607
692eac992c8fefa9948e8eb5,6903b590466be157ec64580a,keep,0.5165,,,0,198,200,0.9950,,,,-0.4099,-1.0103,-0.4953,-0.0075,-0.9822
692ea7529cebf0ec017ddcca,69036806466be157ec64477f,keep,0.5127,,,38,124,126,0.6880,,,,-0.2815,-1.0082,-0.7623,-0.2609,-0.6307
692ea1c6a0e165ab2e42e441,68696b41314bde44018fa510,keep,0.5111,,,0,191,193,0.9948,,,,-0.0640,-1.2573,-0.4480,0.0000,-1.1480
692edef2fbcce321dca74d38,69036806466be157ec64477f,keep,0.5085,,,2,204,207,0.9806,0.3596,1,0.2970,0.0056,-0.4440,-0.5802,-0.4830,-1.3157
692eae53c621d7f4aac3abd0,6846f7cf9cdf020d4a37a294,keep,0.5040,,,0,141,143,0.9930,,,,-0.1567,-1.1536,-0.7069,-0.7063,-0.1491
692eaa56a0e165ab2e42e4f6,690362600e94ce070afd1d30,keep,0.5037,,,0,148,153,0.9737,,,,-0.2026,-1.0500,-0.3783,-0.3120,-0.9569
692edfb4245e918729006fc6,690362600e94ce070afd1d30,keep,0.5005,,,5,212,214,0.9718,,,,-0.4433,-0.6212,-0.3637,-0.4043,-1.1384
692e972a96d2056439f01685,69036806466be157ec64477f,keep,0.4963,,,81,194,196,0.5795,,,,-0.9644,-0.6500,-0.0777,0.0672,-1.0421
692ef15d45175992cd6a0d14,6871d82a1aaf88556f0c6041,keep,0.4941,,,0,105,107,0.9906,,,,-0.7601,-0.8673,-0.1177,0.0000,-0.9002
692ea33695aad87d3e3445c7,6903686e0e94ce070afd1f24,keep,0.4814,,,0,98,100,0.9899,0.3050,2,0.6066,-0.3690,-0.4022,-0.3097,0.0000,-0.2436
692eab64d3d807884d4dd7db,69070e0b9adc5c8f26f55b5a,keep,0.4760,,,0,97,99,0.9898,,,,-0.4938,-0.3114,-0.5645,0.0000,-1.5597
692f04689ca48e15a25b2b1d,67421681889e906244b520b1,keep,0.4715,,,2,229,231,0.9870,,,,0.1550,-1.2847,-1.4326,0.0000,-0.1735
692ea26aaf371a654ce7fd3f,68696b41314bde44018fa510,keep,0.4705,,,0,179,181,0.9944,0.5588,1,0.7350,0.2526,0.0611,-0.3277,0.0000,-0.3134
692ea269af371a654ce7fd34,68696b41314bde44018fa510,keep,0.4642,,,3,175,177,0.9773,,,,-0.6133,-0.8811,-0.2664,0.0000,-0.7415
692ea0eead0c9ef057d41c94,68bc72d1fcdaacc405e3db53,keep,0.4626,,,4,162,164,0.9693,,,,0.3715,-1.3732,-0.0939,-0.3737,-1.2683
692e9d4939719ab57395b80b,6903bd580e94ce070afd33cd,keep,0.4581,,,0,142,162,0.8820,0.3450,4,0.9992,-0.0301,-0.7727,0.0121,0.7499,0.2102
692ea2d5c7cb0e94dc84bb61,69070e0b9adc5c8f26f55b5a,keep,0.4569,,,0,92,94,0.9892,0.2855,1,0.9988,-0.1223,-0.5629,-0.0673,0.0000,0.3054
692eafb0f169106feb26aff0,690cb8f69adc5c8f26f64201,keep,0.4541,,,4,189,196,0.9487,,,,-0.9343,-0.6795,-0.2837,0.0000,-0.4745
692ea942526b2c3ac5f5b4a2,68bc72d1fcdaacc405e3db53,keep,0.4501,,,0,198,200,0.9950,0.2490,1,0.1810,-0.8139,-0.3677,0.7976,0.3678,-0.6666
692e9e50b8797912ff78a767,6903bd580e94ce070afd33cd,keep,0.4477,,,0,178,180,0.9944,0.1809,2,0.4330,-0.7785,-0.0911,-0.1368,-0.5342,-0.0130
692ea3c0ffdc0ca6345c4257,690366b20e94ce070afd1e8a,keep,0.4446,,,30,166,188,0.7273,,,,-0.9485,-1.2078,-0.2477,-0.2938,0.6639
692eac982c8fefa9948e8eb3,6903b590466be157ec64580a,keep,0.4437,,,0,178,180,0.9944,,,,-0.1693,-0.9387,-0.4390,-0.2128,-0.7926
692e9d45ba0400c70689fdc7,6903bd580e94ce070afd33cd,keep,0.4425,,,0,183,200,0.9196,0.2831,2,0.7833,-0.2268,0.4563,-0.0964,-0.3049,0.3731
692ea16b92a31767e35da260,68bc72d1fcdaacc405e3db53,keep,0.4405,,,56,160,162,0.6460,,,,-0.9949,-0.5255,-0.5231,0.3333,-0.6132
692eac1cad0c9ef057d41db1,6903b590466be157ec64580a,keep,0.4395,,,0,186,191,0.9789,,,,-0.4952,-0.9554,0.1554,-0.2128,-0.8433
692efd0345175992cd6a0e34,690362600e94ce070afd1d30,keep,0.4392,,,0,233,235,0.9957,0.3162,1,0.9687,-0.5593,-0.4040,0.4735,0.7866,-0.5296
692ea9bbf169106feb26af16,68bc72d1fcdaacc405e3db53,keep,0.4390,,,0,140,142,0.9929,,,,0.2941,-1.0330,-0.4304,-0.3737,-1.1608
692eb0d1854d0e0793875cb0,68bc72d1fcdaacc405e3db53,keep,0.4375,,,0,181,183,0.9945,,,,-0.9396,0.1790,-0.6763,-0.1883,-1.0574
692eb12274b24813e759768e,6846f7cf9cdf020d4a37a294,keep,0.4374,,,0,144,146,0.9931,,,,-0.7239,-1.0475,-0.0196,-0.3973,0.0125
692ea5eb68228e362d909043,6903b590466be157ec64580a,keep,0.4373,,,0,144,146,0.9931,,,,-0.2760,-1.0426,-0.2322,0.0690,-0.9197
692eeefcef7557106e6c4c56,68bc72d1fcdaacc405e3db53,keep,0.4358,,,0,185,191,0.9737,,,,-0.6747,-0.5407,-0.2487,-0.3737,-0.6048
692eaa89c7cb0e94dc84bc12,6903bd580e94ce070afd33cd,keep,0.4349,,,0,168,174,0.9711,,,,-0.6801,-0.7903,-0.1736,-0.5342,-0.1306
692ed52e245e918729006f38,690362600e94ce070afd1d30,keep,0.4330,,,0,175,177,0.9943,0.2338,3,0.9843,-0.4565,-0.6385,-0.3811,-0.2828,0.3617
692ed530245e918729006f48,690362600e94ce070afd1d30,keep,0.4329,,,0,148,151,0.9867,,,,-0.1085,-0.6368,-0.6575,-0.6342,-0.6207
692eaa5d7641010d04354705,69070e0b9adc5c8f26f55b5a,keep,0.4296,,,2,131,133,0.9773,,,,-0.3563,-0.1192,-0.3286,0.0000,-1.9650
692ed685952b26f4cc71a447,690366b20e94ce070afd1e8a,keep,0.4294,,,13,201,211,0.8952,,,,-0.6532,-0.7924,-0.0375,-0.2938,-0.5062
692eafb6dbc4294a49cc7327,69070e0b9adc5c8f26f55b5a,keep,0.4290,,,0,98,100,0.9899,,,,-0.1477,-0.4531,-0.0769,0.0000,-2.0247
692ed8783f0f0a8706d6b96e,670be6761e62a52f6a35360d,keep,0.4274,,,0,222,224,0.9955,,,,0.0452,-0.8378,-0.8020,0.1984,-1.1991
692e9d4739719ab57395b7fc,6903bd580e94ce070afd33cd,keep,0.4267,,,0,147,149,0.9932,,,,-0.4380,-0.8048,-0.2218,-0.5342,-0.3666
692eae803019385fbbf56869,690366b20e94ce070afd1e8a,keep,0.4263,,,26,188,190,0.8571,0.2515,3,0.0934,-0.6968,-0.2649,-0.1199,-0.2938,0.1559
692e9b37b77ab81b8b41ed23,6903bd580e94ce070afd33cd,keep,0.4231,,,0,157,172,0.9181,,,,-0.6810,-0.7679,-0.1522,-0.5342,-0.1024
692eacf799488ff84776f9fb,6846f7cf9cdf020d4a37a294,keep,0.4222,,,0,168,170,0.9941,,,,-0.6457,-0.6084,-0.8229,0.7413,-0.9928
692e9b36b77ab81b8b41ed1f,6903bd580e94ce070afd33cd,keep,0.4187,,,0,132,134,0.9925,,,,-0.5657,-0.6940,-0.2311,-0.1910,-0.6196
692e9b6868228e362d908f1e,6903bd580e94ce070afd33cd,keep,0.4184,,,0,163,165,0.9939,,,,-0.9090,-0.3787,-0.0247,-0.5342,-0.4385
692ea25bf169106feb26ae09,6871e269bc1991b1a1e463ba,keep,0.4164,,,0,200,202,0.9950,,,,-0.4018,-0.8248,-0.8534,0.6091,-0.8310
692eb12174b24813e759768a,6846f7cf9cdf020d4a37a294,keep,0.4143,,,2,176,178,0.9831,0.4705,2,0.3777,0.6546,-1.2189,0.1753,0.6178,0.2174
692eb12997ffd8ec903402ab,6846f7cf9cdf020d4a37a294,keep,0.4113,,,11,171,173,0.9302,,,,-0.1923,-1.4291,-0.0203,-0.4458,0.0192
692ead1affdc0ca6345c4352,6846f7cf9cdf020d4a37a294,keep,0.4105,,,0,193,195,0.9948,,,,-1.1543,-0.6163,0.1664,-0.0133,-0.3706
692ea02f424dbf22e75ecfcb,6903bd580e94ce070afd33cd,keep,0.4040,,,0,149,155,0.9675,0.2110,1,0.9809,0.3067,-0.9476,-0.1780,0.8083,-0.3095
692ea8a096d2056439f0188e,6903b590466be157ec64580a,keep,0.4019,,,23,172,178,0.8418,,,,-0.1599,-1.1256,-0.3896,-0.2128,-0.2824
692eaa5f7641010d04354714,69070e0b9adc5c8f26f55b5a,keep,0.3990,,,2,98,100,0.9697,0.1943,1,0.9650,-0.5398,-0.2992,-0.5419,0.0000,0.5084
692ea943526b2c3ac5f5b4a5,68bc72d1fcdaacc405e3db53,keep,0.3942,,,0,188,190,0.9947,,,,-0.5061,-0.4489,-0.2857,0.0501,-1.0914
692e9ea5a0e165ab2e42e3dc,6903bd580e94ce070afd33cd,keep,0.3936,,,0,178,180,0.9944,0.2632,2,0.5756,0.3117,-0.4350,0.0880,0.5532,-0.1838
692eb0a41e78e176ba6cf9ce,6846f7cf9cdf020d4a37a294,keep,0.3934,,unsteady_camera,0,180,193,0.9375,0.4689,3,0.9875,-0.2574,-0.4444,1.0710,0.3345,-0.6910
692eac7274b24813e759760a,68bc72d1fcdaacc405e3db53,keep,0.3933,,,0,125,127,0.9921,,,,0.0718,-1.2065,-0.2875,-0.0057,-0.7576
692eac992c8fefa9948e8ebc,6903b590466be157ec64580a,keep,0.3901,,,0,182,184,0.9945,,,,-0.0426,-0.9382,-0.1594,-0.2128,-0.8868
692e94ffaf371a654ce7fbee,6871e269bc1991b1a1e463ba,keep,0.3890,,,0,227,229,0.9956,,,,-0.5681,-0.6935,-0.8224,0.0000,-0.0080
692ea8004e7eab2cafd2699d,690366b20e94ce070afd1e8a,keep,0.3886,,,4,171,174,0.9653,,,,-1.3029,0.2165,-0.5767,-0.2938,-0.2204
692ea7539cebf0ec017ddcdb,69036806466be157ec64477f,keep,0.3876,,,43,122,124,0.6423,,,,-0.8798,-0.4963,0.3016,-0.2649,-0.6858
692ead19ffdc0ca6345c434b,6846f7cf9cdf020d4a37a294,keep,0.3876,,,9,169,171,0.9412,,,,-0.9596,-0.3323,-0.0044,-0.7063,-0.0645
692e9b6668228e362d908f12,6903bd580e94ce070afd33cd,keep,0.3870,,,0,126,131,0.9692,,,,-0.3140,-1.2106,-0.0718,0.2610,-0.6111
692ef3f44215b056bf36e890,6846f7cf9cdf020d4a37a294,keep,0.3859,,,16,141,153,0.8224,,,,-0.9738,-1.2468,0.1525,-0.3777,0.8548
692eaa0d424dbf22e75ed0c6,6846f7cf9cdf020d4a37a294,keep,0.3858,,,0,191,193,0.9948,0.0492,3,0.9100,-0.7105,0.1466,-0.1755,-0.4729,-0.5257
692eab0bb0d3d3c9d2606a6c,68bc72d1fcdaacc405e3db53,keep,0.3853,,,0,162,174,0.9364,,,,-0.8295,-0.4381,-0.4170,0.1623,-0.5413
692eaa76dfa4113987776a57,6871e269bc1991b1a1e463ba,keep,0.3847,,hesitant,0,208,210,0.9952,,,,-0.2942,-1.2737,-0.6586,1.1012,-0.7834
692eaa76dfa4113987776a58,6871e269bc1991b1a1e463ba,keep,0.3846,,,0,214,216,0.9953,,,,-0.4280,-1.2091,-0.5571,0.0000,0.3204
692eb04f3019385fbbf56883,69070e0b9adc5c8f26f55b5a,keep,0.3804,,,0,112,114,0.9912,,,,-0.7082,-1.0551,0.3010,0.0000,-0.3186
692ea9baf169106feb26af0a,68bc72d1fcdaacc405e3db53,keep,0.3794,,,0,145,147,0.9932,,,,-0.1024,-1.0235,-0.3316,0.4059,-1.0415
692ea4e492a31767e35da2f6,690366b20e94ce070afd1e8a,keep,0.3792,,,7,175,179,0.9438,0.3787,1,0.9474,-0.8752,0.0684,-0.3335,0.1249,-0.1346
692e99e7ba0400c70689fd44,68696b41314bde44018fa510,keep,0.3784,,,0,167,169,0.9940,,,,-1.0575,-0.3270,0.4203,0.0000,-0.9926
692eb1eed52427f961fa1678,69070e0b9adc5c8f26f55b5a,keep,0.3733,,,0,97,105,0.9327,,,,-0.6950,-1.0971,0.0425,0.0000,0.0330
692eaaa7dbc4294a49cc72cc,69070e0b9adc5c8f26f55b5a,keep,0.3708,,,0,102,104,0.9903,,,,-0.3066,-1.1714,-0.2505,0.0000,-0.1279
692e9a34ba0400c70689fd71,68696b41314bde44018fa510,keep,0.3705,,,0,179,181,0.9944,,,,-0.6597,-0.2031,-0.2632,0.0000,-1.0359
692eac0992a31767e35da39f,6846f7cf9cdf020d4a37a294,keep,0.3685,,,0,203,216,0.9442,,,,-0.5771,-0.8354,0.5103,-0.7063,-0.2648
692ede44952b26f4cc71a4a7,670be6761e62a52f6a35360d,keep,0.3652,,,0,332,334,0.9970,,,,-0.4126,-0.5993,-0.4898,-0.1339,-0.4150
692eab4268bf0a1f46230591,6904b8d0466be157ec648ef1,keep,0.3628,,,0,162,170,0.9586,,,,-0.5742,-0.8403,-0.1430,0.3361,-0.6107
692ea7fe4e7eab2cafd26990,690366b20e94ce070afd1e8a,keep,0.3621,,,34,162,164,0.7853,,,,-0.0759,-0.9133,-0.3090,0.1216,-0.8635
692f05f4b07e0e30ff11333e,670be6761e62a52f6a35360d,keep,0.3621,,,0,310,318,0.9779,,,,0.1192,-0.8338,-0.9073,-0.8019,0.2466
692ea02099488ff84776f8b3,6903a36c466be157ec64562d,keep,0.3611,,,0,233,235,0.9957,,,,-0.3910,-0.3350,-1.0092,-0.0830,-0.3462
692eaa8ac7cb0e94dc84bc1a,6903bd580e94ce070afd33cd,keep,0.3611,,,0,127,156,0.8194,,,,-0.6982,-0.7082,-0.2340,-0.5342,0.3503
692ea33595aad87d3e3445bf,6903686e0e94ce070afd1f24,keep,0.3575,,,6,103,105,0.9327,,,,-0.7309,-0.3210,-0.0825,0.0000,-0.8423
692eaea740338017b7f999fa,6903686e0e94ce070afd1f24,keep,0.3570,,,3,95,97,0.9583,0.2212,2,0.0096,-0.5103,-0.1744,0.1670,0.0000,0.4098
692eac1bad0c9ef057d41daf,6903b590466be157ec64580a,keep,0.3554,,,1,201,203,0.9901,,,,-0.5197,-0.8401,-0.2935,-0.2128,0.0582
692eaf87526b2c3ac5f5b4f8,6903bd580e94ce070afd33cd,keep,0.3553,,,0,214,216,0.9953,,,,-1.0524,0.3195,0.0479,-0.2938,-1.1419
692ea772b77ab81b8b41ee7f,6846f7cf9cdf020d4a37a294,keep,0.3532,,,0,177,183,0.9725,,,,-0.6508,-0.7201,-0.3254,-0.4318,0.3410
692eaa8ac7cb0e94dc84bc1d,6903bd580e94ce070afd33cd,keep,0.3527,,,0,130,158,0.8280,0.1662,2,0.8851,-0.2692,-0.7837,-0.1595,0.1242,0.3240
692eaa55a0e165ab2e42e4f4,690362600e94ce070afd1d30,keep,0.3527,,,0,181,187,0.9731,,,,-0.2810,-0.2430,-0.5285,-0.6342,-0.5198
692e9b36b77ab81b8b41ed1e,6903bd580e94ce070afd33cd,keep,0.3524,,,0,156,162,0.9689,,,,-0.2086,-0.9949,-0.0855,-0.5342,-0.0417
692eb1eed52427f961fa1677,69070e0b9adc5c8f26f55b5a,keep,0.3502,,,0,124,126,0.9920,0.2310,1,0.7633,-0.2597,0.5247,-0.5866,0.0000,0.2768
692eaa172fa9ba56c08f81b6,69150bf42756853dcad943f2,keep,0.3487,,,5,117,119,0.9492,,,,-0.6545,-0.2038,-0.1995,0.0000,-0.9542
692eae403b319da763b71bc3,6846f7cf9cdf020d4a37a294,keep,0.3486,,,0,193,209,0.9279,,,,-0.6345,-1.2476,-0.2462,-0.0599,0.6893
692f05bbfbcce321dca7501f,670be6761e62a52f6a35360d,keep,0.3464,,,0,361,380,0.9525,0.3443,4,0.7447,-0.2880,0.1602,-0.4675,-0.2150,0.0605
692ee61fb07e0e30ff1131e7,6846f7cf9cdf020d4a37a294,keep,0.3453,,,1,178,180,0.9888,0.5380,1,0.0896,0.4822,-0.3582,-0.2345,-0.7063,0.3988
692e99e8ba0400c70689fd4f,68696b41314bde44018fa510,keep,0.3446,,,2,200,202,0.9851,,,,-0.6948,-0.7842,-0.3758,0.0000,0.1817
692eae54c621d7f4aac3abda,6846f7cf9cdf020d4a37a294,keep,0.3440,,,6,161,166,0.9394,,,,-0.5620,-0.9905,-0.0571,-0.4347,0.4127
692eabd3d52427f961fa15e2,6903686e0e94ce070afd1f24,keep,0.3419,,,7,120,123,0.9262,0.2311,2,0.3894,-0.0095,0.3151,-0.1435,0.0000,-0.5616
692ea26baf371a654ce7fd40,68696b41314bde44018fa510,keep,0.3418,,hesitant,0,171,173,0.9942,0.7004,4,0.4046,-0.4709,-0.4873,-0.0233,2.0000,-1.1468
692e9e50b8797912ff78a75e,6903bd580e94ce070afd33cd,keep,0.3414,,,0,135,156,0.8710,,,,-0.3847,-0.8233,-0.3073,0.0547,-0.3254
692e9fb79cebf0ec017ddc11,68bc72d1fcdaacc405e3db53,keep,0.3404,,,9,104,109,0.8796,,,,-0.0327,-0.7525,0.1985,0.6802,-2.0833
692e9ee6b05428c72fb3746d,68696b41314bde44018fa510,keep,0.3392,,,0,141,143,0.9930,,,,-0.2769,-0.6550,-0.3128,0.0000,-0.6638
692e9a5a2fa9ba56c08f8055,6903686e0e94ce070afd1f24,keep,0.3388,,,0,92,94,0.9892,0.2541,2,0.3891,0.3112,-0.1682,0.2316,0.0000,-0.6605
692ea1c4a0e165ab2e42e42f,68696b41314bde44018fa510,keep,0.3367,,,0,151,153,0.9934,,,,-0.7510,-0.8011,0.7488,0.0000,-0.7777
692efd3bef7557106e6c4dc8,6904b8d0466be157ec648ef1,keep,0.3348,,unsteady_camera,0,191,193,0.9948,,,,-0.4014,-0.8229,1.5662,0.0000,-2.0734
692eb0fc4e7eab2cafd26a6b,690364170e94ce070afd1da5,keep,0.3327,,,0,219,223,0.9865,,,,-0.6586,0.0553,-0.0691,0.6444,-1.9994
692ea8a096d2056439f01891,6903b590466be157ec64580a,keep,0.3308,,,0,186,188,0.9947,,,,0.0697,-1.0489,-0.4603,-0.2128,-0.1737
692e9fa192a31767e35da22f,69150bf42756853dcad943f2,keep,0.3296,,,0,137,151,0.9133,0.2862,2,0.7030,0.3916,-0.3646,0.2708,0.0000,-0.1415
692e9a32ba0400c70689fd60,68696b41314bde44018fa510,keep,0.3282,,,0,172,174,0.9942,0.4400,4,0.6398,0.4509,0.1334,-0.3353,0.0000,0.0936
692eac0839719ab57395b96e,6903b590466be157ec64580a,keep,0.3270,,,0,221,223,0.9955,0.4126,1,0.8969,-0.4742,0.6641,0.1788,0.3393,-0.4678
692ea8a096d2056439f01889,6903b590466be157ec64580a,keep,0.3246,,,0,199,201,0.9950,,,,-0.3316,-0.8054,-0.1606,-0.2128,-0.1931
692eacf799488ff84776f9fd,6846f7cf9cdf020d4a37a294,keep,0.3213,,,0,174,177,0.9886,,,,-0.4194,-1.2625,-0.0187,0.1160,0.1764
692eaa89c7cb0e94dc84bc10,6903bd580e94ce070afd33cd,keep,0.3202,,,0,142,158,0.9045,,,,-0.4089,-1.0634,-0.1420,0.0472,0.0617
692ea4e492a31767e35da2f8,690366b20e94ce070afd1e8a,keep,0.3197,,hesitant,8,190,201,0.9100,0.4027,1,0.8362,-1.0569,0.0984,0.5174,1.1286,0.0161
692eaa10424dbf22e75ed0db,6846f7cf9cdf020d4a37a294,keep,0.3192,,hesitant,2,184,187,0.9785,0.4511,1,0.7437,0.1014,-0.2403,0.2367,1.3042,0.0388
692eaef496d2056439f01954,690366b20e94ce070afd1e8a,keep,0.3170,,poor_image,0,88,91,0.9778,,,,1.2879,-1.2788,0.0696,-0.2938,-2.0088
692eafeddfa4113987776aaa,690362600e94ce070afd1d30,keep,0.3167,,,0,141,160,0.8868,,,,0.3318,-0.9812,-0.2621,-0.2452,-0.7359
692ea6d199488ff84776f950,69070e0b9adc5c8f26f55b5a,keep,0.3159,,,0,115,117,0.9914,,,,-0.6553,-0.4286,-0.2112,0.0000,-0.3745
692ea7539cebf0ec017ddcd1,69036806466be157ec64477f,keep,0.3159,,poor_image,0,231,233,0.9957,0.5540,1,0.0307,1.0630,-0.2813,0.2160,-0.4830,-0.8004
692ea33095aad87d3e3445a2,6903686e0e94ce070afd1f24,keep,0.3155,,,0,115,117,0.9914,0.2717,1,0.8623,0.0621,-0.2108,-0.4191,0.8001,0.5091
692e9b2baf371a654ce7fc83,6903bd580e94ce070afd33cd,keep,0.3153,,,0,144,146,0.9931,,,,-0.2445,-0.8543,-0.2338,-0.2194,-0.1057
692e9d45ba0400c70689fdc5,6903bd580e94ce070afd33cd,keep,0.3153,,,0,173,180,0.9665,,,,-0.7246,-0.2834,-0.1472,-0.5342,-0.0139
692e994e74b24813e7597421,69150bf42756853dcad943f2,keep,0.3153,,,0,100,102,0.9901,,,,-0.0544,-1.0077,0.7722,0.0000,-1.3861
692ea486c609aae267b278e7,68bc72d1fcdaacc405e3db53,keep,0.3146,,,0,126,128,0.9921,,,,-0.0719,-0.3212,-0.2493,-0.3737,-0.9899
692eb12174b24813e759768c,6846f7cf9cdf020d4a37a294,keep,0.3140,,,0,196,198,0.9949,,,,-0.5901,-0.8131,-0.2302,0.2037,-0.0663
692eb12897ffd8ec9034029d,6846f7cf9cdf020d4a37a294,keep,0.3138,,,0,178,189,0.9468,,,,-0.4551,-0.5939,-0.3850,-0.7063,0.4680
692ea6d099488ff84776f948,69070e0b9adc5c8f26f55b5a,keep,0.3137,,,5,100,102,0.9406,,,,-0.2996,-0.5554,-0.6786,0.0000,-0.2348
692eafefdfa4113987776ac0,690362600e94ce070afd1d30,keep,0.3132,,,0,220,227,0.9735,,,,-0.4692,-0.2935,-0.5464,-0.4175,-0.0845
692eaaa7dbc4294a49cc72cf,69070e0b9adc5c8f26f55b5a,keep,0.3130,,,0,103,105,0.9904,,,,-0.3716,-0.1352,0.2794,0.0000,-1.7102
692ef1f8245e918729007114,6846f7cf9cdf020d4a37a294,keep,0.3130,,,0,171,173,0.9942,,,,-0.0835,0.0657,-0.3699,-0.7063,-1.0880
692e99e8ba0400c70689fd51,68696b41314bde44018fa510,keep,0.3126,,,0,227,229,0.9956,,,,-0.4995,-1.0196,-0.1437,0.0000,0.2341
692e9829ea43f09edf26f450,6871e269bc1991b1a1e463ba,keep,0.3114,,,0,177,179,0.9944,,,,-0.0925,-1.1523,-0.2485,0.9491,-1.0136
692ea4d43b319da763b71abc,69150bf42756853dcad943f2,keep,0.3100,,,0,146,150,0.9799,0.3787,4,0.9823,0.5161,-0.6108,-0.0088,0.0000,0.1917
692ea4da74b24813e7597559,690cb8f69adc5c8f26f64201,keep,0.3086,,,5,198,206,0.9415,,,,-0.7454,-0.6206,-0.2131,0.0000,0.1019
692ee61db07e0e30ff1131d6,6846f7cf9cdf020d4a37a294,keep,0.3083,,,0,170,172,0.9942,,,,-0.1753,-0.8061,-0.3433,-0.4142,0.0717
692f04679ca48e15a25b2b11,67421681889e906244b520b1,keep,0.3082,,,0,205,207,0.9951,,,,-0.2830,-0.0155,-0.3845,0.0000,-1.3250
692eac1dad0c9ef057d41db6,6903b590466be157ec64580a,keep,0.3081,,,0,164,190,0.8677,,,,0.0843,-1.3251,-0.6909,-0.2128,0.6085
692ef15e45175992cd6a0d17,6871d82a1aaf88556f0c6041,keep,0.3075,,,0,98,100,0.9899,,,,-0.1799,-0.5922,-0.5881,0.0000,-0.4061
692eabe04e86f0c01a2072c1,6846f7cf9cdf020d4a37a294,keep,0.3064,,unsteady_camera,2,100,102,0.9703,0.0550,2,0.5850,0.0440,-1.0812,1.9588,-0.7063,-1.9695
692eab4368bf0a1f46230599,6904b8d0466be157ec648ef1,keep,0.3046,,,0,167,172,0.9766,,,,-0.9026,-0.1462,-0.0273,0.4486,-0.9800
692ef187fbcce321dca74eb1,690cb8f69adc5c8f26f64201,keep,0.3043,,,3,177,179,0.9775,,,,-1.3061,-0.5035,0.5966,0.0000,-0.0120
692eb12997ffd8ec903402a9,6846f7cf9cdf020d4a37a294,keep,0.3041,,,0,172,174,0.9942,,,,-0.6958,-0.6542,-0.4124,0.1303,0.1786
692ea7539cebf0ec017ddcd8,69036806466be157ec64477f,keep,0.3024,,,1,211,213,0.9906,,,,0.1720,-0.6285,-0.2737,-0.2300,-0.9286
692eb0d2854d0e0793875cc0,68bc72d1fcdaacc405e3db53,keep,0.3015,,,0,188,190,0.9947,,,,0.1100,0.1576,-0.5475,-0.1952,-1.7690
692eaa01aec602a46af1061d,6871d82a1aaf88556f0c6041,keep,0.3012,,,0,93,95,0.9894,,,,-0.3602,-0.9998,-0.6921,0.0000,0.6233
692ed8783f0f0a8706d6b96a,670be6761e62a52f6a35360d,keep,0.3008,,,0,217,219,0.9954,,,,0.6773,-0.6697,-0.2916,-0.4637,-1.3615
692e9b3a68bf0a1f4623044f,6871e269bc1991b1a1e463ba,keep,0.2991,,,0,173,175,0.9943,,,,0.1063,-0.8034,-0.5778,0.0000,-0.4700
692ed684952b26f4cc71a441,690366b20e94ce070afd1e8a,keep,0.2980,,,10,178,190,0.8889,,,,-0.9185,-0.4683,-0.1746,0.0645,0.1047
692ea4e292a31767e35da2ea,690366b20e94ce070afd1e8a,keep,0.2980,,,0,182,191,0.9579,,,,-0.7123,-0.7405,-0.2736,0.4190,-0.0518
692eaa836974927fef249cfc,6903b590466be157ec64580a,keep,0.2975,,,0,162,164,0.9939,,,,-0.4166,-0.0532,0.0423,-0.2128,-1.2070
692eb2feea43f09edf26f67d,6871d82a1aaf88556f0c6041,keep,0.2962,,,0,94,96,0.9895,,,,-0.1224,-0.6044,-0.4417,0.0000,-0.5413
692ea8fb727c13b350cb7cc4,6903bd580e94ce070afd33cd,keep,0.2960,,,0,147,174,0.8497,0.5074,1,0.9844,0.3110,-0.6343,-0.0782,-0.5342,0.4153
692ea2d3c7cb0e94dc84bb49,69070e0b9adc5c8f26f55b5a,keep,0.2956,,,0,97,99,0.9898,,,,-0.3114,-0.4972,0.0008,0.0000,-0.8572
692eae3f3b319da763b71bb9,6846f7cf9cdf020d4a37a294,keep,0.2956,,,1,202,205,0.9853,,,,-0.7818,-0.5987,-0.1050,-0.2418,0.3481
692eaa59a0e165ab2e42e514,690362600e94ce070afd1d30,keep,0.2947,,,0,154,170,0.9112,,,,0.1033,-0.8600,-0.0939,-0.6342,-0.2000
692eeefdef7557106e6c4c5b,68bc72d1fcdaacc405e3db53,keep,0.2946,,,67,153,158,0.5478,,,,-0.8076,-0.9770,-0.4179,0.8075,0.2253
692ea4e392a31767e35da2f2,690366b20e94ce070afd1e8a,keep,0.2944,,,2,179,183,0.9725,,,,-0.4090,-0.8021,-0.1814,0.1157,-0.1785
692ea25cd52427f961fa14e8,6871e269bc1991b1a1e463ba,keep,0.2942,,,2,190,192,0.9843,0.4273,1,0.0736,-0.2623,-0.6700,-0.7748,0.0000,0.2556
692ea772b77ab81b8b41ee85,6846f7cf9cdf020d4a37a294,keep,0.2941,,,2,158,166,0.9455,,,,-0.4442,-0.8998,0.3361,-0.4036,0.0251
692eaa0e424dbf22e75ed0ce,6846f7cf9cdf020d4a37a294,keep,0.2940,,,0,195,197,0.9949,,,,-0.3923,-0.8284,-0.3830,0.2345,-0.0783
692eddd94cbe80983737fdf9,690366b20e94ce070afd1e8a,keep,0.2933,,,0,121,123,0.9918,,,,0.3889,-0.9405,-0.1406,-0.2938,-0.7912
692eaa57a0e165ab2e42e502,690362600e94ce070afd1d30,keep,0.2920,,,0,197,199,0.9949,,,,-0.5197,-0.9135,-0.3681,-0.1395,0.6132
692eeeb20ba268eb16564a9d,69150bf42756853dcad943f2,keep,0.2918,,,28,100,103,0.7059,,,,-0.1212,-1.0186,0.7698,0.0000,-1.1029
692e9fc05aae241ad236ecc4,690362600e94ce070afd1d30,keep,0.2918,,,0,217,219,0.9954,,,,0.0887,-0.5995,-0.1856,-0.3505,-0.7402
692eaee539719ab57395b98d,6903bd580e94ce070afd33cd,keep,0.2914,,,20,120,122,0.8264,,,,-0.3922,-0.6373,0.1259,-0.5342,-0.0873
692ea4aec609aae267b27905,68696b41314bde44018fa510,keep,0.2913,,,0,156,158,0.9936,,,,-0.4116,-0.4566,-0.1274,0.0000,-0.6094
692eb300ea43f09edf26f687,6871d82a1aaf88556f0c6041,keep,0.2909,,,0,93,95,0.9894,,,,0.1486,-0.7699,0.0460,0.0000,-1.1505
692ea95dc609aae267b27982,690364170e94ce070afd1da5,keep,0.2906,,,32,236,238,0.8608,,,,-0.1963,-0.7590,-0.2791,-0.0095,-0.3129
692eae53c621d7f4aac3abd1,6846f7cf9cdf020d4a37a294,keep,0.2904,,,0,172,174,0.9942,,,,-0.1937,-1.0224,0.2623,-0.7063,0.2357
692e9fa392a31767e35da23b,69150bf42756853dcad943f2,keep,0.2900,,,2,109,122,0.8843,,,,-0.2666,-1.0175,-0.3243,0.7278,-0.5074
692ea697ad0c9ef057d41d08,68bc72d1fcdaacc405e3db53,keep,0.2874,,,6,154,156,0.9548,,,,-0.0844,-0.2531,-0.4167,-0.1561,-0.9326
692ea95ec609aae267b2798e,690364170e94ce070afd1da5,keep,0.2872,,,5,201,203,0.9703,,,,0.5444,-1.0392,-0.4158,-0.7673,-0.0847
692eb0d2854d0e0793875cb6,68bc72d1fcdaacc405e3db53,keep,0.2868,,,0,136,138,0.9927,,,,-0.2665,-0.2214,-0.1076,-0.3737,-0.7942
692ea53baec602a46af1057d,69036806466be157ec64477f,keep,0.2867,,,74,184,194,0.5699,0.3613,2,0.0941,-0.6304,-0.0078,-0.0894,0.0874,0.2527
692ef771fbcce321dca74f18,69150bf42756853dcad943f2,keep,0.2849,,,15,106,118,0.7778,,,,-0.2427,-0.7832,-0.1968,0.0000,-0.2586
692ea26aaf371a654ce7fd3e,68696b41314bde44018fa510,keep,0.2847,,,0,165,170,0.9763,,,,-1.1621,0.1293,0.0923,0.0000,-0.5357
692eab66d3d807884d4dd7e8,69070e0b9adc5c8f26f55b5a,keep,0.2844,,,0,111,117,0.9569,0.1762,2,0.7863,-0.0517,0.1548,-0.5281,0.0000,-0.2726
692ea66fdbc4294a49cc726f,6871e269bc1991b1a1e463ba,keep,0.2842,,,0,211,213,0.9953,0.4192,3,0.4111,-0.2726,0.1926,0.1912,0.5775,0.0864
692eac17aec602a46af10640,69150bf42756853dcad943f2,keep,0.2839,,,0,137,139,0.9928,,,,-0.4506,-0.3162,-0.0138,0.0000,-0.8233
692ed52f245e918729006f3c,690362600e94ce070afd1d30,keep,0.2839,,,0,198,200,0.9950,,,,-0.4228,-0.2694,-0.4214,-0.0773,-0.4503
692ea268af371a654ce7fd2d,68696b41314bde44018fa510,keep,0.2824,,,0,151,153,0.9934,,,,0.1468,-1.3614,0.0563,0.0000,-0.2113
692eac982c8fefa9948e8eb2,6903b590466be157ec64580a,keep,0.2809,,,0,191,193,0.9948,,,,-0.1427,-0.4689,-0.6200,0.1646,-0.5933
692ea167e2322e3b092b5def,6871d82a1aaf88556f0c6041,keep,0.2807,,,0,104,106,0.9905,,,,-0.4099,-1.0568,0.1381,0.0000,0.0974
692ea2f8854d0e0793875b41,69070e0b9adc5c8f26f55b5a,keep,0.2802,,,3,102,104,0.9612,,,,-0.5953,-0.5511,-0.3823,0.0000,0.1406
692ea25bf169106feb26ae0a,6871e269bc1991b1a1e463ba,keep,0.2789,,,0,154,156,0.9935,,,,-0.3919,-0.7202,0.2516,0.0000,-0.5357
692ef515f59fd218b1be00d8,69150bf42756853dcad943f2,keep,0.2787,,,0,182,185,0.9891,,,,-0.7279,0.1004,-0.3074,0.0000,-0.7021
692ea298727c13b350cb7c28,69150bf42756853dcad943f2,keep,0.2783,,,0,193,195,0.9948,,,,-0.2474,-0.1622,-0.2503,0.0000,-1.0836
692ea2305cd6df8b6023c9a3,6871e269bc1991b1a1e463ba,keep,0.2778,,,0,170,172,0.9942,,,,-0.1378,-0.1846,-0.7645,0.0000,-0.6967
692e94935aae241ad236eb98,68696b41314bde44018fa510,keep,0.2778,,,0,188,190,0.9947,,,,-0.5700,-0.2337,-0.2444,0.0000,-0.4944
692eabd4c621d7f4aac3aba6,68bc72d1fcdaacc405e3db53,keep,0.2774,,,0,172,187,0.9247,,,,0.0266,-0.4910,-0.4208,-0.3737,-0.4509
692eae53c621d7f4aac3abcb,6846f7cf9cdf020d4a37a294,keep,0.2771,,,0,174,181,0.9667,,,,-0.5401,-0.5867,-0.1847,-0.1512,0.0865
692eac1dad0c9ef057d41db2,6903b590466be157ec64580a,keep,0.2766,,,0,159,161,0.9938,,,,-0.0342,-0.7002,-0.2660,-0.2128,-0.3559
692eab3ae2322e3b092b5f48,6903bd580e94ce070afd33cd,keep,0.2744,,,5,184,195,0.9227,,,,-0.3744,0.3179,0.0324,-0.5342,-1.3340
692ea164e2322e3b092b5dda,6871d82a1aaf88556f0c6041,keep,0.2742,,,0,93,95,0.9894,,,,0.1419,-1.3818,-0.1450,0.0000,0.0855
692ef7cb0ba268eb16564b2d,68bdae5d259c8771eea61c1b,keep,0.2735,,,27,203,211,0.8381,,,,-0.2047,-0.5580,-0.5615,-0.2248,0.0155
692e9f8f40338017b7f998a6,6871e269bc1991b1a1e463ba,keep,0.2731,,,0,205,211,0.9762,,,,-0.3135,-0.9731,-0.4941,0.5129,-0.0009
692e9ab8d3d807884d4dd613,69150bf42756853dcad943f2,keep,0.2730,,,1,94,96,0.9789,,,,0.0677,-0.0896,0.0269,0.0000,-1.9049
692e9ee6b05428c72fb3747e,68696b41314bde44018fa510,keep,0.2727,,,0,150,152,0.9934,,,,-0.7624,-0.2263,-0.4190,0.0000,-0.0070
692eac0792a31767e35da393,6846f7cf9cdf020d4a37a294,keep,0.2725,,,0,217,219,0.9954,,,,-0.7898,-0.0661,0.0357,-0.4772,-0.1821
692ea3beffdc0ca6345c4245,690366b20e94ce070afd1e8a,keep,0.2723,,,30,164,178,0.7571,,,,-0.5202,-0.9699,-0.2426,0.0888,0.4831
692ea030424dbf22e75ecfd1,6903bd580e94ce070afd33cd,keep,0.2719,,,0,131,134,0.9850,,,,-0.1937,-0.5079,-0.0716,-0.5342,-0.2449
692eab4368bf0a1f46230598,6904b8d0466be157ec648ef1,keep,0.2718,,,2,165,167,0.9819,,,,-0.9983,-0.0935,-0.2168,0.2310,-0.2789
692e9b2aaf371a654ce7fc81,6903bd580e94ce070afd33cd,keep,0.2711,,,2,139,157,0.8782,,,,-0.5949,-0.3813,-0.1968,-0.5342,0.2976
692ea16a92a31767e35da25c,68bc72d1fcdaacc405e3db53,keep,0.2711,,,0,107,109,0.9907,,,,-0.3448,-0.2291,0.5330,-0.3737,-1.1960
692e9b6768228e362d908f16,6903bd580e94ce070afd33cd,keep,0.2697,,,0,124,139,0.8986,,,,-0.6075,-0.3252,-0.0159,-0.2035,-0.2694
692eb0afc609aae267b27a2a,6871d82a1aaf88556f0c6041,keep,0.2691,,,0,110,112,0.9910,0.2560,1,0.8439,-0.1586,-0.7531,-0.2438,0.0000,0.1174
692eacf799488ff84776f9f9,6846f7cf9cdf020d4a37a294,keep,0.2691,,,0,176,178,0.9944,,,,0.1017,0.0225,-0.4770,-0.4531,-1.1397
692ea771b77ab81b8b41ee7b,6846f7cf9cdf020d4a37a294,keep,0.2679,,,0,205,220,0.9361,,,,-0.6162,-1.0545,0.3766,-0.2971,0.5509
692e9d3fa0e165ab2e42e3ce,6903686e0e94ce070afd1f24,keep,0.2674,,hesitant+incomplete,3,84,115,0.7105,0.3181,2,0.0332,-0.5795,-0.7692,-0.0603,1.3559,1.3459
692ea695727c13b350cb7c8a,69070e0b9adc5c8f26f55b5a,keep,0.2672,,,0,134,136,0.9926,,,,-0.3620,-0.6783,0.2004,0.0000,-0.5102
692eae54c621d7f4aac3abd5,6846f7cf9cdf020d4a37a294,keep,0.2664,,,0,180,184,0.9836,,,,-0.2589,-0.7248,-0.2523,-0.4333,0.2964
692e9e50b8797912ff78a760,6903bd580e94ce070afd33cd,keep,0.2660,,hesitant,0,130,166,0.7879,0.1749,3,0.9872,-0.6453,-0.9330,-0.3088,1.3086,0.3396
692ea9bbf169106feb26af17,68bc72d1fcdaacc405e3db53,keep,0.2660,,,0,196,198,0.9949,,,,-0.3129,-0.4991,-0.1550,-0.3737,-0.1154
692ea4e592a31767e35da302,690366b20e94ce070afd1e8a,keep,0.2634,,,3,170,181,0.9278,,,,-0.1610,-0.7194,-0.1502,-0.2938,-0.0795
692e9e50b8797912ff78a762,6903bd580e94ce070afd33cd,keep,0.2627,,,0,191,193,0.9948,,,,-0.5937,-0.1385,-0.1007,-0.2965,-0.3434
692f49135cec8e06f0b2dc95,690362600e94ce070afd1d30,keep,0.2627,,,0,228,230,0.9956,,,,-0.0960,-0.5857,-0.4590,0.1761,-0.5331
692eac120793395ac4f6ffbe,6903bd580e94ce070afd33cd,keep,0.2614,,,40,249,251,0.8360,,,,-0.7573,-0.3506,0.0072,-0.3275,0.1526
692ea4e292a31767e35da2ec,690366b20e94ce070afd1e8a,keep,0.2612,,,1,184,190,0.9683,,,,-0.2360,-0.5108,-0.2126,-0.2938,-0.2022
692ea0f3b05428c72fb37499,690cb8f69adc5c8f26f64201,keep,0.2607,,,5,187,189,0.9681,,,,-0.3221,0.0394,-0.0422,0.0000,-1.3587
692ea968727c13b350cb7ce0,6903686e0e94ce070afd1f24,keep,0.2598,,,0,95,97,0.9896,,,,-0.7681,0.2382,-0.0691,0.0000,-0.9547
692e9f65727c13b350cb7bbb,69150bf42756853dcad943f2,keep,0.2597,,,4,101,134,0.7293,,,,-0.6231,-0.8860,-0.0728,0.0000,0.5188
692eae813019385fbbf5686f,690366b20e94ce070afd1e8a,keep,0.2590,,,24,193,195,0.8711,,,,-0.3199,-0.5709,-0.1731,-0.2938,-0.0100
692eaa58a0e165ab2e42e50c,690362600e94ce070afd1d30,keep,0.2586,,,0,196,205,0.9608,,,,-0.0284,-0.5239,-0.1745,-0.3941,-0.4134
692e94ffaf371a654ce7fbf2,6871e269bc1991b1a1e463ba,keep,0.2579,,,0,191,193,0.9948,,,,-0.6774,-0.4930,-0.6753,0.6377,-0.0119
692eadddad0c9ef057d41dfb,690364170e94ce070afd1da5,keep,0.2579,,unsteady_camera,0,215,217,0.9954,,,,-0.9782,-0.5872,1.0717,-0.7673,0.2387
692ea773b77ab81b8b41ee8e,6846f7cf9cdf020d4a37a294,keep,0.2574,,,1,165,171,0.9647,,,,-0.6361,-0.5440,-0.1074,0.1450,-0.0694
692ead1affdc0ca6345c4355,6846f7cf9cdf020d4a37a294,keep,0.2570,,,13,168,173,0.9012,,,,-0.9065,-0.4969,-0.1490,-0.1852,0.6402
692eb12274b24813e7597696,6846f7cf9cdf020d4a37a294,keep,0.2566,,,0,191,193,0.9948,,,,-0.4722,-0.3093,-0.0745,-0.4461,-0.1033
692eb0b1c609aae267b27a42,6871d82a1aaf88556f0c6041,keep,0.2565,,,0,90,92,0.9890,,,,-0.2639,-0.5474,-0.4615,0.0000,-0.1169
692ea7f4f169106feb26aece,6903686e0e94ce070afd1f24,keep,0.2560,,,14,95,97,0.8438,,,,-0.2977,-0.6874,-0.1713,0.0000,-0.1428
692ea8004e7eab2cafd2699b,690366b20e94ce070afd1e8a,keep,0.2557,,,7,172,174,0.9538,,,,-0.8244,-0.2480,-0.2856,0.4890,-0.3848
692ea26aaf371a654ce7fd3b,68696b41314bde44018fa510,keep,0.2547,,,0,159,161,0.9938,,,,-0.9734,-0.2032,0.0226,0.0000,-0.0405
692eb0b2c609aae267b27a48,6871d82a1aaf88556f0c6041,keep,0.2544,,,4,141,144,0.9580,0.4853,1,0.9989,-0.1513,-0.2162,-0.0254,0.0000,0.8100
692eac4e5cd6df8b6023ca9c,690cb8f69adc5c8f26f64201,keep,0.2544,,hesitant,0,207,216,0.9628,0.2444,2,0.0158,0.3332,0.2530,0.0441,1.2245,0.0713
692ea9feaec602a46af10602,6871d82a1aaf88556f0c6041,keep,0.2538,,,0,90,92,0.9890,,,,-0.5098,-0.9373,0.2605,0.0000,0.1334
692ea288dfa4113987776980,6871d82a1aaf88556f0c6041,keep,0.2531,,,0,89,91,0.9889,,,,0.2592,-0.8137,-0.3174,0.0000,-0.6227
692eaa846974927fef249d00,6903b590466be157ec64580a,keep,0.2523,,,0,141,143,0.9930,,,,-0.0241,-0.6930,-0.1034,-0.2128,-0.3741
692ea8a196d2056439f01893,6903b590466be157ec64580a,keep,0.2522,,,0,166,190,0.8783,,,,0.0126,-1.3599,0.3914,0.6029,-0.7389
692eaa162fa9ba56c08f81b0,69150bf42756853dcad943f2,keep,0.2518,,,2,136,144,0.9371,,,,-0.5967,-0.2341,-0.1675,0.0000,-0.3489
692eb06bc7cb0e94dc84bca4,690364170e94ce070afd1da5,keep,0.2517,,,0,193,195,0.9948,,,,0.0552,-1.1830,-0.3691,0.1621,0.1368
692e9d97d3d807884d4dd65f,6903686e0e94ce070afd1f24,keep,0.2516,,,5,106,108,0.9439,,,,-0.5082,-0.4091,0.0329,0.0000,-0.4181
692e9b6768228e362d908f18,6903bd580e94ce070afd33cd,keep,0.2502,,,6,157,159,0.9557,,,,-0.6248,-0.6211,0.0922,0.3324,-0.3074
692ea600ea43f09edf26f599,6846f7cf9cdf020d4a37a294,keep,0.2500,,,0,171,173,0.9942,,,,-0.2945,0.0508,-0.2310,-0.7063,-0.4474
692eab1bb77ab81b8b41eee4,6903b590466be157ec64580a,keep,0.2495,,,0,189,191,0.9947,,,,0.1550,-0.2688,-0.2849,-0.2128,-1.0782
692eb1efd52427f961fa167d,69070e0b9adc5c8f26f55b5a,keep,0.2494,,,6,153,155,0.9545,0.3018,1,0.9664,-0.3226,0.7156,0.4838,0.0000,-0.1112
692ef3f44215b056bf36e88e,6846f7cf9cdf020d4a37a294,keep,0.2492,,,2,150,152,0.9801,,,,0.4119,-1.2610,0.1435,-0.7063,0.0918
692eaed1ffdc0ca6345c437a,6903bd580e94ce070afd33cd,keep,0.2490,,,8,170,194,0.8394,,,,-1.1590,-0.3345,-0.0280,0.2065,0.3190
692ef6379ca48e15a25b2a85,69150bf42756853dcad943f2,keep,0.2489,,,0,109,111,0.9909,,,,-0.5781,-0.4831,-0.2694,0.0000,0.1185
692ea2fa854d0e0793875b4c,69070e0b9adc5c8f26f55b5a,keep,0.2488,,,0,106,114,0.9381,,,,-0.3166,-0.6091,0.1113,0.0000,-0.4643
692ea6d299488ff84776f95a,69070e0b9adc5c8f26f55b5a,keep,0.2486,,,0,132,134,0.9925,,,,0.2491,-0.5017,-0.4913,0.0000,-0.8701
692eab1cb77ab81b8b41eee9,6903b590466be157ec64580a,keep,0.2480,,,5,174,176,0.9657,,,,-0.8713,0.3938,-0.4090,-0.2128,-0.3982
692e9e1db0d3d3c9d260691e,6846f7cf9cdf020d4a37a294,keep,0.2474,,,11,181,192,0.8901,,,,-0.1622,-0.9563,-0.2536,-0.4448,0.6442
692eddd94cbe80983737fdfc,690366b20e94ce070afd1e8a,keep,0.2470,,unsteady_camera,11,170,172,0.9298,,,,0.3189,-1.4471,1.6519,-0.2938,-1.3951
692eaee539719ab57395b98c,6903bd580e94ce070afd33cd,keep,0.2441,,,0,169,171,0.9941,,,,0.5684,-1.1341,-0.1225,-0.5342,-0.2037
692e96d6f169106feb26acab,6871e269bc1991b1a1e463ba,keep,0.2431,,,0,158,160,0.9937,,,,0.1220,-1.6277,0.1700,0.7701,-0.3829
692ef6359ca48e15a25b2a78,69150bf42756853dcad943f2,keep,0.2425,,,0,113,115,0.9912,,,,-0.0156,-0.5565,0.4588,0.0000,-1.2983
692ea16596d2056439f017ca,6903686e0e94ce070afd1f24,keep,0.2424,,,7,102,104,0.9223,,,,-0.3491,-0.6899,-0.1014,0.0000,-0.0372
692ea168e2322e3b092b5df5,6871d82a1aaf88556f0c6041,keep,0.2422,,,0,90,96,0.9474,,,,-0.0166,-1.3105,-0.4173,0.0000,0.7125
692ea695ad0c9ef057d41cf8,68bc72d1fcdaacc405e3db53,keep,0.2422,,,5,212,214,0.9718,,,,-0.4472,-0.0167,-0.6670,0.0023,-0.3349
692eaa647641010d04354735,69070e0b9adc5c8f26f55b5a,keep,0.2421,,,0,113,115,0.9912,,,,0.1233,-0.6780,-0.3132,0.0000,-0.5493
692eab4368bf0a1f46230596,6904b8d0466be157ec648ef1,keep,0.2420,,,0,154,156,0.9935,,,,-0.3532,-0.6089,0.1775,0.0000,-0.4283
692ea2c5dfa41139877769b2,6904b8d0466be157ec648ef1,keep,0.2407,,,1,198,200,0.9899,,,,-0.0427,-0.4011,0.1932,0.0000,-1.2121
692eae7f3019385fbbf5685e,690366b20e94ce070afd1e8a,keep,0.2407,,,3,166,168,0.9760,,,,-0.7095,0.0937,-0.1297,-0.2938,-0.3375
692eae3f3b319da763b71bbe,6846f7cf9cdf020d4a37a294,keep,0.2402,,,0,206,208,0.9952,,,,-0.4037,-0.9344,-0.3235,0.4259,0.2232
692eac7574b24813e7597626,68bc72d1fcdaacc405e3db53,keep,0.2401,,,0,206,208,0.9952,,,,0.3870,-0.8263,0.4439,-0.0478,-1.4176
692ee9af0ba268eb16564a69,690364170e94ce070afd1da5,keep,0.2396,,,0,227,229,0.9956,,,,0.1204,-0.0261,-0.4339,-0.1835,-1.2016
692e977d74b24813e7597401,69150bf42756853dcad943f2,keep,0.2391,,,0,140,145,0.9722,,,,-0.5102,-0.2560,0.0777,0.0000,-0.6024
692eeefeef7557106e6c4c65,68bc72d1fcdaacc405e3db53,keep,0.2384,,,64,171,173,0.6221,,,,-0.7987,-0.3008,-0.2293,-0.1041,0.3142
692eac992c8fefa9948e8eb8,6903b590466be157ec64580a,keep,0.2377,,,1,185,187,0.9892,,,,-0.1292,-0.5511,0.1438,-0.2128,-0.5748
692eac18aec602a46af10645,69150bf42756853dcad943f2,keep,0.2376,,,0,144,146,0.9931,,,,-0.0291,-0.6165,-0.0732,0.0000,-0.6219
692eaed1ffdc0ca6345c437b,6903bd580e94ce070afd33cd,keep,0.2369,,unsteady_camera,0,225,229,0.9868,,,,-0.1542,-0.4941,1.4201,0.1459,-2.2521
692ea8fb727c13b350cb7cbb,6903bd580e94ce070afd33cd,keep,0.2355,,,0,164,196,0.8410,,,,-0.2248,-0.6883,-0.0734,-0.0351,-0.1703
692e9b6568228e362d908f08,6903bd580e94ce070afd33cd,keep,0.2348,,,0,178,180,0.9944,,,,-0.5974,-0.6428,0.4864,0.2645,-0.5340
692ea1c5a0e165ab2e42e437,68696b41314bde44018fa510,keep,0.2347,,,0,160,162,0.9938,,,,0.0454,-0.6082,0.0424,0.0000,-0.8410
692edd22ef7557106e6c4b20,670be6761e62a52f6a35360d,keep,0.2340,,,2,286,288,0.9895,,,,-0.2919,-0.3374,0.1281,-0.5428,-0.2794
692e9b2baf371a654ce7fc85,6903bd580e94ce070afd33cd,keep,0.2328,,,0,139,160,0.8742,,,,-0.1958,-1.0542,-0.1181,0.0779,0.2858
692ea7539cebf0ec017ddcd3,69036806466be157ec64477f,keep,0.2313,,,6,187,189,0.9628,,,,-0.3197,-0.1295,-0.4510,0.1026,-0.5968
692eacf799488ff84776f9fa,6846f7cf9cdf020d4a37a294,keep,0.2312,,unsteady_camera,1,201,203,0.9901,0.4213,1,0.9933,-0.4718,0.7461,1.0742,-0.7063,-0.2885
692ea9f25aae241ad236edc3,6903b590466be157ec64580a,keep,0.2310,,poor_image,0,189,191,0.9947,0.5840,1,0.9944,1.1513,-0.2480,-0.1372,0.0022,-0.0665
692ed8fe0ba268eb165648fe,670be6761e62a52f6a35360d,keep,0.2309,,,10,310,312,0.9646,,,,0.1948,-0.7977,-0.3381,-0.5648,0.1908
692eabe14e86f0c01a2072c6,6846f7cf9cdf020d4a37a294,keep,0.2299,,,3,178,180,0.9777,,,,-0.5469,0.3771,-0.1921,-0.4560,-0.7067
692eaf7668228e362d909150,6903bd580e94ce070afd33cd,keep,0.2295,,,0,179,190,0.9471,,,,-0.0952,-0.7625,-0.2880,-0.2607,0.2284
692e99e8ba0400c70689fd4a,68696b41314bde44018fa510,keep,0.2294,,,0,204,206,0.9951,0.5391,4,0.9701,-0.8116,-0.0771,-0.2020,0.0000,-0.0708
692ea99f92a31767e35da37b,690364170e94ce070afd1da5,keep,0.2292,,,2,235,237,0.9873,,,,-0.2005,-0.0625,0.2880,-0.3853,-1.1126
692ea701c621d7f4aac3ab09,68696b41314bde44018fa510,keep,0.2291,,,4,150,152,0.9669,,,,-0.5677,-0.8746,0.3753,0.0000,0.1847
692ef773fbcce321dca74f26,69150bf42756853dcad943f2,keep,0.2288,,,0,147,149,0.9932,0.3059,2,0.7621,-0.4127,0.9351,-0.1070,0.0000,-0.2661
692ea5377641010d043546d0,6871d82a1aaf88556f0c6041,keep,0.2276,,,0,93,95,0.9894,,,,-0.4448,-0.2828,-0.3088,0.0000,-0.1932
692eac1dad0c9ef057d41db3,6903b590466be157ec64580a,keep,0.2266,,hesitant,0,131,133,0.9924,,,,-0.1705,-0.8009,-0.6258,1.7435,-1.2471
692eaa55a0e165ab2e42e4f0,690362600e94ce070afd1d30,keep,0.2264,,,0,222,224,0.9955,,,,0.5285,-0.2686,-0.1944,-0.1372,-1.6427
692ef1f6245e918729007100,6846f7cf9cdf020d4a37a294,keep,0.2260,,,0,173,175,0.9943,,,,-0.4957,0.0256,-0.2532,-0.4192,-0.2046
692e9cb63b319da763b71996,6903bd580e94ce070afd33cd,keep,0.2258,,,0,157,177,0.8920,,,,-0.1955,-0.5192,0.0140,-0.5342,0.0117
692eeeaf0ba268eb16564a88,69150bf42756853dcad943f2,keep,0.2256,,,0,117,134,0.8797,,,,-0.6831,-0.5727,0.5921,0.0000,-0.2874
692ea1c5a0e165ab2e42e43b,68696b41314bde44018fa510,keep,0.2251,,,0,160,163,0.9877,,,,-0.8111,-0.0090,-0.0622,0.0000,-0.2832
692e9d98d3d807884d4dd66e,6903686e0e94ce070afd1f24,keep,0.2246,,,2,102,104,0.9709,0.3717,2,0.0218,-0.2994,0.1999,0.1081,0.7504,0.4036
692eab4368bf0a1f46230597,6904b8d0466be157ec648ef1,keep,0.2246,,,0,151,170,0.8935,,,,0.5069,-1.0271,0.0987,0.0000,-0.8908
692f004ff2e4e72c033b9ba5,670be6761e62a52f6a35360d,keep,0.2244,,,3,210,212,0.9810,,,,-0.0877,-0.0785,-0.6598,-0.4525,-0.2091
692ef720b07e0e30ff1132f2,6904b8d0466be157ec648ef1,keep,0.2243,,,0,202,204,0.9951,,,,-0.6173,-0.4577,0.0259,0.1889,-0.1726
692eaff5e2322e3b092b5fbe,6846f7cf9cdf020d4a37a294,keep,0.2242,,,21,187,189,0.8830,,,,-0.9249,-0.0450,-0.4946,-0.4680,0.8482
692eae0697ffd8ec90340269,6846f7cf9cdf020d4a37a294,keep,0.2241,,,21,195,197,0.8878,,,,-0.5766,-0.2952,-0.3934,-0.7063,0.8388
692ea5387641010d043546d4,6871d82a1aaf88556f0c6041,keep,0.2228,,,0,90,92,0.9890,,,,-0.3545,-0.5781,0.0580,0.0000,-0.2188
692edf513f0f0a8706d6ba51,69036806466be157ec64477f,keep,0.2227,,,0,43,111,0.3909,,,,0.6741,-0.9473,-0.2680,0.5178,-1.3986
692ea7539cebf0ec017ddcd7,69036806466be157ec64477f,keep,0.2224,,,87,225,227,0.6106,,,,-0.6617,0.0875,-0.5294,0.1187,-0.2846
692ea80e92a31767e35da341,6903686e0e94ce070afd1f24,keep,0.2222,,,0,103,105,0.9904,,,,0.1923,-0.4429,-0.2332,0.0000,-0.9461
692eb0b0c609aae267b27a34,6871d82a1aaf88556f0c6041,keep,0.2221,,,0,94,96,0.9895,,,,-0.4605,-1.0943,0.6789,0.0000,0.0983
692ead1bffdc0ca6345c435c,6846f7cf9cdf020d4a37a294,keep,0.2204,,,19,200,202,0.9005,,,,-0.6060,-0.4423,-0.2823,-0.0374,0.3490
692ea25af169106feb26adfd,6871e269bc1991b1a1e463ba,keep,0.2199,,,0,200,202,0.9950,,,,0.1203,-0.9469,-0.1142,0.0000,-0.1849
692eac8892a31767e35da3c5,69070e0b9adc5c8f26f55b5a,keep,0.2197,,,6,146,148,0.9524,,,,-0.2232,0.1069,-0.4823,0.0000,-0.8810
692e9f823b319da763b71a14,69036806466be157ec64477f,keep,0.2195,,,55,163,176,0.6171,,,,-0.2232,-0.5445,-0.7355,0.1461,0.2044
692eabd4c621d7f4aac3aba9,68bc72d1fcdaacc405e3db53,keep,0.2188,,,29,180,183,0.8297,,,,-0.1253,-0.8324,-0.0942,0.1358,-0.1369
692ea4d899488ff84776f914,6903686e0e94ce070afd1f24,keep,0.2175,,,0,100,102,0.9901,,,,-0.6777,-0.4909,-0.1221,0.0000,0.3524
692ee11efbcce321dca74d63,6903a36c466be157ec64562d,keep,0.2171,,,6,220,227,0.9469,,,,-0.3755,-0.3851,-0.3969,-0.3069,0.3249
692eaff3e2322e3b092b5fab,6846f7cf9cdf020d4a37a294,keep,0.2170,,,0,172,174,0.9942,,,,-0.8423,0.4783,-0.2158,-0.1882,-0.5687
692ef1f6245e9187290070fc,6846f7cf9cdf020d4a37a294,keep,0.2168,,,0,173,175,0.9943,,,,-0.0028,-0.3655,-0.2415,-0.7063,-0.0176
692f49135cec8e06f0b2dc8d,690362600e94ce070afd1d30,keep,0.2167,,,2,180,195,0.9175,,,,-0.3085,-0.7292,0.0880,-0.3154,0.2671
692eb12a97ffd8ec903402b1,6846f7cf9cdf020d4a37a294,keep,0.2166,,,1,175,177,0.9886,,,,-0.0144,-1.2277,-0.4137,0.3414,0.4190
692e977674b24813e75973e1,6871e269bc1991b1a1e463ba,keep,0.2163,,,0,175,177,0.9943,,,,0.2656,-0.8940,-0.5703,0.6957,-0.6970
692eac17aec602a46af1063f,69150bf42756853dcad943f2,keep,0.2160,,,0,163,167,0.9819,,,,-0.6456,0.4714,0.1644,0.0000,-1.4148
692eb0819cebf0ec017dddc7,69070e0b9adc5c8f26f55b5a,keep,0.2158,,,0,133,135,0.9925,,,,-0.2756,-0.5924,-0.0219,0.0000,-0.1867
692ead1affdc0ca6345c434c,6846f7cf9cdf020d4a37a294,keep,0.2151,,,0,202,204,0.9951,,,,0.0722,-0.3904,-0.5905,-0.2395,-0.1982
692ea943526b2c3ac5f5b4af,68bc72d1fcdaacc405e3db53,keep,0.2150,,,1,237,239,0.9916,,,,-0.9812,-0.3866,0.1915,0.9368,-0.5817
692ee79bef7557106e6c4bdd,690364170e94ce070afd1da5,keep,0.2149,,,6,232,234,0.9700,,,,0.2957,-0.8562,-0.2114,-0.3804,-0.0718
692eaa75dfa4113987776a51,6871e269bc1991b1a1e463ba,keep,0.2143,,,0,213,215,0.9953,,,,-0.2445,-0.3740,-0.2898,0.0000,-0.2827
692eae09424dbf22e75ed157,6846f7cf9cdf020d4a37a294,keep,0.2143,,,1,139,141,0.9857,,,,0.0391,-1.2238,0.6272,0.2908,-0.6410
692e9d3fa0e165ab2e42e3cd,6903686e0e94ce070afd1f24,keep,0.2142,,,0,122,124,0.9919,,,,-0.8259,0.6008,-0.1823,0.0000,-0.9797
692ea5eb68228e362d909041,6903b590466be157ec64580a,keep,0.2138,,,0,134,136,0.9926,,,,0.8939,-1.1029,0.0685,-0.2128,-1.0386
692eabe04e86f0c01a2072c0,6846f7cf9cdf020d4a37a294,keep,0.2136,,,0,189,191,0.9947,,,,-0.3114,0.2100,-0.0946,-0.4434,-0.8050
692eac9a2c8fefa9948e8ec0,6903b590466be157ec64580a,keep,0.2135,,,0,169,171,0.9941,,,,-0.1171,-0.3413,0.0950,-0.2128,-0.6892
692e9b2daf371a654ce7fc92,6903bd580e94ce070afd33cd,keep,0.2125,,,0,160,169,0.9524,,,,-0.3127,-0.7182,-0.2100,0.0811,0.1879
692ea4e492a31767e35da2fb,690366b20e94ce070afd1e8a,keep,0.2124,,,22,161,185,0.7554,,,,-0.4921,-0.6593,-0.4328,0.1113,0.5619
692eaaae2c8fefa9948e8ea2,68bc72d1fcdaacc405e3db53,keep,0.2117,,,4,119,121,0.9583,,,,-0.0182,-1.0657,0.4612,-0.3737,0.0563
692ea95ec609aae267b2798d,690364170e94ce070afd1da5,keep,0.2117,,,0,202,204,0.9951,,,,0.0658,-0.3283,-0.3140,-0.5487,-0.2252
692eab66d3d807884d4dd7ea,69070e0b9adc5c8f26f55b5a,keep,0.2115,,,0,114,116,0.9913,,,,-0.3155,-0.4172,-0.3712,0.0000,-0.0102
692eb12274b24813e7597691,6846f7cf9cdf020d4a37a294,keep,0.2114,,,4,153,155,0.9675,,,,-0.5036,-0.7589,0.1660,-0.0575,0.3057
692ed92a45175992cd6a0b24,69038b590e94ce070afd2952,keep,0.2111,,,0,229,232,0.9913,,,,-0.2601,-0.1770,-0.0232,-0.1111,-0.6875
692eab65d3d807884d4dd7df,69070e0b9adc5c8f26f55b5a,keep,0.2106,,,6,175,177,0.9602,,,,-0.3536,-0.6690,-0.0950,0.0000,0.1547
692e9ea7a0e165ab2e42e3f1,6903bd580e94ce070afd33cd,keep,0.2103,,unsteady_camera,0,173,175,0.9943,,,,0.1289,-1.0961,1.9571,0.0599,-2.0385
692ea2d6c7cb0e94dc84bb6a,69070e0b9adc5c8f26f55b5a,keep,0.2094,,,1,90,92,0.9780,,,,-0.1486,-0.1682,0.1094,0.0000,-1.0998
692eb0819cebf0ec017dddd2,69070e0b9adc5c8f26f55b5a,keep,0.2088,,,0,101,103,0.9902,,,,-0.4145,-0.5218,0.4539,0.0000,-0.5110
692ea6e7aec602a46af105ca,6903b590466be157ec64580a,keep,0.2088,,,0,196,209,0.9423,,,,-0.2315,-0.4035,-0.6551,-0.2128,0.3591
692e9ee6b05428c72fb37478,68696b41314bde44018fa510,keep,0.2085,,,3,164,166,0.9758,0.3410,1,0.8048,-0.2154,-0.5136,0.5361,0.0000,0.3621
692eae33aec602a46af106b5,6903686e0e94ce070afd1f24,keep,0.2084,,,6,105,107,0.9340,,,,-0.5104,0.0557,-0.1275,0.0000,-0.6495
692eb04f3019385fbbf56884,69070e0b9adc5c8f26f55b5a,keep,0.2084,,,0,133,135,0.9925,,,,-0.7710,-0.2169,0.0019,0.0000,0.0211
692ea8fb727c13b350cb7cc0,6903bd580e94ce070afd33cd,keep,0.2084,,,0,151,153,0.9934,,,,-0.0093,-0.4888,0.2471,-0.5342,-0.4244
692eaaac2c8fefa9948e8e90,68bc72d1fcdaacc405e3db53,keep,0.2079,,,7,168,171,0.9471,0.5152,4,0.9851,0.2230,0.2949,0.2472,0.0974,0.0146
692ea298727c13b350cb7c2f,69150bf42756853dcad943f2,keep,0.2074,,,0,137,139,0.9928,,,,-0.6325,-0.3275,0.3186,0.2348,-0.5656
692e9f66727c13b350cb7bc5,69150bf42756853dcad943f2,keep,0.2074,,incomplete,37,112,114,0.6637,,,,-0.9887,-0.5807,-0.1183,0.0000,1.0206
692e9b6768228e362d908f17,6903bd580e94ce070afd33cd,keep,0.2073,,,18,127,148,0.7415,,,,-0.0932,-0.7864,-0.2467,-0.5342,0.6495
692e9b37b77ab81b8b41ed21,6903bd580e94ce070afd33cd,keep,0.2067,,,0,116,130,0.8992,,,,-0.5254,0.1046,-0.2701,-0.5342,-0.0111
692eb1edd52427f961fa166d,69070e0b9adc5c8f26f55b5a,keep,0.2065,,,1,135,137,0.9853,,,,-0.0582,-0.4015,-0.1761,0.0000,-0.5796
692e99e8ba0400c70689fd49,68696b41314bde44018fa510,keep,0.2062,,incomplete,0,177,188,0.9465,,,,-0.7620,-1.0225,0.0904,0.0000,1.1430
692eaa76dfa4113987776a54,6871e269bc1991b1a1e463ba,keep,0.2061,,,0,220,222,0.9955,,,,-0.3423,-0.0875,-0.6992,0.0000,-0.0991
692e9cb53b319da763b71990,6903bd580e94ce070afd33cd,keep,0.2060,,,9,190,192,0.9476,,,,-0.2969,-0.4392,-0.1953,-0.2952,0.1526
692eaa182fa9ba56c08f81c1,69150bf42756853dcad943f2,keep,0.2046,,,1,136,138,0.9854,,,,0.4622,-0.7108,-0.2829,0.0000,-0.7762
692eaa8ac7cb0e94dc84bc1e,6903bd580e94ce070afd33cd,keep,0.2044,,,0,140,163,0.8642,,,,-0.0971,-0.7477,0.3011,-0.2525,-0.2121
692ea298727c13b350cb7c2a,69150bf42756853dcad943f2,keep,0.2032,,,0,193,195,0.9948,,,,-0.8502,0.4706,-0.0834,0.0000,-0.7695
692eab3497ffd8ec90340219,69070e0b9adc5c8f26f55b5a,keep,0.2029,,,11,100,102,0.8812,,,,-0.5201,-0.7920,0.1102,0.0000,0.4378
692eab80b77ab81b8b41eefe,6871d6cd07c5fd75be83e337,keep,0.2028,,,0,224,227,0.9912,,,,-0.2155,-0.3718,-0.0617,0.5487,-1.0257
692e99dc6974927fef249bc0,69150bf42756853dcad943f2,keep,0.2022,,,0,159,161,0.9938,0.2377,3,0.9982,0.6218,0.1706,0.2814,0.0000,-0.0515
692eacf899488ff84776f9ff,6846f7cf9cdf020d4a37a294,keep,0.2020,,,2,199,201,0.9850,,,,-0.3394,-0.0495,-0.2764,0.2671,-0.8213
692eab4468bf0a1f4623059b,6904b8d0466be157ec648ef1,keep,0.2017,,hesitant,0,176,184,0.9617,,,,-0.9626,-0.3089,0.1243,1.1407,-0.7692
692eb226b77ab81b8b41ef81,6903686e0e94ce070afd1f24,keep,0.2016,,,0,94,96,0.9895,,,,-0.6387,-0.3810,-0.2087,0.0000,0.3269
692ea030424dbf22e75ecfce,6903bd580e94ce070afd33cd,keep,0.2010,,,0,182,184,0.9945,,,,-0.3069,-0.3300,-0.0115,-0.2518,-0.1887
692ea0eead0c9ef057d41c96,68bc72d1fcdaacc405e3db53,keep,0.2005,,,62,154,157,0.5897,,,,0.0167,-0.9812,0.1472,-0.0765,-0.0274
692ea7f6f169106feb26aee0,6903686e0e94ce070afd1f24,keep,0.2001,,,13,101,103,0.8627,,,,-0.7998,-0.0461,0.0088,0.0000,-0.1409
692ea0f3b05428c72fb37497,690cb8f69adc5c8f26f64201,keep,0.2001,,,0,202,204,0.9951,0.1823,2,0.5873,0.0433,0.1115,-0.1071,0.9216,0.0019
692f14610ba268eb16564cf6,67421681889e906244b520b1,keep,0.1994,,,0,210,212,0.9953,,,,-0.4917,0.2596,0.2222,0.0000,-1.2698
692ef056245e9187290070e3,6846f7cf9cdf020d4a37a294,keep,0.1984,,,4,203,205,0.9755,0.0676,1,0.7058,0.6340,-0.1433,-0.2642,-0.7063,-1.7899
692e9a9cc621d7f4aac3a9b8,6904b8d0466be157ec648ef1,keep,0.1975,,,15,212,225,0.8795,,,,-0.3094,-1.0879,-0.1532,0.0000,0.8669
692eab3497ffd8ec9034021b,69070e0b9adc5c8f26f55b5a,keep,0.1971,,,5,113,115,0.9474,,,,-0.2803,-0.4803,-0.1700,0.0000,-0.0691
692eeefdef7557106e6c4c61,68bc72d1fcdaacc405e3db53,keep,0.1970,,,58,158,160,0.6289,,,,0.1223,-0.6743,-0.4681,-0.0821,-0.0005
692ea6ffc621d7f4aac3aafe,68696b41314bde44018fa510,keep,0.1966,,,0,178,186,0.9622,,,,-0.1323,-0.5029,-0.3962,0.0000,-0.0269
692e9fb79cebf0ec017ddc0f,68bc72d1fcdaacc405e3db53,keep,0.1963,,,4,160,162,0.9689,,,,-0.5779,0.4731,-0.0927,0.7523,-1.8761
692e9fb79cebf0ec017ddc12,68bc72d1fcdaacc405e3db53,keep,0.1962,,,38,166,168,0.7665,,,,-0.6351,0.5771,-0.3209,0.3079,-1.2731
692e9f8d39719ab57395b835,6871e269bc1991b1a1e463ba,keep,0.1957,,,0,155,157,0.9936,,,,-0.1807,-0.4138,-0.5866,0.0000,0.1083
692eaf5374b24813e7597662,6846f7cf9cdf020d4a37a294,keep,0.1953,,unsteady_camera,0,205,207,0.9951,0.3913,1,0.4881,-0.3128,-0.4139,1.2439,-0.2213,-0.5163
692ea4da74b24813e759755d,690cb8f69adc5c8f26f64201,keep,0.1946,,,0,207,212,0.9810,,,,-0.8359,0.2856,-0.2250,0.2955,-0.6077
692ea3bfffdc0ca6345c424f,690366b20e94ce070afd1e8a,keep,0.1944,,,75,203,213,0.6038,,,,-0.7770,-0.7924,-0.2120,0.4093,0.7959
692ed682952b26f4cc71a433,690366b20e94ce070afd1e8a,keep,0.1941,,,14,194,196,0.9231,,,,-0.6179,-0.2879,0.2685,-0.2938,0.0255
692ef221b07e0e30ff11328b,690cb8f69adc5c8f26f64201,keep,0.1941,,,0,167,169,0.9940,,,,-0.1216,-0.3348,0.0166,0.7424,-1.4329
692e9e4fb8797912ff78a751,6903bd580e94ce070afd33cd,keep,0.1940,,,1,173,176,0.9829,,,,-0.7799,-0.0413,0.0122,0.0565,-0.1950
692eb229b77ab81b8b41ef9a,6903686e0e94ce070afd1f24,keep,0.1935,,,2,97,99,0.9694,,,,-0.2000,-0.1749,0.0587,0.0000,-0.8508
692ea943526b2c3ac5f5b4a3,68bc72d1fcdaacc405e3db53,keep,0.1932,,,0,204,206,0.9951,,,,-0.9200,-0.0504,0.6072,0.2432,-0.7472
692eafd5ffdc0ca6345c439b,69070e0b9adc5c8f26f55b5a,keep,0.1928,,,0,135,137,0.9926,,,,-0.1991,-0.1476,-0.0914,0.0000,-0.7382
692eafd3ffdc0ca6345c4388,69070e0b9adc5c8f26f55b5a,keep,0.1926,,,0,141,143,0.9930,0.1622,2,0.3678,-0.2801,0.3298,0.2514,0.0000,-0.4693
692eaaa2dbc4294a49cc72b3,69070e0b9adc5c8f26f55b5a,keep,0.1919,,,6,107,109,0.9352,,,,-0.6901,-0.4067,0.0204,0.0000,0.2814
692e9d3ca0e165ab2e42e3ba,6903686e0e94ce070afd1f24,keep,0.1910,,,2,120,122,0.9752,,,,-0.5804,-0.5673,-0.2854,0.0000,0.6703
692ea7ff4e7eab2cafd26997,690366b20e94ce070afd1e8a,keep,0.1905,,,0,171,173,0.9942,,,,-0.9542,0.5638,0.0784,-0.2938,-0.5326
692ea2f7854d0e0793875b3a,69070e0b9adc5c8f26f55b5a,keep,0.1892,,,0,153,158,0.9745,,,,-0.5878,0.0626,-0.3380,0.0000,-0.1985
692eac1fad0c9ef057d41dbc,6903b590466be157ec64580a,keep,0.1887,,,0,123,125,0.9919,,,,-0.5974,-0.1015,-0.0960,-0.2128,0.0365
692e9c1cc621d7f4aac3a9d5,69150bf42756853dcad943f2,keep,0.1886,,,0,138,148,0.9388,0.1452,4,0.9992,0.3110,-0.6589,-0.0871,0.0000,0.0839
692eb1edd52427f961fa1670,69070e0b9adc5c8f26f55b5a,keep,0.1886,,,0,128,130,0.9922,,,,-0.1355,-0.4843,-0.2524,0.0000,-0.1384
692eac7574b24813e7597627,68bc72d1fcdaacc405e3db53,keep,0.1884,,,25,172,174,0.8497,,,,-0.5666,-0.2521,-0.2003,-0.1057,0.2152
692eb1edd52427f961fa166f,69070e0b9adc5c8f26f55b5a,keep,0.1884,,,3,116,118,0.9658,,,,-0.6841,-0.4776,0.2639,0.0000,0.1600
692e99e8ba0400c70689fd50,68696b41314bde44018fa510,keep,0.1878,,,0,201,205,0.9853,,,,-0.3125,-0.6332,-0.1342,0.0000,0.2386
692eb0819cebf0ec017dddd4,69070e0b9adc5c8f26f55b5a,keep,0.1875,,,3,100,102,0.9604,,,,-0.2591,-0.0111,-0.5821,0.0000,-0.3249
692eab4368bf0a1f46230595,6904b8d0466be157ec648ef1,keep,0.1874,,,1,181,183,0.9890,,,,-0.5234,0.0368,-0.0482,0.0000,-0.5338
692ead83a0e165ab2e42e559,690cb8f69adc5c8f26f64201,keep,0.1872,,,0,142,144,0.9930,,,,-0.6884,0.3803,-0.0630,0.0000,-0.7851
692e9ee6b05428c72fb37473,68696b41314bde44018fa510,keep,0.1866,,,0,148,150,0.9933,,,,-0.0924,-0.3770,0.0050,0.0000,-0.6074
692eaceaad0c9ef057d41de6,6903686e0e94ce070afd1f24,keep,0.1866,,,0,100,102,0.9901,,,,-0.5552,-0.5337,-0.2318,0.0000,0.5588
692e9c1cc621d7f4aac3a9d9,69150bf42756853dcad943f2,keep,0.1863,,,0,149,152,0.9868,,,,-0.5317,-0.2171,-0.1607,0.0000,-0.0200
692eaff4e2322e3b092b5fb7,6846f7cf9cdf020d4a37a294,keep,0.1863,,,0,176,178,0.9944,,,,-0.1518,-0.5164,-0.3111,-0.1418,0.1513
692eac1dad0c9ef057d41db5,6903b590466be157ec64580a,keep,0.1861,,,0,143,145,0.9931,,,,-0.0023,-0.6042,0.4579,-0.2128,-0.6382
692eb04f3019385fbbf56885,69070e0b9adc5c8f26f55b5a,keep,0.1861,,,1,103,105,0.9808,,,,-0.2704,-0.8490,0.0672,0.0000,0.3090
692eae54c621d7f4aac3abd2,6846f7cf9cdf020d4a37a294,keep,0.1856,,,13,173,176,0.9143,,,,0.0800,-0.8696,-0.4281,-0.4502,0.7636
692e9ee6b05428c72fb37475,68696b41314bde44018fa510,keep,0.1847,,,2,134,136,0.9778,,,,-0.7831,-0.2925,0.4838,0.0000,-0.1634
692ea1aa3b319da763b71a3b,69070e0b9adc5c8f26f55b5a,keep,0.1847,,,0,153,155,0.9935,,,,-0.2303,-0.3979,-0.0915,0.0000,-0.2589
692ea9c31e78e176ba6cf929,6903bd580e94ce070afd33cd,keep,0.1845,,,3,157,185,0.8370,,,,-0.0324,-0.7993,0.0078,-0.5342,0.4825
692eb0b0c609aae267b27a38,6871d82a1aaf88556f0c6041,keep,0.1844,,,0,98,100,0.9899,,,,-0.1378,-0.7073,-0.3219,0.0000,0.2989
692eaff5e2322e3b092b5fbc,6846f7cf9cdf020d4a37a294,keep,0.1842,,,12,183,185,0.9293,,,,-0.2032,-0.3204,-0.3213,-0.4348,0.2520
692ef6369ca48e15a25b2a82,69150bf42756853dcad943f2,keep,0.1842,,,0,135,137,0.9926,,,,-0.5756,-0.4724,0.6593,0.0000,-0.3767
692eb0d2854d0e0793875cc2,68bc72d1fcdaacc405e3db53,keep,0.1841,,jittery,0,148,162,0.9193,,,,-0.4034,1.3632,-0.6307,-0.3737,-1.7238
692eaaa4dbc4294a49cc72bf,69070e0b9adc5c8f26f55b5a,keep,0.1834,,,0,133,135,0.9925,,,,-0.4857,-0.9642,0.2305,0.5309,0.1301
692e9b2aaf371a654ce7fc7d,6903bd580e94ce070afd33cd,keep,0.1833,,,0,154,164,0.9448,,,,-0.1413,-0.5251,0.0021,-0.5342,0.2487
692eafd7eee2f8cb10d0f8e9,6846f7cf9cdf020d4a37a294,keep,0.1833,,,3,154,156,0.9742,,,,-0.4162,0.7819,-0.3030,-0.3840,-1.1442
692ef546245e918729007140,690cb8f69adc5c8f26f64201,keep,0.1833,,,0,186,189,0.9894,,,,-0.5791,-0.3549,-0.1089,0.4052,-0.1782
692eac9a2c8fefa9948e8ec2,6903b590466be157ec64580a,keep,0.1829,,,0,133,136,0.9852,,,,-0.4018,-0.5353,0.5883,-0.2128,-0.2500
692eaaaf2c8fefa9948e8ea5,68bc72d1fcdaacc405e3db53,keep,0.1828,,,9,128,130,0.9225,,,,-0.4718,-0.4264,0.2806,0.7045,-0.9174
692eb12a97ffd8ec903402b0,6846f7cf9cdf020d4a37a294,keep,0.1828,,,3,143,145,0.9722,,,,0.1065,-1.1502,0.3954,-0.3951,0.2857
692ee1584215b056bf36e79c,690364170e94ce070afd1da5,keep,0.1820,,,5,221,223,0.9730,,,,-0.6522,-0.1549,0.3397,0.2448,-0.6479
692ea6a03b319da763b71ae7,6903bd580e94ce070afd33cd,keep,0.1820,,,0,235,237,0.9958,0.2089,1,0.9885,0.1075,0.2356,-0.1919,0.0972,0.0557
692ed3f9f2e4e72c033b9976,6871e269bc1991b1a1e463ba,keep,0.1819,,,0,191,193,0.9948,,,,-0.0645,-0.4187,-0.1374,0.3188,-0.7300
692ea3bfffdc0ca6345c424d,690366b20e94ce070afd1e8a,keep,0.1811,,,25,153,164,0.7853,,,,-0.5155,-0.3728,-0.0777,-0.2938,0.4362
692eafdcb8797912ff78a8fc,6903b590466be157ec64580a,keep,0.1810,,,0,155,157,0.9936,0.2146,3,0.7333,0.1555,0.4077,-0.2816,0.0491,-0.0904
692ea9e79cebf0ec017ddcff,690362600e94ce070afd1d30,keep,0.1789,,,6,235,237,0.9703,,,,-0.3829,-0.5560,0.1662,0.1958,-0.2058
692e9fa197ffd8ec90340128,69150bf42756853dcad943f2,keep,0.1783,,,17,166,168,0.8922,,,,-0.2413,-1.0084,0.1201,0.0000,0.5064
692f197f45175992cd6a0ebf,6904b8d0466be157ec648ef1,keep,0.1781,,,0,130,132,0.9924,,,,-0.2796,-0.5180,0.2324,0.0000,-0.2825
692eb12274b24813e7597694,6846f7cf9cdf020d4a37a294,keep,0.1778,,,2,163,165,0.9817,,,,0.0693,-0.8177,0.2514,-0.4331,0.0593
692eaec65aae241ad236ee43,69038b590e94ce070afd2952,keep,0.1777,,,2,214,229,0.9298,,,,0.4755,-1.1995,-0.1049,-0.1058,0.0531
692ea1ac3b319da763b71a4c,69070e0b9adc5c8f26f55b5a,keep,0.1768,,,0,143,145,0.9931,,,,-0.8782,-0.1430,0.4135,0.0000,-0.1192
692eab64d3d807884d4dd7da,69070e0b9adc5c8f26f55b5a,keep,0.1767,,,8,115,126,0.8560,,,,0.1415,-0.7818,-0.3208,0.0000,0.0444
692eafaff169106feb26afe6,690cb8f69adc5c8f26f64201,keep,0.1767,,,0,214,216,0.9953,,,,-0.7980,-0.1367,-0.0411,0.2900,-0.0837
692eab0cb0d3d3c9d2606a77,68bc72d1fcdaacc405e3db53,keep,0.1759,,,18,106,121,0.7333,,,,-0.2893,-0.4909,0.9219,-0.3737,-0.6090
692f14600ba268eb16564cee,67421681889e906244b520b1,keep,0.1759,,,10,234,238,0.9451,,,,-0.4499,-0.1531,0.5206,0.0000,-0.8470
692ea477e2322e3b092b5e52,6871d82a1aaf88556f0c6041,keep,0.1756,,,0,104,107,0.9811,,,,-0.0045,-0.6151,-0.3940,0.0000,0.0944
692ea25cd52427f961fa14e7,6871e269bc1991b1a1e463ba,keep,0.1755,,,0,232,234,0.9957,,,,-0.1852,-0.4659,-0.4121,0.2627,-0.1028
692ea298727c13b350cb7c24,69150bf42756853dcad943f2,keep,0.1755,,,0,163,165,0.9939,,,,-0.5517,0.0646,-0.1739,0.0000,-0.3239
692ea26baf371a654ce7fd41,68696b41314bde44018fa510,keep,0.1751,,,0,197,199,0.9949,,,,-0.6480,0.0310,-0.0270,0.0000,-0.2730
692e9b6868228e362d908f1f,6903bd580e94ce070afd33cd,keep,0.1749,,,1,153,158,0.9682,,,,0.5151,-0.4934,0.4612,-0.5342,-1.1842
692e9a5a9cebf0ec017ddb45,6904b8d0466be157ec648ef1,keep,0.1748,,,0,185,187,0.9946,,,,-0.2758,-0.1304,-0.1331,0.0000,-0.4811
692ea773b77ab81b8b41ee88,6846f7cf9cdf020d4a37a294,keep,0.1746,,,0,163,173,0.9477,,,,-0.7905,-0.4258,-0.1041,0.3658,0.3404
692e9b6668228e362d908f10,6903bd580e94ce070afd33cd,keep,0.1743,,jittery,0,167,169,0.9940,0.3863,2,0.2686,-0.5235,1.0679,0.1134,0.5884,-1.0552
692eb1eed52427f961fa1673,69070e0b9adc5c8f26f55b5a,keep,0.1738,,,0,92,94,0.9892,,,,-0.7476,-0.4675,0.3237,0.0000,0.2824
692ed531245e918729006f4c,690362600e94ce070afd1d30,keep,0.1736,,,0,192,194,0.9948,,,,-0.2564,-0.2022,0.1307,-0.3137,-0.3442
692ee61fb07e0e30ff1131e8,6846f7cf9cdf020d4a37a294,keep,0.1729,,hesitant,0,154,156,0.9935,,,,-0.3957,-0.7652,-0.1406,1.1612,-0.4894
692ea95fc609aae267b27991,690364170e94ce070afd1da5,keep,0.1728,,,0,220,222,0.9955,,,,-0.3082,-0.2013,-0.0991,-0.1618,-0.1842
692eb0b0c609aae267b27a32,6871d82a1aaf88556f0c6041,keep,0.1727,,,0,102,105,0.9808,0.1353,1,0.9748,-0.5300,-0.5613,0.6928,0.0000,0.0576
692eb1eed52427f961fa1675,69070e0b9adc5c8f26f55b5a,keep,0.1722,,,0,121,123,0.9918,,,,-0.6841,-0.1866,-0.2332,0.0000,0.3339
692e9b6768228e362d908f1a,6903bd580e94ce070afd33cd,keep,0.1720,,,1,177,179,0.9888,,,,-0.6489,0.0203,0.0782,-0.0214,-0.3180
692ef546245e918729007144,690cb8f69adc5c8f26f64201,keep,0.1712,,poor_image,0,170,178,0.9605,0.2195,2,0.8430,1.2086,-0.2112,0.5338,0.0000,0.1932
692ed3f9f2e4e72c033b9978,6871e269bc1991b1a1e463ba,keep,0.1710,,,0,205,207,0.9951,,,,-0.1042,-0.4508,0.0382,0.0000,-0.4028
692e9d4a39719ab57395b815,6903bd580e94ce070afd33cd,keep,0.1710,,,0,127,144,0.8881,,,,0.4318,-0.9196,-0.3245,-0.5342,0.3937
692eaee739719ab57395b993,6903bd580e94ce070afd33cd,keep,0.1709,,,2,182,184,0.9836,,,,0.1114,-0.5321,0.1958,-0.5342,-0.2267
692ea2f8854d0e0793875b3f,69070e0b9adc5c8f26f55b5a,keep,0.1702,,,0,101,103,0.9902,,,,0.0249,-0.1774,-0.6048,0.0000,-0.3577
692eaa846974927fef249d04,6903b590466be157ec64580a,keep,0.1701,,,0,170,172,0.9942,,,,-0.3138,-0.0659,-0.3400,-0.2128,-0.0686
692ea9ffaec602a46af10605,6871d82a1aaf88556f0c6041,keep,0.1688,,,0,97,99,0.9898,,,,-0.3264,-0.5816,-0.1839,0.0000,0.3645
692eabd5c621d7f4aac3abae,68bc72d1fcdaacc405e3db53,keep,0.1687,,,3,169,180,0.9274,,,,-0.3906,-0.4002,0.5842,0.0738,-0.6527
692ea99f92a31767e35da379,690364170e94ce070afd1da5,keep,0.1684,,,0,179,181,0.9944,,,,-0.0573,0.2140,-0.0950,-0.5169,-0.8018
692eaa8ac7cb0e94dc84bc19,6903bd580e94ce070afd33cd,keep,0.1681,,unsteady_camera,1,144,168,0.8563,,,,-0.4047,-0.9429,1.0982,-0.5342,0.2804
692ef6379ca48e15a25b2a84,69150bf42756853dcad943f2,keep,0.1679,,,0,138,140,0.9928,,,,0.9151,-0.8698,-0.1408,0.4662,-1.5689
692e9e50b8797912ff78a759,6903bd580e94ce070afd33cd,keep,0.1679,,,15,158,193,0.7448,,,,-0.3577,-0.7581,-0.0815,-0.0273,0.6071
692ea69daec602a46af105a1,6903686e0e94ce070afd1f24,keep,0.1673,,,3,92,94,0.9570,,,,0.2804,-0.7009,0.0781,0.0000,-0.6182
692ea166e2322e3b092b5de7,6871d82a1aaf88556f0c6041,keep,0.1670,,,0,88,90,0.9888,,,,-0.1981,-0.1811,-0.5265,0.0000,-0.0738
692ed52f245e918729006f40,690362600e94ce070afd1d30,keep,0.1667,,,0,190,193,0.9896,,,,-0.2509,-0.2687,0.2722,-0.3121,-0.3474
692e9b2caf371a654ce7fc8b,6903bd580e94ce070afd33cd,keep,0.1666,,,0,126,153,0.8289,,,,-0.0663,-0.9670,-0.2572,0.0663,0.5745
692f49135cec8e06f0b2dc85,690362600e94ce070afd1d30,keep,0.1664,,,0,180,192,0.9424,,,,-0.2186,-0.4339,-0.2422,-0.3104,0.3666
692ea2d5c7cb0e94dc84bb5e,69070e0b9adc5c8f26f55b5a,keep,0.1659,,,0,103,106,0.9810,,,,-0.2334,-0.2802,-0.3626,0.0000,-0.0282
692ea7529cebf0ec017ddccc,69036806466be157ec64477f,keep,0.1658,,,70,155,157,0.5449,,,,-0.6312,-0.0876,-0.2300,0.0328,0.1149
692eae54c621d7f4aac3abd7,6846f7cf9cdf020d4a37a294,keep,0.1657,,incomplete,50,178,184,0.6995,,,,-0.2744,-0.8914,-0.4431,-0.4614,1.4934
692eac2b4e7eab2cafd269eb,6903bd580e94ce070afd33cd,keep,0.1653,,,0,151,164,0.9264,,,,0.3403,-0.5586,-0.0451,-0.5342,-0.2500
692eb1f0d52427f961fa168a,69070e0b9adc5c8f26f55b5a,keep,0.1647,,,0,117,119,0.9915,,,,-0.4434,-0.0763,0.2429,0.0000,-0.6164
692ea1d668bf0a1f462304fd,690cb8f69adc5c8f26f64201,keep,0.1646,,,1,187,189,0.9894,,,,-0.0906,-0.7767,0.1219,0.0000,0.0266
692ea8a096d2056439f0188f,6903b590466be157ec64580a,keep,0.1644,,,0,187,189,0.9947,,,,-0.1438,-0.1893,-0.2131,-0.2128,-0.2255
692e984a68bf0a1f462303f3,6871e269bc1991b1a1e463ba,keep,0.1643,,,0,206,208,0.9952,,,,0.0781,-0.5624,-0.3823,0.5915,-0.6329
692eae0697ffd8ec9034026c,6846f7cf9cdf020d4a37a294,keep,0.1643,,,0,204,206,0.9951,,,,-0.2909,-0.2870,-0.1093,0.0248,-0.1986
692ea63b3b319da763b71ae1,69070e0b9adc5c8f26f55b5a,keep,0.1628,,,0,109,111,0.9909,,,,-0.1881,-0.7757,-0.0877,0.6467,-0.2529
692eaa58a0e165ab2e42e50a,690362600e94ce070afd1d30,keep,0.1627,,,5,202,209,0.9471,,,,-0.7056,-0.4661,0.2305,-0.3988,0.7866
692eedd1f59fd218b1be005a,670be6761e62a52f6a35360d,keep,0.1620,,,21,351,354,0.9348,,,,-0.7074,-0.5303,0.8344,-0.5913,0.4797
692eb0b1c609aae267b27a3a,6871d82a1aaf88556f0c6041,keep,0.1618,,hesitant,0,96,98,0.9897,,,,-0.3146,-0.6737,-0.5444,1.3078,-0.4138
692ea69faec602a46af105b3,6903686e0e94ce070afd1f24,keep,0.1618,,,4,95,97,0.9479,,,,-0.3402,-0.7251,0.1072,0.9668,-0.6086
692eac4b5aae241ad236ee09,6903bd580e94ce070afd33cd,keep,0.1610,,,0,188,192,0.9843,,,,-0.2603,-0.0897,-0.2198,-0.2952,-0.0868
692eb12997ffd8ec903402aa,6846f7cf9cdf020d4a37a294,keep,0.1607,,,0,151,153,0.9934,,,,-0.0561,-0.5336,-0.0777,-0.0828,-0.0796
692eac0996d2056439f018f0,6871d82a1aaf88556f0c6041,keep,0.1606,,,0,90,92,0.9890,,,,0.3458,-0.3968,-0.0155,0.0000,-1.0323
692eb3e36974927fef249dab,6903686e0e94ce070afd1f24,keep,0.1600,,,4,89,91,0.9444,,,,-0.5035,-0.0856,-0.0432,0.0000,-0.1928
692ea2fa854d0e0793875b4f,69070e0b9adc5c8f26f55b5a,keep,0.1596,,,4,92,94,0.9462,,,,-0.4727,-0.4117,0.3505,0.0000,-0.1407
692ea1c6a0e165ab2e42e440,68696b41314bde44018fa510,keep,0.1594,,,0,162,164,0.9939,,,,-0.5999,0.0022,-0.0520,0.0000,-0.1671
692ea2fa854d0e0793875b52,69070e0b9adc5c8f26f55b5a,keep,0.1593,,,0,98,100,0.9899,,,,0.0541,-0.5887,-0.2479,0.0000,-0.0650
692ef720b07e0e30ff1132f0,6904b8d0466be157ec648ef1,keep,0.1592,,,0,198,200,0.9950,0.1179,3,0.9783,-0.3336,-0.0621,0.0393,0.5708,-0.6912
692eaabec621d7f4aac3ab8d,6903b590466be157ec64580a,keep,0.1589,,,0,198,205,0.9706,,,,-0.0902,-0.4390,-0.3829,-0.2128,0.2775
692eb301ea43f09edf26f695,6871d82a1aaf88556f0c6041,keep,0.1586,,,0,88,90,0.9888,,,,0.3335,-0.3961,-0.2599,0.0000,-0.7562
692ee61eb07e0e30ff1131d8,6846f7cf9cdf020d4a37a294,keep,0.1586,,,0,174,180,0.9721,,,,0.3157,-0.7677,-0.3731,-0.1481,0.0893
692ea8112fa9ba56c08f8185,69070e0b9adc5c8f26f55b5a,keep,0.1586,,,3,171,173,0.9767,,,,0.1019,0.4708,-0.4640,0.0000,-1.5048
692ea3beffdc0ca6345c4243,690366b20e94ce070afd1e8a,keep,0.1585,,hesitant,34,159,163,0.7716,,,,-0.6569,-1.2125,0.3394,1.0022,0.3531
692ea8014e7eab2cafd269a5,690366b20e94ce070afd1e8a,keep,0.1584,,,0,211,213,0.9953,,,,-0.6105,0.4160,0.3306,0.0256,-1.1731
692eaee24e7eab2cafd26a43,690364170e94ce070afd1da5,keep,0.1582,,,2,222,224,0.9865,,,,-0.0258,-0.2497,0.1108,-0.5652,-0.2397
692e9b3b68bf0a1f46230458,6871e269bc1991b1a1e463ba,keep,0.1580,,,2,210,212,0.9858,,,,0.0035,-0.1928,-0.6714,0.0000,-0.1507
692ea9baf169106feb26af0e,68bc72d1fcdaacc405e3db53,keep,0.1577,,,22,163,165,0.8598,,,,-0.4343,-0.6159,0.8332,0.0377,-0.3994
692e9d4a39719ab57395b811,6903bd580e94ce070afd33cd,keep,0.1576,,,0,128,148,0.8707,,,,-0.7698,-0.6595,-0.0573,0.7077,0.3906
692e9a5b2fa9ba56c08f8059,6903686e0e94ce070afd1f24,keep,0.1572,,,7,91,93,0.9130,,,,-0.5976,-0.0611,0.3897,0.0000,-0.5023
692eab4468bf0a1f4623059e,6904b8d0466be157ec648ef1,keep,0.1566,,,5,166,168,0.9641,,,,-0.2530,-0.6245,-0.2394,0.0000,0.4598
692ea3a0a0e165ab2e42e460,690364170e94ce070afd1da5,keep,0.1565,,,6,223,225,0.9688,,,,-0.8671,-0.2299,-0.0848,0.2357,0.3992
692ee61eb07e0e30ff1131df,6846f7cf9cdf020d4a37a294,keep,0.1563,,,2,169,176,0.9543,,,,-0.0282,-0.6265,-0.2571,0.0913,0.0536
692ea22eb0d3d3c9d26069ae,68bc72d1fcdaacc405e3db53,keep,0.1556,,,10,146,150,0.9128,,,,-0.5453,-0.2187,-0.6644,0.5598,0.1613
692e9d4839719ab57395b7ff,6903bd580e94ce070afd33cd,keep,0.1548,,,0,147,149,0.9932,,,,-0.0140,-0.1228,-0.1066,-0.5342,-0.2372
692e93dc567c97525f401341,6871d82a1aaf88556f0c6041,keep,0.1547,,,0,104,106,0.9905,,,,0.6235,-0.4842,0.2778,0.0000,-1.5698
692ea1aa3b319da763b71a3f,69070e0b9adc5c8f26f55b5a,keep,0.1546,,,9,167,171,0.9294,0.1307,3,0.9643,0.0151,-0.5104,-0.2667,0.8369,-0.1680
692ea4c339719ab57395b8b2,68bc72d1fcdaacc405e3db53,keep,0.1544,,,14,103,105,0.8558,,,,-0.1603,-0.4804,0.0039,0.8422,-0.9659
692e977774b24813e75973e4,6871e269bc1991b1a1e463ba,keep,0.1543,,,1,204,206,0.9902,,,,-0.4062,0.1215,-0.4377,0.0000,-0.2152
692e9b6768228e362d908f13,6903bd580e94ce070afd33cd,keep,0.1543,,,6,139,158,0.8471,,,,-0.1173,-0.7752,-0.1650,0.0472,0.3766
692ea6d099488ff84776f949,69070e0b9adc5c8f26f55b5a,keep,0.1537,,hesitant,0,136,138,0.9927,,,,-0.5199,-0.2362,-0.4896,1.3617,-0.8138
692eac2c4e7eab2cafd269f3,6903bd580e94ce070afd33cd,keep,0.1535,,,0,179,181,0.9944,,,,0.2692,-0.1619,-0.1543,-0.5342,-0.5467
692ead1bffdc0ca6345c4356,6846f7cf9cdf020d4a37a294,keep,0.1530,,,31,206,208,0.8454,,,,-0.2888,0.3421,-0.3010,0.1597,-1.0093
692ea76699488ff84776f96d,690364170e94ce070afd1da5,keep,0.1530,,,8,228,230,0.9607,,,,-0.4749,0.0118,-0.3016,-0.1799,0.1053
692ef4ea4215b056bf36e8b0,69150bf42756853dcad943f2,keep,0.1529,,,0,119,121,0.9917,,,,0.2194,-0.2586,-0.1542,0.5400,-1.3973
692ea02f424dbf22e75ecfc6,6903bd580e94ce070afd33cd,keep,0.1526,,,0,149,166,0.9030,,,,-0.4179,-0.2788,-0.0188,-0.2576,0.2531
692ea2f7854d0e0793875b3b,69070e0b9adc5c8f26f55b5a,keep,0.1524,,,1,99,101,0.9800,,,,-0.6175,-0.5123,0.3229,0.0000,0.3049
692eb12074b24813e759767e,6846f7cf9cdf020d4a37a294,keep,0.1522,,,0,218,220,0.9954,,,,-0.6497,-0.5525,-0.0249,0.6154,0.1472
692eaa657641010d04354738,69070e0b9adc5c8f26f55b5a,keep,0.1517,,,0,109,111,0.9909,,,,-0.8262,-0.1455,0.0270,0.0000,0.3689
692ea8004e7eab2cafd2699f,690366b20e94ce070afd1e8a,keep,0.1513,,,0,174,185,0.9457,,,,-0.4075,-0.1243,0.1895,-0.2938,-0.1571
692ef15f45175992cd6a0d29,6871d82a1aaf88556f0c6041,keep,0.1512,,,0,98,100,0.9899,,,,-0.3445,-0.6628,-0.4183,0.0000,0.8705
692eae5099488ff84776fa18,69036806466be157ec64477f,keep,0.1505,,,121,216,236,0.4043,,,,-0.3920,-0.3598,0.3667,-0.2547,-0.0379
692eb0a21e78e176ba6cf9c2,6846f7cf9cdf020d4a37a294,keep,0.1499,,,0,198,200,0.9950,,,,0.0036,-0.2135,0.3407,-0.4553,-0.6199
692ea476e2322e3b092b5e4c,6871d82a1aaf88556f0c6041,keep,0.1496,,,0,101,106,0.9619,,,,-0.7098,-0.3678,-0.0888,0.0000,0.6578
692e9d99d3d807884d4dd672,6903686e0e94ce070afd1f24,keep,0.1492,,,4,112,114,0.9558,,,,-0.7967,-0.3725,0.1773,0.0000,0.5320
692eaa607641010d04354719,69070e0b9adc5c8f26f55b5a,keep,0.1486,,,0,114,116,0.9913,,,,-0.3668,-0.2600,-0.2090,0.0000,0.1088
692ef39ffbcce321dca74ef4,69038b590e94ce070afd2952,keep,0.1483,,,0,363,373,0.9758,,,,0.2028,-0.6778,-0.2284,-0.2640,0.1668
692ea908af371a654ce7fdde,69038b590e94ce070afd2952,keep,0.1477,,,0,225,236,0.9574,,,,0.0581,-0.0654,-0.1331,-0.5144,-0.3756
692ee61eb07e0e30ff1131e1,6846f7cf9cdf020d4a37a294,keep,0.1475,,,0,160,165,0.9756,,,,-0.3637,-0.4990,-0.2783,0.3868,0.1532
692eab4468bf0a1f462305a0,6904b8d0466be157ec648ef1,keep,0.1475,,,2,147,149,0.9797,,,,-0.8433,-0.2992,-0.0714,0.7675,-0.0147
692eafd9eee2f8cb10d0f8fb,6846f7cf9cdf020d4a37a294,keep,0.1474,,hesitant,0,150,154,0.9804,,,,-0.9605,-0.3032,0.2199,1.2192,-0.5757
692ee206245e918729006fe6,6903a36c466be157ec64562d,keep,0.1473,,,0,233,235,0.9957,,,,-0.8448,0.4401,0.4668,0.6972,-1.5881
692e9ee6b05428c72fb37472,68696b41314bde44018fa510,keep,0.1472,,,1,130,133,0.9773,,,,-0.0179,-0.9000,0.3157,0.0000,0.0310
692ef771fbcce321dca74f16,69150bf42756853dcad943f2,keep,0.1470,,,0,136,138,0.9927,,,,-0.2191,-0.0848,-0.1036,0.0000,-0.4694
692eaec7f169106feb26afcf,6871d82a1aaf88556f0c6041,keep,0.1469,,,0,109,111,0.9909,,,,-0.5560,-0.1159,0.1746,0.0000,-0.1954
692f04b55cec8e06f0b2dbc5,69070e0b9adc5c8f26f55b5a,keep,0.1467,,,0,161,163,0.9938,,,,-0.3841,-0.4867,0.0201,0.7124,-0.4533
692eaee539719ab57395b98b,6903bd580e94ce070afd33cd,keep,0.1466,,,2,142,164,0.8589,,,,0.4026,-0.8113,-0.2720,-0.5342,0.3929
692ef3f44215b056bf36e88b,6846f7cf9cdf020d4a37a294,keep,0.1466,,,0,200,208,0.9662,,,,-0.2769,-0.4799,-0.3453,0.4756,-0.0212
692f04679ca48e15a25b2b15,67421681889e906244b520b1,keep,0.1465,,,4,211,213,0.9764,,,,0.3171,-1.0017,0.0028,0.8490,-0.8504
692ea698ad0c9ef057d41d0e,68bc72d1fcdaacc405e3db53,keep,0.1464,,,75,208,210,0.6364,,,,-0.6884,-0.0770,-0.1752,-0.3737,0.6719
692eaa5d7641010d04354703,69070e0b9adc5c8f26f55b5a,keep,0.1464,,,0,106,108,0.9907,,,,-0.5494,0.2156,-0.0556,0.0000,-0.4684
692eaaa2dbc4294a49cc72b6,69070e0b9adc5c8f26f55b5a,keep,0.1463,,,6,168,170,0.9586,,,,-0.1992,-0.5361,0.1126,0.0000,-0.0337
692e93dd567c97525f40134f,6871d82a1aaf88556f0c6041,keep,0.1459,,,0,103,105,0.9904,,,,-0.2384,-0.1385,0.2981,0.0000,-0.7540
692eb12074b24813e7597680,6846f7cf9cdf020d4a37a294,keep,0.1451,,,0,177,185,0.9620,,,,-0.1774,-1.2241,0.3675,0.9228,-0.2040
692e9ee6b05428c72fb3747c,68696b41314bde44018fa510,keep,0.1450,,,1,143,145,0.9861,,,,-0.5098,-0.3432,0.3645,0.0000,-0.1000
692ea33495aad87d3e3445bd,6903686e0e94ce070afd1f24,keep,0.1449,,,3,96,98,0.9588,,,,-0.4620,0.3464,0.1340,0.0000,-0.9745
692eabd4d52427f961fa15ee,6903686e0e94ce070afd1f24,keep,0.1447,,,6,112,114,0.9381,,,,-0.7499,0.2723,0.1792,0.0000,-0.4757
692eacf699488ff84776f9ef,6846f7cf9cdf020d4a37a294,keep,0.1447,,,0,167,196,0.8564,,,,-1.0108,-0.3914,0.7437,-0.2203,0.5673
692ea3fa3b319da763b71a9a,6871e269bc1991b1a1e463ba,keep,0.1446,,,0,214,216,0.9953,,,,0.9958,-0.7444,-0.6141,0.0000,-0.7751
692eb119b8797912ff78a925,6904b8d0466be157ec648ef1,keep,0.1445,,,2,216,218,0.9862,,,,-1.0708,-0.2979,0.3690,0.2617,0.4106
692ea696ad0c9ef057d41d03,68bc72d1fcdaacc405e3db53,keep,0.1443,,,15,155,158,0.8917,,,,-0.1445,-0.2737,-0.8236,0.4857,-0.0452
692eaddead0c9ef057d41e01,690364170e94ce070afd1da5,keep,0.1440,,unsteady_camera,0,213,215,0.9953,,,,-0.9499,-0.3124,1.2145,-0.3493,0.0205
692eb00e1e78e176ba6cf9a8,6846f7cf9cdf020d4a37a294,keep,0.1438,,,0,169,171,0.9941,,,,-0.2965,0.4284,-0.3498,-0.4125,-0.4424
692ea1a93b319da763b71a38,69070e0b9adc5c8f26f55b5a,keep,0.1438,,,9,161,163,0.9383,,,,-0.2403,-0.4818,-0.0929,0.0000,0.1693
692eb1323b319da763b71c08,6903686e0e94ce070afd1f24,keep,0.1438,,,0,118,120,0.9916,,,,-0.7291,-0.1941,-0.1641,0.0000,0.5423
692e9e50b8797912ff78a766,6903bd580e94ce070afd33cd,keep,0.1436,,jittery,0,181,183,0.9945,0.3546,2,0.8071,-0.6144,1.7565,-0.0966,-0.0327,-0.4656
692ed3f7f2e4e72c033b9969,6871e269bc1991b1a1e463ba,keep,0.1434,,,0,178,180,0.9944,,,,-0.1523,-0.0868,-0.0816,0.0000,-0.5633
692ea1c6a0e165ab2e42e43f,68696b41314bde44018fa510,keep,0.1431,,,0,180,188,0.9626,,,,-0.5879,-0.9942,0.5447,0.9441,-0.1169
692ea9f25aae241ad236edc0,6903b590466be157ec64580a,keep,0.1430,,poor_image,8,149,151,0.9400,0.4062,3,0.2145,1.0529,-0.2205,0.0733,0.3319,-0.3933
692e9ee6b05428c72fb37479,68696b41314bde44018fa510,keep,0.1429,,,0,147,149,0.9932,,,,0.3165,-0.2023,-0.3037,0.0000,-0.8682
692ea33395aad87d3e3445b5,6903686e0e94ce070afd1f24,keep,0.1425,,,4,113,115,0.9561,,,,-0.8164,0.1543,-0.0153,0.8142,-0.8034
692ea5eb68228e362d909049,6903b590466be157ec64580a,keep,0.1421,,,4,163,165,0.9695,,,,0.4529,-0.5670,-0.4288,-0.2128,-0.1817
692ea1c5a0e165ab2e42e439,68696b41314bde44018fa510,keep,0.1418,,unsteady_camera,0,155,157,0.9936,,,,-0.5230,-0.5013,1.3675,0.0000,-0.8235
692ef15f45175992cd6a0d31,6871d82a1aaf88556f0c6041,keep,0.1415,,,2,119,121,0.9750,,,,0.2259,-0.8655,-0.3210,0.0000,0.2897
692ea9c11e78e176ba6cf917,6903bd580e94ce070afd33cd,keep,0.1415,,,1,195,224,0.8700,,,,-0.3741,-0.2407,-0.1902,-0.3295,0.4517
692eb0819cebf0ec017dddcc,69070e0b9adc5c8f26f55b5a,keep,0.1410,,,6,148,150,0.9530,0.1176,2,0.5609,-0.4551,-0.2092,-0.3819,0.4774,0.0988
692eac1bad0c9ef057d41dad,6903b590466be157ec64580a,keep,0.1410,,,0,199,206,0.9707,,,,-0.3250,-0.0198,-0.1559,-0.0135,-0.3003
692e9a582fa9ba56c08f803c,6903686e0e94ce070afd1f24,keep,0.1407,,,0,102,104,0.9903,,,,-0.6409,-0.1720,-0.1720,0.0000,0.4066
692ea5377641010d043546cc,6871d82a1aaf88556f0c6041,keep,0.1406,,,0,97,99,0.9898,,,,-1.0057,-0.1605,0.3693,0.0000,0.3962
692ef71fb07e0e30ff1132e8,6904b8d0466be157ec648ef1,keep,0.1405,,,1,231,233,0.9914,,,,-0.3297,-0.2702,0.2197,0.0000,-0.3031
692ea700c621d7f4aac3ab05,68696b41314bde44018fa510,keep,0.1404,,,0,183,185,0.9946,,,,0.0441,-0.4129,-0.1950,0.0000,-0.2348
692eacf599488ff84776f9eb,6846f7cf9cdf020d4a37a294,keep,0.1404,,,2,227,229,0.9868,,,,-0.7425,-0.5695,0.3208,0.5407,0.1238
692eac7574b24813e759762b,68bc72d1fcdaacc405e3db53,keep,0.1404,,,47,194,196,0.7538,,,,-0.5198,-0.5751,0.0417,0.2748,0.3434
692eae08424dbf22e75ed14d,6846f7cf9cdf020d4a37a294,keep,0.1402,,,3,184,186,0.9784,,,,-0.0966,0.4286,-0.6234,-0.1940,-0.6623
692eb0819cebf0ec017dddcb,69070e0b9adc5c8f26f55b5a,keep,0.1400,,,0,154,159,0.9747,,,,-0.7123,-0.0567,0.1294,0.0000,0.0442
692ef1f6245e9187290070fe,6846f7cf9cdf020d4a37a294,keep,0.1397,,,3,156,158,0.9745,,,,-0.3313,-0.2848,0.0007,-0.1354,0.0807
692eafb1f169106feb26aff5,690cb8f69adc5c8f26f64201,keep,0.1397,,,0,164,167,0.9880,,,,-0.5353,0.0065,0.1467,0.0000,-0.3312
692e9cb53b319da763b7198e,6903bd580e94ce070afd33cd,keep,0.1393,,,0,174,190,0.9206,,,,-0.4267,-0.4809,-0.1192,0.4317,0.0736
692eaf0a854d0e0793875c6c,6871d82a1aaf88556f0c6041,keep,0.1390,,,0,106,108,0.9907,,,,-0.1415,-0.3703,-0.1687,0.0000,-0.0363
692eac0a96d2056439f01904,6871d82a1aaf88556f0c6041,keep,0.1386,,,1,102,104,0.9806,,,,-0.1752,-0.1254,0.1768,0.0000,-0.6962
692e99de6974927fef249bd1,69150bf42756853dcad943f2,keep,0.1379,,,0,112,114,0.9912,,,,-0.5276,0.0792,0.9697,0.0000,-1.2624
692ea6d199488ff84776f955,69070e0b9adc5c8f26f55b5a,keep,0.1373,,,6,118,120,0.9412,,,,-0.3091,-0.3034,-0.2025,0.0000,0.1598
692ead1affdc0ca6345c4350,6846f7cf9cdf020d4a37a294,keep,0.1371,,,8,184,186,0.9514,,,,-0.5496,-0.1877,0.0115,0.2905,-0.1560
692e93dd567c97525f40134d,6871d82a1aaf88556f0c6041,keep,0.1371,,,0,100,102,0.9901,,,,0.1416,-0.7157,0.2809,0.0000,-0.3795
692e99e7ba0400c70689fd48,68696b41314bde44018fa510,keep,0.1367,,unsteady_camera,0,162,164,0.9939,,,,-0.7331,-0.1532,1.0519,0.0000,-0.6790
692eac4b5aae241ad236ee08,6903bd580e94ce070afd33cd,keep,0.1362,,,38,176,186,0.7459,,,,-0.2510,-0.6583,-0.2657,-0.0408,0.7169
692ea72792a31767e35da328,69038b590e94ce070afd2952,keep,0.1361,,,5,211,227,0.9115,,,,-0.3860,-0.1460,-0.2104,-0.1717,0.2275
692eaee439719ab57395b980,6903bd580e94ce070afd33cd,keep,0.1359,,,3,143,157,0.8974,,,,0.2228,-0.4411,-0.1090,-0.5342,0.0192
692ea22db0d3d3c9d26069ab,68bc72d1fcdaacc405e3db53,keep,0.1357,,,0,148,150,0.9933,,,,0.3290,-0.2921,-0.5252,0.0791,-0.5589
692eae0597ffd8ec90340265,6846f7cf9cdf020d4a37a294,keep,0.1351,,,30,200,207,0.8252,,,,-0.6688,-0.0855,-0.2669,-0.4638,0.9166
692e9a582fa9ba56c08f8041,6903686e0e94ce070afd1f24,keep,0.1350,,,0,96,98,0.9897,,,,0.0103,-0.5854,-0.3406,0.7968,-0.5385
692e9e1eb0d3d3c9d2606920,6846f7cf9cdf020d4a37a294,keep,0.1348,,,1,174,178,0.9774,,,,-0.1558,-1.0147,-0.3294,0.8710,0.2707
692ea53c7641010d043546ea,6871d82a1aaf88556f0c6041,keep,0.1346,,,0,92,94,0.9892,,,,0.3478,-0.7138,0.0120,0.0000,-0.4053
692eb0513019385fbbf56890,69070e0b9adc5c8f26f55b5a,keep,0.1344,,,0,172,174,0.9942,,,,-0.6549,-0.1146,0.0112,0.4112,-0.2093
692f04689ca48e15a25b2b1c,67421681889e906244b520b1,keep,0.1343,,hesitant,0,180,182,0.9945,,,,-0.2103,-0.2965,0.1520,1.2299,-1.5621
692ea8a096d2056439f01883,6903b590466be157ec64580a,keep,0.1340,,,1,200,202,0.9900,0.1184,3,0.9550,0.2235,-0.6979,-0.2991,-0.2128,-0.1186
692eb1465aae241ad236ee6f,68bc72d1fcdaacc405e3db53,keep,0.1340,,,4,141,143,0.9648,,,,0.1974,-0.1875,-0.2169,-0.3737,-0.3620
692ea2d4c7cb0e94dc84bb55,69070e0b9adc5c8f26f55b5a,keep,0.1335,,,0,99,101,0.9900,,,,-0.2883,-0.8008,0.5539,0.0000,0.1451
692eac0839719ab57395b972,6903b590466be157ec64580a,keep,0.1335,,,0,184,186,0.9946,,,,-0.2262,-0.0051,-0.3911,0.0081,-0.2043
692ead1bffdc0ca6345c435a,6846f7cf9cdf020d4a37a294,keep,0.1333,,,2,172,177,0.9659,,,,-0.4430,-0.0263,-0.0101,-0.4225,0.2034
692ea670dbc4294a49cc7273,6871e269bc1991b1a1e463ba,keep,0.1332,,,0,181,183,0.9945,,,,-0.1358,-0.6373,0.3198,0.0000,-0.0922
692ea8f4c621d7f4aac3ab7d,6903b590466be157ec64580a,keep,0.1330,,,3,236,239,0.9790,,,,0.0887,-0.6468,-0.3348,-0.2128,0.4538
692eb0819cebf0ec017dddca,69070e0b9adc5c8f26f55b5a,keep,0.1323,,,0,133,141,0.9500,,,,-0.0646,-0.6908,-0.0510,0.0000,0.2578
692eae7f3019385fbbf56861,690366b20e94ce070afd1e8a,keep,0.1323,,,22,197,200,0.8794,,,,-0.6313,0.3205,0.1024,0.0465,-0.6089
692eb12997ffd8ec903402a5,6846f7cf9cdf020d4a37a294,keep,0.1323,,,12,158,169,0.8690,,,,0.3670,-1.1111,-0.0764,-0.1728,0.4396
692eac7474b24813e759761f,68bc72d1fcdaacc405e3db53,keep,0.1322,,,46,167,169,0.7202,,,,-0.4636,-0.1902,-0.1974,-0.3737,0.6262
692ea16696d2056439f017e9,6903686e0e94ce070afd1f24,keep,0.1321,,,0,90,92,0.9890,,,,-0.3133,-0.6448,-0.0566,0.0000,0.5689
692ea72792a31767e35da32b,69038b590e94ce070afd2952,keep,0.1318,,,8,208,227,0.8850,0.2608,2,0.4242,-0.4338,-0.4583,0.1801,0.9953,0.4085
692eac2aaec602a46af1064f,6903686e0e94ce070afd1f24,keep,0.1315,,,8,99,101,0.9100,,,,-0.3382,-0.0739,-0.1516,0.0000,-0.1506
692eb227b77ab81b8b41ef8d,6903686e0e94ce070afd1f24,keep,0.1314,,,0,95,97,0.9896,,,,-0.4982,-0.4353,0.0811,0.0000,0.3995
692e9a5a9cebf0ec017ddb3e,6904b8d0466be157ec648ef1,keep,0.1313,,,0,169,174,0.9769,,,,-0.7807,0.0290,-0.0910,0.6566,-0.3570
692e99e7ba0400c70689fd42,68696b41314bde44018fa510,keep,0.1310,,hesitant,3,154,156,0.9742,,,,-0.2860,-0.3010,-0.2233,1.1390,-0.9519
692eae0597ffd8ec9034025e,6846f7cf9cdf020d4a37a294,keep,0.1309,,,0,212,214,0.9953,,,,-0.2610,-0.3226,-0.0461,0.2077,-0.2024
692eb108567c97525f4015ef,6846f7cf9cdf020d4a37a294,keep,0.1305,,incomplete,35,216,236,0.7702,0.2369,1,0.9975,-0.0344,-0.1298,-0.1126,-0.3249,1.4029
692e977c74b24813e75973fc,69150bf42756853dcad943f2,keep,0.1301,,,6,130,132,0.9466,,,,-0.2846,-0.3954,-0.3431,0.0000,0.4527
692eac7574b24813e7597629,68bc72d1fcdaacc405e3db53,keep,0.1299,,,0,155,157,0.9936,,,,-0.0589,-0.0120,-0.1299,-0.3737,-0.2992
692eb1efd52427f961fa1680,69070e0b9adc5c8f26f55b5a,keep,0.1298,,,1,120,122,0.9835,,,,-0.6134,-0.2289,0.4453,0.0000,-0.0905
692eac87eee2f8cb10d0f8a2,6903b590466be157ec64580a,keep,0.1298,,,2,167,169,0.9821,,,,-0.2761,0.1622,-0.6547,-0.2128,0.1297
692f04b55cec8e06f0b2dbc8,69070e0b9adc5c8f26f55b5a,keep,0.1298,,,15,182,184,0.9126,,,,-0.4477,-0.5974,-0.2264,0.0000,0.8855
692e98f040338017b7f997d9,6871d82a1aaf88556f0c6041,keep,0.1294,,,0,97,99,0.9898,,,,0.0453,-0.0627,-0.2822,0.0000,-0.5978
692ea6393b319da763b71ad0,69070e0b9adc5c8f26f55b5a,keep,0.1293,,,6,108,110,0.9358,,,,-0.3609,-0.4360,0.4669,0.0000,-0.1768
692ea63a3b319da763b71ad8,69070e0b9adc5c8f26f55b5a,keep,0.1291,,,5,101,103,0.9412,,,,-0.2894,0.0554,-0.0085,0.0000,-0.5444
692eada5c609aae267b279e1,690cb8f69adc5c8f26f64201,keep,0.1286,,,6,203,208,0.9517,,,,-1.5033,-0.4233,0.5079,0.9038,0.5782
692ea2d5c7cb0e94dc84bb63,69070e0b9adc5c8f26f55b5a,keep,0.1282,,,8,93,95,0.9043,,,,-0.3489,-0.7142,0.3945,0.0000,0.3027
692e9ab9d3d807884d4dd621,69150bf42756853dcad943f2,keep,0.1282,,,0,117,119,0.9915,,,,-0.8099,0.2742,0.3714,0.0000,-0.4651
692ea5ffea43f09edf26f591,6846f7cf9cdf020d4a37a294,keep,0.1280,,,0,193,195,0.9948,,,,-0.7013,0.3250,0.4761,-0.4488,-0.3588
692eaf5374b24813e7597664,6846f7cf9cdf020d4a37a294,keep,0.1279,,unsteady_camera,6,218,223,0.9550,0.5267,2,0.0346,0.3650,0.5355,1.4103,-0.7063,0.0306
692ed3f8f2e4e72c033b996d,6871e269bc1991b1a1e463ba,keep,0.1278,,,2,185,187,0.9839,,,,-0.0560,-0.1947,-0.4861,0.0000,-0.0324
692eb1f0d52427f961fa168b,69070e0b9adc5c8f26f55b5a,keep,0.1277,,,0,88,90,0.9888,,,,-0.1431,-0.4340,-0.1066,0.0000,0.0784
692ea5f4eee2f8cb10d0f7dc,69150bf42756853dcad943f2,keep,0.1277,,,1,124,126,0.9840,,,,-0.0137,-0.7610,0.2447,0.0000,0.0237
692ed52e245e918729006f36,690362600e94ce070afd1d30,keep,0.1274,,,0,209,218,0.9631,,,,-0.1595,-0.4329,0.0397,-0.1828,0.1402
692e9b441e78e176ba6cf7a5,6903bd580e94ce070afd33cd,keep,0.1270,,,0,236,238,0.9958,,,,-0.7827,0.2609,-0.0063,0.0945,-0.1946
692eac2daec602a46af1066b,6903686e0e94ce070afd1f24,keep,0.1268,,poor_image,0,96,98,0.9897,0.2917,1,0.0676,1.2849,0.5317,-0.1794,0.0000,-0.5020
692eab4568bf0a1f462305a7,6904b8d0466be157ec648ef1,keep,0.1266,,,0,163,165,0.9939,,,,-0.3131,-0.4699,-0.1038,0.6926,-0.3007
692eac7474b24813e759761b,68bc72d1fcdaacc405e3db53,keep,0.1264,,,1,196,198,0.9898,,,,0.2245,-0.1042,-0.5490,-0.3737,-0.1425
692eaa89c7cb0e94dc84bc13,6903bd580e94ce070afd33cd,keep,0.1263,,,0,162,166,0.9818,,,,-0.2046,0.0965,-0.0293,-0.5342,-0.1585
692eaf7668228e362d90914d,6903bd580e94ce070afd33cd,keep,0.1261,,,0,142,165,0.8659,,,,0.5276,-0.8165,-0.3202,-0.2559,0.1269
692e9f65727c13b350cb7bc0,69150bf42756853dcad943f2,keep,0.1259,,,3,143,146,0.9655,,,,-1.0266,0.4603,0.2299,0.0000,-0.2616
692e9ee6b05428c72fb3747a,68696b41314bde44018fa510,keep,0.1256,,,0,141,143,0.9930,,,,-0.6276,-0.1432,0.3342,0.0000,-0.0570
692ea8fb727c13b350cb7cba,6903bd580e94ce070afd33cd,keep,0.1256,,,0,163,165,0.9939,,,,-0.0944,-0.1912,0.1354,-0.2190,-0.3669
692e977874b24813e75973ea,6871e269bc1991b1a1e463ba,keep,0.1256,,,0,178,180,0.9944,,,,-0.2918,-0.1029,-0.2657,0.6018,-0.6231
692ef1f5245e9187290070fb,6846f7cf9cdf020d4a37a294,keep,0.1255,,,28,147,149,0.8041,,,,0.1606,-0.1870,-0.5721,-0.7063,0.4398
692e9d4939719ab57395b80c,6903bd580e94ce070afd33cd,keep,0.1250,,,0,173,201,0.8650,,,,-0.8043,-0.2646,-0.1255,0.3786,0.4748
692ea97dea43f09edf26f608,6903686e0e94ce070afd1f24,keep,0.1250,,,0,101,103,0.9902,,,,-0.0412,-0.0070,0.0303,0.0000,-0.8328
692e974aba0400c70689fd08,69150bf42756853dcad943f2,keep,0.1249,,,0,104,106,0.9905,,,,0.4456,-0.4651,0.1711,0.0000,-1.0161
692e98ad5aae241ad236ec01,6871d82a1aaf88556f0c6041,keep,0.1249,,,0,108,110,0.9908,,,,0.0817,-0.1291,-0.2920,0.0000,-0.5112
692ef1f8245e918729007110,6846f7cf9cdf020d4a37a294,keep,0.1247,,,0,186,189,0.9894,,,,-0.6836,0.0145,0.6306,-0.4406,-0.0593
692eaa172fa9ba56c08f81b7,69150bf42756853dcad943f2,keep,0.1243,,incomplete,36,125,127,0.7063,,,,-0.6872,-0.5082,-0.1811,0.0000,1.1044
692ea298727c13b350cb7c2e,69150bf42756853dcad943f2,keep,0.1242,,,1,142,144,0.9860,,,,0.9794,-0.7993,-0.0654,0.0000,-1.0745
692ea5c8d3d807884d4dd766,68bc72d1fcdaacc405e3db53,keep,0.1237,,,0,212,214,0.9953,,,,-0.5136,0.5237,-0.1810,0.4181,-1.1183
692ea4e492a31767e35da2fa,690366b20e94ce070afd1e8a,keep,0.1236,,,6,182,188,0.9412,,,,-0.7563,0.3907,0.0489,-0.2938,-0.0717
692eaa75dfa4113987776a52,6871e269bc1991b1a1e463ba,keep,0.1235,,hesitant,0,199,203,0.9851,,,,-0.5454,-0.7650,-0.0981,1.0665,0.1325
692ea51da0e165ab2e42e481,6871d6cd07c5fd75be83e337,keep,0.1233,,,97,233,235,0.5812,,,,-0.1580,-1.1358,-0.2561,0.9154,0.4185
692eab3497ffd8ec90340215,69070e0b9adc5c8f26f55b5a,keep,0.1232,,,0,103,105,0.9904,,,,-0.5257,-0.3487,0.0616,0.0000,0.3873
692ef6030ba268eb16564b09,6903bd580e94ce070afd33cd,keep,0.1231,,,3,169,184,0.9071,,,,-0.4674,-0.3467,-0.2525,0.3131,0.2989
692ea9baf169106feb26af0d,68bc72d1fcdaacc405e3db53,keep,0.1230,,,48,196,199,0.7475,,,,0.2655,-0.9511,-0.0966,-0.3737,0.6375
692ea5b4dbc4294a49cc7260,690362600e94ce070afd1d30,keep,0.1223,,,0,235,237,0.9958,,,,-0.3069,-0.2246,-0.0999,-0.3721,0.4136
692eae813019385fbbf5686d,690366b20e94ce070afd1e8a,keep,0.1220,,,21,204,206,0.8927,,,,0.1896,-0.6559,0.1208,-0.2938,0.0183
692e9f65727c13b350cb7bba,69150bf42756853dcad943f2,keep,0.1218,,incomplete,36,118,120,0.6891,,,,-0.3658,-0.9126,-0.1451,0.0000,1.2098
692ed52e245e918729006f34,690362600e94ce070afd1d30,keep,0.1218,,,0,211,224,0.9462,,,,-0.1242,-0.4215,-0.0386,0.3020,-0.2973
692eac0a96d2056439f01912,6871d82a1aaf88556f0c6041,keep,0.1216,,,0,104,106,0.9905,,,,0.0747,-0.0197,-0.4226,0.0000,-0.5108
692ed3f7f2e4e72c033b996a,6871e269bc1991b1a1e463ba,keep,0.1215,,,0,175,177,0.9943,,,,-0.0792,-0.0727,-0.0929,0.0000,-0.5296
692ea773b77ab81b8b41ee87,6846f7cf9cdf020d4a37a294,keep,0.1214,,,11,187,199,0.8889,,,,-0.2867,-0.9297,0.7187,-0.4540,0.7103
692eae3e3b319da763b71bb3,6846f7cf9cdf020d4a37a294,keep,0.1213,,,4,233,235,0.9786,,,,-0.2060,-0.5279,-0.1131,0.4648,-0.1002
692e9fa292a31767e35da233,69150bf42756853dcad943f2,keep,0.1213,,,0,151,153,0.9934,,,,-0.4084,0.3595,-0.1335,0.0000,-0.6421
692ea16a92a31767e35da25e,68bc72d1fcdaacc405e3db53,keep,0.1209,,,62,149,151,0.5800,,,,-1.1850,0.2660,0.2775,-0.3737,0.6283
692ea1c5a0e165ab2e42e438,68696b41314bde44018fa510,keep,0.1207,,,0,185,187,0.9946,,,,-0.3453,0.1438,-0.6211,0.0000,0.0787
692eb109567c97525f4015f4,6846f7cf9cdf020d4a37a294,keep,0.1202,,,0,225,227,0.9956,,,,-0.5913,0.5315,0.1289,-0.7063,-0.1740
692ea162e2322e3b092b5dce,6871d82a1aaf88556f0c6041,keep,0.1196,,unsteady_camera,0,103,108,0.9626,,,,-0.0724,-1.2915,1.4794,0.0000,-0.2705
692eae403b319da763b71bc5,6846f7cf9cdf020d4a37a294,keep,0.1195,,,4,166,168,0.9701,,,,-0.0966,-0.8305,-0.3643,0.7279,0.1905
692eac0892a31767e35da399,6846f7cf9cdf020d4a37a294,keep,0.1192,,,2,213,215,0.9860,,,,0.1267,-0.4513,0.1082,-0.0300,-0.4257
692ea5367641010d043546c9,6871d82a1aaf88556f0c6041,keep,0.1185,,,0,96,98,0.9897,,,,-0.3935,-0.4549,-0.0711,0.0000,0.5144
692ea97cea43f09edf26f604,6903686e0e94ce070afd1f24,keep,0.1183,,,1,100,102,0.9802,,,,-0.2140,-0.1018,-0.1396,0.7652,-0.9800
692ea4e492a31767e35da2f7,690366b20e94ce070afd1e8a,keep,0.1183,,incomplete,87,189,206,0.4976,,,,-0.6216,-0.3308,-0.4511,-0.2938,1.3455
692ea8fb727c13b350cb7cc3,6903bd580e94ce070afd33cd,keep,0.1181,,,0,139,162,0.8634,,,,-0.0594,-0.8305,-0.0472,0.3538,0.2013
692ea4e392a31767e35da2f0,690366b20e94ce070afd1e8a,keep,0.1180,,incomplete,12,107,187,0.5108,,,,-1.0946,-0.2114,-0.2643,0.1069,1.2903
692eaa56a0e165ab2e42e4f8,690362600e94ce070afd1d30,keep,0.1178,,,0,197,214,0.9249,,,,0.0989,-0.5385,-0.3712,0.2369,-0.0311
692ee61eb07e0e30ff1131da,6846f7cf9cdf020d4a37a294,keep,0.1176,,,0,192,204,0.9458,,,,-0.2804,-0.3634,-0.2779,0.0320,0.3884
692eb0819cebf0ec017dddc6,69070e0b9adc5c8f26f55b5a,keep,0.1175,,,2,145,148,0.9728,,,,-0.0788,-0.4894,0.0361,0.0000,-0.0059
692ea9bc95aad87d3e344667,6903686e0e94ce070afd1f24,keep,0.1171,,,11,149,151,0.9200,,,,-0.8086,-0.1447,-0.1350,0.5153,0.2297
692e9858af371a654ce7fc41,690cb8f69adc5c8f26f64201,keep,0.1171,,,1,204,206,0.9902,,,,-0.3331,0.3196,-0.1640,0.0000,-0.6354
692e98f040338017b7f997d7,6871d82a1aaf88556f0c6041,keep,0.1170,,,0,97,99,0.9898,,,,0.1835,0.1699,-0.5146,0.0000,-0.8343
692e9d3ea0e165ab2e42e3cc,6903686e0e94ce070afd1f24,keep,0.1168,,,5,106,108,0.9439,,,,-0.2915,-0.5240,-0.2259,0.0000,0.6313
692eaf7768228e362d90915e,6903bd580e94ce070afd33cd,keep,0.1167,,,0,175,193,0.9115,,,,0.3590,-0.6343,-0.0169,-0.5342,0.1470
692ea5f5eee2f8cb10d0f7e4,69150bf42756853dcad943f2,keep,0.1166,,,0,119,121,0.9917,,,,0.0804,-0.6237,-0.0009,0.0000,-0.0007
692ef71fb07e0e30ff1132ec,6904b8d0466be157ec648ef1,keep,0.1165,,,0,235,237,0.9958,,,,-0.3775,0.1203,0.0158,0.0000,-0.4457
692eaa836974927fef249cfa,6903b590466be157ec64580a,keep,0.1162,,,0,166,168,0.9940,,,,-0.2760,-0.5181,0.4425,0.6550,-0.7198
692eb00f1e78e176ba6cf9b1,6846f7cf9cdf020d4a37a294,keep,0.1162,,,0,184,186,0.9946,,,,-0.1155,0.2193,-0.2852,-0.7063,0.0224
692e9b2daf371a654ce7fc97,6903bd580e94ce070afd33cd,keep,0.1160,,,0,127,146,0.8759,,,,0.2320,-0.6222,-0.0032,-0.5342,0.3104
692ea4d33b319da763b71ab2,69150bf42756853dcad943f2,keep,0.1160,,,1,157,159,0.9873,,,,0.1338,-0.8052,0.0193,0.0000,0.1761
692e9ee6b05428c72fb3746e,68696b41314bde44018fa510,keep,0.1159,,hesitant,0,139,141,0.9929,,,,-0.7264,-0.9090,-0.4664,2.0000,0.1078
692ef7cb0ba268eb16564b27,68bdae5d259c8771eea61c1b,keep,0.1158,,,18,209,218,0.8802,,,,0.0417,-0.3843,-0.1001,-0.4357,0.2391
692eae813019385fbbf56872,690366b20e94ce070afd1e8a,keep,0.1157,,,70,198,200,0.6432,,,,-0.1412,-0.7624,-0.3075,0.0808,0.7721
692eabd2d52427f961fa15d8,6903686e0e94ce070afd1f24,keep,0.1149,,,4,113,115,0.9561,,,,-0.2243,0.2242,-0.1487,0.0000,-0.6559
692eaed1ffdc0ca6345c437e,6903bd580e94ce070afd33cd,keep,0.1148,,,5,196,198,0.9695,,,,-1.0314,0.5036,-0.0308,-0.0709,0.0899
692ea9c21e78e176ba6cf927,6903bd580e94ce070afd33cd,keep,0.1144,,,3,161,191,0.8316,,,,-0.3352,-0.4899,-0.0537,0.1864,0.3040
692ea7ff4e7eab2cafd26995,690366b20e94ce070afd1e8a,keep,0.1143,,,1,162,165,0.9817,,,,-0.6123,0.0886,-0.1898,0.5735,-0.3982
692ea1c4a0e165ab2e42e431,68696b41314bde44018fa510,keep,0.1139,,,0,178,180,0.9944,,,,-0.2475,0.0993,0.0149,0.0000,-0.5899
692e9b2aaf371a654ce7fc80,6903bd580e94ce070afd33cd,keep,0.1137,,,1,141,162,0.8696,,,,-0.1874,-0.6272,-0.1380,0.1079,0.4563
692eaa637641010d0435472b,69070e0b9adc5c8f26f55b5a,keep,0.1137,,,0,103,105,0.9904,,,,-0.4056,0.0903,-0.0700,0.0000,-0.2527
692eaa162fa9ba56c08f81b4,69150bf42756853dcad943f2,keep,0.1135,,,0,117,119,0.9915,,,,0.7402,-0.9328,0.1721,0.0000,-0.6777
692ea908af371a654ce7fde1,69038b590e94ce070afd2952,keep,0.1132,,,22,168,192,0.7644,,,,0.4758,-0.4037,-0.2629,-0.5144,-0.1233
692ea95fc609aae267b27990,690364170e94ce070afd1da5,keep,0.1131,,poor_image,2,225,227,0.9867,,,,1.0132,-0.6868,-0.4523,-0.3747,-0.4546
692ef4ea4215b056bf36e8b1,69150bf42756853dcad943f2,keep,0.1128,,,1,98,107,0.9151,,,,-0.1053,-0.5907,0.0244,0.0000,0.2300
692ed530245e918729006f46,690362600e94ce070afd1d30,keep,0.1123,,,0,117,136,0.8667,,,,-0.1820,-0.8597,-0.1878,0.8169,0.1479
692eaee439719ab57395b981,6903bd580e94ce070afd33cd,keep,0.1121,,,16,168,170,0.8994,,,,-0.4142,0.0501,-0.2025,-0.2641,0.2283
692ef6369ca48e15a25b2a7d,69150bf42756853dcad943f2,keep,0.1120,,incomplete,33,117,119,0.7119,,,,-0.7193,-0.3379,-0.2312,0.0000,1.0330
692ef1f6245e918729007102,6846f7cf9cdf020d4a37a294,keep,0.1114,,,8,153,155,0.9416,,,,-0.3943,-0.0528,-0.2981,0.2001,-0.0114
692ea4d33b319da763b71ab3,69150bf42756853dcad943f2,keep,0.1114,,,46,171,173,0.7267,,,,-0.2389,-0.6478,0.1653,0.0000,0.3852
692eaf7568228e362d90914c,6903bd580e94ce070afd33cd,keep,0.1110,,,29,160,164,0.8037,,,,-0.1694,-0.2602,-0.1864,-0.5342,0.5878
692eace31e78e176ba6cf959,6903bd580e94ce070afd33cd,keep,0.1108,,,8,176,178,0.9492,,,,0.1006,-0.0669,0.2226,-0.5342,-0.5149
692ea4abc609aae267b278f3,68696b41314bde44018fa510,keep,0.1106,,incomplete,11,145,147,0.9178,,,,-0.0785,-1.0255,-0.5828,0.0000,1.4644
692eaaa4dbc4294a49cc72c4,69070e0b9adc5c8f26f55b5a,keep,0.1105,,,4,143,145,0.9653,,,,0.0565,-0.9829,0.2328,0.0000,0.3835
692e9d97d3d807884d4dd665,6903686e0e94ce070afd1f24,keep,0.1103,,,8,104,107,0.9057,,,,-0.1123,-0.2070,0.0282,0.0000,-0.3216
692e9a32ba0400c70689fd61,68696b41314bde44018fa510,keep,0.1097,,,0,171,173,0.9942,,,,0.0877,-0.4928,0.7936,0.0000,-0.9538
692e9857af371a654ce7fc3b,690cb8f69adc5c8f26f64201,keep,0.1097,,,0,195,197,0.9949,,,,-0.1459,0.5008,-0.2424,0.0000,-1.0577
692e9f65727c13b350cb7bb7,69150bf42756853dcad943f2,keep,0.1089,,,0,108,110,0.9908,,,,0.3473,-0.7586,0.1221,0.0000,-0.2674
692eafd8eee2f8cb10d0f8ec,6846f7cf9cdf020d4a37a294,keep,0.1085,,,1,147,149,0.9865,,,,-0.3058,0.3416,0.0624,-0.0312,-0.8444
692eb0a31e78e176ba6cf9c8,6846f7cf9cdf020d4a37a294,keep,0.1085,,,0,209,212,0.9905,,,,-0.1890,-0.1221,0.5492,-0.7063,-0.1358
692ea8135cd6df8b6023ca3d,69038b590e94ce070afd2952,keep,0.1082,,,3,264,266,0.9849,,,,-0.0197,0.0992,0.3567,-0.5144,-0.7190
692eaa04c7cb0e94dc84bbeb,68bc72d1fcdaacc405e3db53,keep,0.1081,,,0,119,156,0.7677,,,,-0.3522,0.1008,0.3987,0.1430,-0.9212
692eaee539719ab57395b98a,6903bd580e94ce070afd33cd,keep,0.1078,,,1,160,162,0.9876,,,,0.6560,-0.8405,-0.3201,0.0327,-0.1907
692ee61eb07e0e30ff1131d7,6846f7cf9cdf020d4a37a294,keep,0.1078,,,6,155,175,0.8563,,,,0.3032,-0.8822,0.0654,-0.4488,0.4970
692ea601ea43f09edf26f5a9,6846f7cf9cdf020d4a37a294,keep,0.1077,,jittery,0,173,175,0.9943,,,,-0.1138,1.3607,-0.1284,-0.7063,-1.7894
692eaa75dfa4113987776a50,6871e269bc1991b1a1e463ba,keep,0.1077,,hesitant,0,176,179,0.9888,,,,-0.2178,-1.2080,-0.0608,1.5542,-0.1084
692ea6393b319da763b71acc,69070e0b9adc5c8f26f55b5a,keep,0.1072,,,14,107,109,0.8611,,,,-0.0075,-0.4058,-0.1025,0.0000,-0.0282
692ea25bf169106feb26ae05,6871e269bc1991b1a1e463ba,keep,0.1072,,,0,203,207,0.9854,,,,-0.2868,-0.3821,0.1849,0.0000,0.0681
692f49135cec8e06f0b2dc99,690362600e94ce070afd1d30,keep,0.1072,,,0,214,219,0.9817,,,,0.2979,-0.0768,-0.4339,-0.6342,-0.0138
692ea1ebb0d3d3c9d2606972,6903686e0e94ce070afd1f24,keep,0.1068,,,0,100,102,0.9901,,,,-0.3361,-0.1071,-0.3372,0.0000,0.2544
692ea306dbc4294a49cc7220,6871d82a1aaf88556f0c6041,keep,0.1065,,,0,109,111,0.9909,,,,-0.0355,-0.6709,0.3926,0.0000,-0.0784
692ee61db07e0e30ff1131d2,6846f7cf9cdf020d4a37a294,keep,0.1065,,,8,185,189,0.9415,,,,0.2847,-0.8245,-0.2262,0.0635,0.2272
692e9a582fa9ba56c08f803e,6903686e0e94ce070afd1f24,keep,0.1064,,,6,96,98,0.9278,,,,-0.5908,-0.3001,0.2073,0.0000,0.3842
692ef15e45175992cd6a0d19,6871d82a1aaf88556f0c6041,keep,0.1064,,hesitant,0,98,103,0.9608,,,,-0.3065,-1.2578,-0.4027,1.4276,0.5770
692ea4e592a31767e35da300,690366b20e94ce070afd1e8a,keep,0.1056,,,5,188,191,0.9632,,,,-0.2368,0.0804,-0.3738,0.0626,-0.1931
692e9ab8d3d807884d4dd614,69150bf42756853dcad943f2,keep,0.1055,,,4,113,117,0.9397,,,,-0.3289,-0.3834,0.0435,0.0000,0.2862
692eafaff169106feb26afe4,690cb8f69adc5c8f26f64201,keep,0.1054,,,0,207,218,0.9539,0.1168,2,0.9657,0.1454,-0.2456,-0.1502,0.0000,0.3021
692eb119b8797912ff78a924,6904b8d0466be157ec648ef1,keep,0.1051,,,0,174,176,0.9943,,,,-0.8302,0.0063,0.0723,0.2192,0.2089
692eb1333b319da763b71c16,6903686e0e94ce070afd1f24,keep,0.1047,,,0,111,113,0.9911,,,,-0.1997,-0.5019,-0.2132,0.0000,0.5326
692e9b6768228e362d908f15,6903bd580e94ce070afd33cd,keep,0.1046,,,14,161,164,0.9018,,,,-0.3994,-0.3692,-0.1032,0.3429,0.1809
692ea601ea43f09edf26f5a7,6846f7cf9cdf020d4a37a294,keep,0.1045,,,0,196,198,0.9949,,,,-0.4625,0.3959,0.1071,0.2559,-0.9948
692ea1c3a0e165ab2e42e42d,68696b41314bde44018fa510,keep,0.1044,,,0,183,185,0.9946,,,,0.9084,-0.2101,-0.5753,0.0000,-1.2030
692ef7cc0ba268eb16564b31,68bdae5d259c8771eea61c1b,keep,0.1043,,,0,191,195,0.9845,,,,0.7829,0.4720,-0.0362,-0.8251,-1.7515
692e99dc6974927fef249bc5,69150bf42756853dcad943f2,keep,0.1041,,,0,144,152,0.9536,,,,-0.3542,0.1465,-0.2469,0.0000,-0.1700
692ea5c7d3d807884d4dd75b,68bc72d1fcdaacc405e3db53,keep,0.1039,,hesitant,83,214,222,0.5928,,,,-0.6263,-0.9792,0.5018,1.3812,-0.2023
692ea696727c13b350cb7c8e,69070e0b9adc5c8f26f55b5a,keep,0.1039,,,0,134,136,0.9926,,,,-0.4855,-0.0556,-0.1975,0.0000,0.2820
692ef6369ca48e15a25b2a7c,69150bf42756853dcad943f2,keep,0.1037,,,0,129,131,0.9923,,,,0.1620,-0.4073,0.8952,0.0000,-1.2533
692eb12174b24813e759768d,6846f7cf9cdf020d4a37a294,keep,0.1035,,,6,133,135,0.9478,,,,0.5536,-1.1306,0.0714,-0.3719,0.4412
692ef6359ca48e15a25b2a72,69150bf42756853dcad943f2,keep,0.1034,,,0,133,135,0.9925,,,,0.3120,-0.2996,0.0494,0.0000,-0.7916
692e9ee6b05428c72fb37470,68696b41314bde44018fa510,keep,0.1032,,,0,152,154,0.9935,,,,-0.7604,0.0639,0.2113,0.0000,0.1107
692eae56c621d7f4aac3abde,6846f7cf9cdf020d4a37a294,keep,0.1032,,,9,158,171,0.8765,,,,-0.6876,-0.6085,-0.3429,0.7328,0.8315
692ea1c4a0e165ab2e42e436,68696b41314bde44018fa510,keep,0.1029,,,0,171,173,0.9942,,,,-0.4551,0.0535,-0.0023,0.0000,-0.1157
692e9859af371a654ce7fc47,690cb8f69adc5c8f26f64201,keep,0.1027,,,0,195,197,0.9949,,,,0.0888,0.1066,0.0618,0.0000,-1.0739
692ea8fb727c13b350cb7cbf,6903bd580e94ce070afd33cd,keep,0.1023,,,4,159,194,0.8031,,,,0.0565,-0.8317,0.7439,-0.5342,0.2366
692ea2f9854d0e0793875b48,69070e0b9adc5c8f26f55b5a,keep,0.1015,,,0,138,140,0.9928,,,,0.1115,-0.6490,-0.1437,0.0000,0.2391
692eaa0e424dbf22e75ed0c7,6846f7cf9cdf020d4a37a294,keep,0.1011,,,0,205,207,0.9951,,,,-0.4075,0.1419,0.0720,0.1639,-0.5448
692ea22cb0d3d3c9d26069a1,68bc72d1fcdaacc405e3db53,keep,0.1005,,,33,207,210,0.8325,,,,0.1543,-0.2574,-0.8146,-0.1519,0.4173
692eb00f1e78e176ba6cf9b4,6846f7cf9cdf020d4a37a294,keep,0.0999,,,0,178,180,0.9944,,,,0.0114,0.9736,-0.3527,-0.1481,-1.6763
692ea600ea43f09edf26f5a1,6846f7cf9cdf020d4a37a294,keep,0.0999,,jittery,1,211,213,0.9906,,,,-0.8492,1.0777,-0.3248,-0.2835,-0.4338
692ea285dfa4113987776964,6871d82a1aaf88556f0c6041,keep,0.0998,,,0,92,94,0.9892,,,,0.1487,-0.2539,0.3346,0.0000,-0.8752
692e9cb63b319da763b71994,6903bd580e94ce070afd33cd,keep,0.0994,,,1,152,155,0.9805,,,,-0.4637,0.0085,0.2979,-0.1986,-0.1119
692eafd9eee2f8cb10d0f8f3,6846f7cf9cdf020d4a37a294,keep,0.0992,,hesitant,0,139,141,0.9929,,,,-0.3020,-0.2406,-0.0818,1.2511,-1.0495
692ea6d199488ff84776f956,69070e0b9adc5c8f26f55b5a,keep,0.0990,,,0,85,103,0.8333,,,,-0.1571,-0.7697,0.1415,0.0000,0.5557
692e94935aae241ad236eb9c,68696b41314bde44018fa510,keep,0.0990,,,0,179,187,0.9624,,,,-0.4724,-0.4710,0.5309,0.0000,0.1916
692eb12074b24813e7597681,6846f7cf9cdf020d4a37a294,keep,0.0988,,incomplete,18,143,145,0.8681,,,,-0.2229,-0.9296,0.0912,-0.0839,1.0301
692eaff4e2322e3b092b5fb1,6846f7cf9cdf020d4a37a294,keep,0.0988,,,6,174,176,0.9600,,,,0.6668,-0.3321,-0.3955,-0.4502,-0.3477
692ea7539cebf0ec017ddcda,69036806466be157ec64477f,keep,0.0987,,,0,191,193,0.9948,,,,-0.0232,-0.5883,0.7620,0.0806,-0.6164
692eb00f1e78e176ba6cf9af,6846f7cf9cdf020d4a37a294,keep,0.0987,,,3,183,185,0.9783,,,,0.0716,-0.0970,-0.2666,-0.4628,0.0764
692e994d74b24813e7597414,69150bf42756853dcad943f2,keep,0.0986,,,2,126,128,0.9764,,,,-0.6310,0.2631,-0.2965,0.2551,-0.0968
692eac2b4e7eab2cafd269ef,6903bd580e94ce070afd33cd,keep,0.0985,,,2,150,152,0.9801,,,,0.7583,-0.4011,-0.2956,-0.5342,-0.3958
692eacf699488ff84776f9f2,6846f7cf9cdf020d4a37a294,keep,0.0985,,hesitant+incomplete,41,219,221,0.8091,0.4051,1,0.9906,-0.3461,-0.1153,0.5242,1.2206,1.0532
692e9b39b77ab81b8b41ed30,6903bd580e94ce070afd33cd,keep,0.0980,,,9,214,216,0.9535,,,,0.1958,0.2850,0.0917,0.6115,-2.1104
692eedab4cbe80983737ff7f,670be6761e62a52f6a35360d,keep,0.0980,,,3,395,397,0.9899,,,,0.3782,-0.1114,-0.8242,-0.4295,0.1678
692ea1ff2c8fefa9948e8dc2,6871d6cd07c5fd75be83e337,keep,0.0979,,unsteady_camera,7,234,236,0.9660,0.1081,2,0.8926,-0.1533,-0.0852,1.1197,-0.2684,-0.3004
692ea943526b2c3ac5f5b4ad,68bc72d1fcdaacc405e3db53,keep,0.0979,,,0,188,190,0.9947,0.1979,1,0.9503,-1.1294,0.9622,0.8440,0.2285,-1.2483
692ed8fe0ba268eb165648fb,670be6761e62a52f6a35360d,keep,0.0979,,,39,353,364,0.8650,,,,-0.7309,-0.2262,-0.1242,0.0140,0.8608
692e9d4839719ab57395b803,6903bd580e94ce070afd33cd,keep,0.0978,,,0,184,186,0.9946,,,,-0.3773,0.2093,-0.1753,-0.2875,0.0304
692e98ee40338017b7f997cb,6871d82a1aaf88556f0c6041,keep,0.0974,,hesitant,0,124,126,0.9920,,,,-0.7938,-0.2878,-0.0375,1.1649,-0.1869
692ea6fec621d7f4aac3aafb,68696b41314bde44018fa510,keep,0.0973,,,0,178,180,0.9944,,,,-0.3397,-0.1745,0.0874,0.0000,0.0025
692eaa5e7641010d0435470f,69070e0b9adc5c8f26f55b5a,keep,0.0973,,,0,135,137,0.9926,,,,-0.0829,0.0118,-0.4968,0.0000,-0.0774
692eb1475aae241ad236ee77,68bc72d1fcdaacc405e3db53,keep,0.0972,,,0,153,158,0.9745,,,,0.3284,-0.3666,-0.2038,0.2708,-0.6904
692ef671245e91872900716e,67421681889e906244b520b1,keep,0.0970,,,0,181,183,0.9945,,,,0.3589,-0.3838,0.1108,0.0000,-0.7522
692e9829ea43f09edf26f451,6871e269bc1991b1a1e463ba,keep,0.0967,,hesitant,0,186,188,0.9947,,,,-0.0842,-1.0259,0.2702,1.1520,-0.4344
692ea2f8854d0e0793875b42,69070e0b9adc5c8f26f55b5a,keep,0.0965,,,1,98,100,0.9798,,,,-0.3647,-0.4213,0.2309,0.0000,0.2725
692eadedc609aae267b27a02,68bc72d1fcdaacc405e3db53,keep,0.0964,,,16,157,159,0.8924,,,,-0.2363,0.4700,-0.7795,-0.1602,-0.0859
692ea2f9854d0e0793875b4a,69070e0b9adc5c8f26f55b5a,keep,0.0959,,,1,92,94,0.9785,,,,0.0181,-0.6929,0.7217,0.0000,-0.3807
692e974aba0400c70689fd0c,69150bf42756853dcad943f2,keep,0.0958,,,0,136,138,0.9927,,,,-0.6314,0.4801,-0.3552,0.0000,-0.0887
692ea7539cebf0ec017ddcd0,69036806466be157ec64477f,keep,0.0957,,,68,147,149,0.5338,,,,-0.5502,0.1330,-0.0118,-0.1079,0.0756
692eaf89526b2c3ac5f5b508,6903bd580e94ce070afd33cd,keep,0.0956,,,25,210,212,0.8768,,,,0.3059,0.4713,0.0212,-0.0443,-1.8123
692eaa182fa9ba56c08f81c6,69150bf42756853dcad943f2,keep,0.0953,,,4,143,147,0.9521,,,,-0.0976,-0.3524,-0.0155,0.0000,0.0235
692ef057245e9187290070e5,6846f7cf9cdf020d4a37a294,keep,0.0952,,,17,190,192,0.9058,,,,0.1383,0.6011,-0.5499,0.3399,-1.5655
692eb22bb77ab81b8b41efa9,6903686e0e94ce070afd1f24,keep,0.0952,,,0,99,101,0.9900,,,,0.0237,-0.5566,-0.1110,0.0000,0.2440
692ea032424dbf22e75ecfdf,6903bd580e94ce070afd33cd,keep,0.0945,,,0,143,156,0.9226,,,,0.0640,-0.4118,-0.1210,-0.2007,0.1818
692ea8122fa9ba56c08f818c,69070e0b9adc5c8f26f55b5a,keep,0.0941,,,0,105,107,0.9906,,,,-0.1519,-0.0449,0.1317,0.0000,-0.4952
692e9b2aaf371a654ce7fc7f,6903bd580e94ce070afd33cd,keep,0.0940,,,0,146,151,0.9733,,,,0.3559,-0.4258,-0.1700,-0.5342,0.1507
692eae5099488ff84776fa11,69036806466be157ec64477f,keep,0.0937,,,0,216,222,0.9774,,,,0.4261,0.3006,0.1907,-0.3616,-1.5752
692ea701c621d7f4aac3ab0b,68696b41314bde44018fa510,keep,0.0937,,,0,208,210,0.9952,,,,0.2661,-0.5393,-0.1750,0.0000,-0.0712
692e9dbf68228e362d908f70,6903686e0e94ce070afd1f24,keep,0.0933,,,5,126,128,0.9528,,,,-0.1372,-0.1413,0.0357,0.6086,-0.8796
692ea8f2c621d7f4aac3ab6d,6903b590466be157ec64580a,keep,0.0929,,,4,204,206,0.9756,,,,-0.0971,-0.2802,0.2166,-0.2128,-0.0879
692e8c90aec602a46af102ef,6904b8d0466be157ec648ef1,keep,0.0927,,,0,152,154,0.9935,,,,-0.0071,-0.4196,-0.2103,0.0000,0.2018
692eac495aae241ad236edff,6903bd580e94ce070afd33cd,keep,0.0926,,,0,175,204,0.8621,,,,-0.3076,-0.2720,-0.1929,0.1701,0.2439
692ea8fb727c13b350cb7cb5,6903bd580e94ce070afd33cd,keep,0.0926,,jittery,8,188,190,0.9524,0.3538,2,0.5195,0.2684,1.5039,0.1295,0.4317,0.0030
692ea298727c13b350cb7c2b,69150bf42756853dcad943f2,keep,0.0917,,,1,110,142,0.7730,,,,-0.1081,0.2018,-0.1050,0.0000,-0.6771
692eeeb10ba268eb16564a99,69150bf42756853dcad943f2,keep,0.0916,,,3,149,162,0.9068,,,,-0.2674,-0.3393,0.3502,0.0000,-0.0814
692ea33195aad87d3e3445a4,6903686e0e94ce070afd1f24,keep,0.0915,,,3,129,131,0.9692,,,,-0.3057,-0.2754,-0.3004,0.0000,0.5318
692ea696ad0c9ef057d41d00,68bc72d1fcdaacc405e3db53,keep,0.0914,,,95,181,183,0.4725,,,,0.2631,-0.6390,-0.0273,-0.1189,0.0704
692ed52d245e918729006f30,690362600e94ce070afd1d30,keep,0.0913,,,0,234,236,0.9957,,,,-0.4417,-0.4921,-0.1100,0.1994,0.6722
692eafd3ffdc0ca6345c4387,69070e0b9adc5c8f26f55b5a,keep,0.0913,,,7,117,120,0.9244,,,,-0.0392,-0.3437,0.2037,0.0000,-0.2683
692eada7c609aae267b279ed,690cb8f69adc5c8f26f64201,keep,0.0910,,,0,220,222,0.9955,,,,-0.2326,0.4495,0.0401,0.0000,-1.0027
692ea1ab3b319da763b71a45,69070e0b9adc5c8f26f55b5a,keep,0.0904,,,0,163,165,0.9939,,,,-0.3233,-0.0422,-0.1071,0.0000,0.0223
692ea7e32fa9ba56c08f8175,69038b590e94ce070afd2952,keep,0.0903,,,1,191,216,0.8837,,,,-0.8923,0.0291,0.1102,0.6393,-0.0867
692ea2f9854d0e0793875b4b,69070e0b9adc5c8f26f55b5a,keep,0.0902,,,2,117,119,0.9746,,,,-0.5050,0.0112,-0.3746,0.0000,0.4837
692eaf7768228e362d90915c,6903bd580e94ce070afd33cd,keep,0.0902,,,0,162,178,0.9153,0.1573,3,0.9588,0.0711,0.0318,-0.2620,-0.2422,0.2420
692eaa8ac7cb0e94dc84bc1b,6903bd580e94ce070afd33cd,keep,0.0901,,,6,156,158,0.9554,,,,-0.8007,0.3349,0.4877,-0.5342,0.1147
692eb0b0c609aae267b27a37,6871d82a1aaf88556f0c6041,keep,0.0899,,,0,99,101,0.9900,,,,-0.3208,-0.4087,-0.2025,0.0000,0.6675
692eaa0f424dbf22e75ed0d6,6846f7cf9cdf020d4a37a294,keep,0.0898,,,0,180,182,0.9945,,,,0.0898,0.3302,-0.4886,-0.1543,-0.6158
692ea9f35aae241ad236edcd,6903b590466be157ec64580a,keep,0.0898,,,13,143,145,0.9028,,,,-0.0861,-0.5350,-0.0202,-0.2128,0.5361
692ef056245e9187290070df,6846f7cf9cdf020d4a37a294,keep,0.0898,,,0,182,184,0.9945,,,,-0.0798,0.9831,0.0046,0.0846,-2.0726
692e9a33ba0400c70689fd6b,68696b41314bde44018fa510,keep,0.0894,,,0,179,181,0.9944,,,,-0.2803,0.3419,0.3353,0.0000,-1.0536
692edf503f0f0a8706d6ba46,69036806466be157ec64477f,keep,0.0890,,,24,208,217,0.8519,,,,-0.1311,0.3134,-0.6544,0.0267,-0.2687
692eaa04c7cb0e94dc84bbed,68bc72d1fcdaacc405e3db53,keep,0.0889,,,0,110,144,0.7692,,,,0.0150,-0.0524,-0.4497,0.5106,-0.6269
692eafd6eee2f8cb10d0f8d6,6846f7cf9cdf020d4a37a294,keep,0.0888,,,0,135,137,0.9926,,,,-0.1671,0.1072,0.8929,-0.3768,-1.0475
692ea4872fa9ba56c08f8128,6903bd580e94ce070afd33cd,keep,0.0887,,,8,168,170,0.9467,,,,-0.0281,-0.0797,0.0204,-0.2641,-0.2157
692eaf7868228e362d909161,6903bd580e94ce070afd33cd,keep,0.0886,,,0,125,127,0.9921,,,,-0.1942,-0.0736,-0.0776,0.5524,-0.6929
692ef66f245e91872900715c,67421681889e906244b520b1,keep,0.0883,,hesitant,11,184,186,0.9351,,,,-0.8793,-0.2789,-0.8337,1.9459,0.0070
692ea4adc609aae267b278fd,68696b41314bde44018fa510,keep,0.0879,,,0,185,187,0.9946,,,,-0.2341,0.2210,-0.1442,0.0000,-0.4516
692ef4e84215b056bf36e8a3,69150bf42756853dcad943f2,keep,0.0878,,,0,135,139,0.9783,,,,0.5028,-0.7977,-0.2273,0.0000,0.0553
692ea887e2322e3b092b5ee7,6903b590466be157ec64580a,keep,0.0876,,,1,159,161,0.9875,0.2824,1,0.9559,0.4713,0.4174,0.5825,-0.2128,0.1675
692eab62424dbf22e75ed0f1,68696b41314bde44018fa510,keep,0.0871,,,0,194,196,0.9949,,,,-0.7605,0.3415,-0.3488,0.0000,0.3675
692ea3325aae241ad236ed38,6903686e0e94ce070afd1f24,keep,0.0869,,,4,107,109,0.9537,,,,0.0165,-0.3706,-0.2183,0.0000,0.1410
692f04679ca48e15a25b2b14,67421681889e906244b520b1,keep,0.0868,,,0,220,222,0.9955,,,,-0.2747,0.2272,-0.1784,0.8145,-1.1725
692ef187fbcce321dca74eae,690cb8f69adc5c8f26f64201,keep,0.0861,,,0,203,205,0.9951,,,,0.5140,-0.3926,-0.1354,0.3057,-0.9552
692eac495aae241ad236ee00,6903bd580e94ce070afd33cd,keep,0.0861,,,39,80,82,0.5062,,,,0.2833,-0.4270,-0.1073,0.0292,-0.3090
692e9d3ea0e165ab2e42e3c9,6903686e0e94ce070afd1f24,keep,0.0860,,,0,125,127,0.9921,,,,-0.1709,0.3353,-0.1628,0.0000,-0.6862
692eaceaad0c9ef057d41de9,6903686e0e94ce070afd1f24,keep,0.0856,,,13,100,102,0.8614,,,,0.1935,-0.4726,0.0511,0.0000,-0.2320
692eaaa2dbc4294a49cc72b0,69070e0b9adc5c8f26f55b5a,keep,0.0856,,,0,176,178,0.9944,,,,0.4049,-1.0108,0.1900,0.0000,0.1197
692ea269af371a654ce7fd36,68696b41314bde44018fa510,keep,0.0855,,,5,179,181,0.9667,,,,-0.0478,-0.0696,-0.0107,0.0000,-0.4115
692eab3497ffd8ec9034021e,69070e0b9adc5c8f26f55b5a,keep,0.0854,,hesitant,12,90,92,0.8571,,,,-0.5907,-0.8694,-0.3826,1.2682,0.7066
692ea94ca0e165ab2e42e4df,6903b590466be157ec64580a,keep,0.0852,,,7,201,223,0.8739,,,,-0.2170,-0.7482,0.1673,0.1136,0.5704
692eb1eed52427f961fa1676,69070e0b9adc5c8f26f55b5a,keep,0.0852,,,2,105,107,0.9717,,,,-0.0125,0.0633,-0.3716,0.0000,-0.3009
692e96d7f169106feb26acb1,6871e269bc1991b1a1e463ba,keep,0.0847,,,0,215,217,0.9954,,,,0.1262,-0.1235,-0.4388,0.0000,-0.1583
692ea967727c13b350cb7cd2,6903686e0e94ce070afd1f24,keep,0.0846,,,31,104,106,0.6952,,,,-0.3327,-0.1761,0.0499,0.0000,0.1212
692e9f65727c13b350cb7bb5,69150bf42756853dcad943f2,keep,0.0843,,,0,165,167,0.9940,,,,-0.0604,-0.1718,0.4397,0.0000,-0.6818
692f004df2e4e72c033b9b99,670be6761e62a52f6a35360d,keep,0.0839,,,0,184,190,0.9735,,,,-0.1140,0.1357,-0.3426,0.3783,-0.6554
692ea030424dbf22e75ecfd3,6903bd580e94ce070afd33cd,keep,0.0838,,,0,145,147,0.9932,,,,0.0044,-0.0754,-0.3312,0.1738,-0.3229
692eaa182fa9ba56c08f81c4,69150bf42756853dcad943f2,keep,0.0838,,,0,137,139,0.9928,,,,-0.3503,0.2737,-0.1158,0.0000,-0.3557
692e95f9af371a654ce7fc00,6903bd580e94ce070afd33cd,keep,0.0837,,,0,173,178,0.9774,,,,0.8523,-0.3661,0.1290,-0.5342,-0.9103
692eac4e5cd6df8b6023ca9a,690cb8f69adc5c8f26f64201,keep,0.0836,,,0,178,180,0.9944,,,,-0.4376,-0.1572,0.2170,0.4256,-0.3358
692ef220b07e0e30ff113285,690cb8f69adc5c8f26f64201,keep,0.0835,,,0,172,174,0.9942,,,,0.5721,0.0764,-0.2631,0.0000,-1.2938
692ea2c2dfa4113987776993,6904b8d0466be157ec648ef1,keep,0.0833,,,0,219,221,0.9955,,,,-0.2759,-0.0569,-0.0471,0.0000,-0.0372
692ea25af169106feb26adfe,6871e269bc1991b1a1e463ba,keep,0.0833,,,0,182,184,0.9945,,,,-0.4297,-0.1258,-0.0552,0.0000,0.3051
692ef3f34215b056bf36e885,6846f7cf9cdf020d4a37a294,keep,0.0831,,,2,205,207,0.9854,,,,0.4157,-1.0457,0.1467,0.4314,-0.2149
692e9857af371a654ce7fc37,690cb8f69adc5c8f26f64201,keep,0.0830,,,0,158,160,0.9937,,,,0.3844,-0.2377,0.3526,0.0000,-1.1535
692eac0639719ab57395b960,6903b590466be157ec64580a,keep,0.0828,,,0,219,221,0.9955,,,,-0.5331,0.8405,-0.6522,0.4459,-0.8342
692e9a582fa9ba56c08f803a,6903686e0e94ce070afd1f24,keep,0.0827,,,1,101,103,0.9804,,,,-0.6297,0.0467,-0.0620,0.0000,0.3572
692ef1f7245e918729007108,6846f7cf9cdf020d4a37a294,keep,0.0821,,,0,192,194,0.9948,,,,0.1490,-0.0950,-0.2196,0.2758,-0.7116
692eb1eed52427f961fa167a,69070e0b9adc5c8f26f55b5a,keep,0.0819,,,4,118,120,0.9580,,,,-0.4956,-0.2594,0.3013,0.0000,0.2580
692ea7f5f169106feb26aed8,6903686e0e94ce070afd1f24,keep,0.0819,,,3,113,115,0.9649,,,,-0.4530,0.4282,-0.0787,0.0000,-0.4573
692eb1333b319da763b71c12,6903686e0e94ce070afd1f24,keep,0.0816,,,0,104,106,0.9905,,,,-0.4584,-0.0284,-0.1463,0.0000,0.3051
692ea92b99488ff84776f98b,69070e0b9adc5c8f26f55b5a,keep,0.0816,,,4,183,186,0.9676,,,,-0.3871,-0.4809,-0.1139,0.6238,0.2208
692ea02f424dbf22e75ecfc7,6903bd580e94ce070afd33cd,keep,0.0816,,jittery+unsteady_camera,0,158,160,0.9937,0.3025,4,0.9919,-0.3517,1.1775,1.5848,-0.5342,-0.2068
692ea95fc609aae267b27992,690364170e94ce070afd1da5,keep,0.0814,,,0,215,217,0.9954,,,,0.8443,-0.6338,0.1811,-0.5586,-0.5079
692eab3ae2322e3b092b5f4c,6903bd580e94ce070afd33cd,keep,0.0813,,,0,176,178,0.9944,,,,0.0086,0.5664,-0.2883,0.2393,-1.3828
692ea695727c13b350cb7c89,69070e0b9adc5c8f26f55b5a,keep,0.0811,,,0,161,165,0.9817,,,,-0.3900,-0.4521,-0.2090,0.7037,0.2007
692eb12897ffd8ec9034029f,6846f7cf9cdf020d4a37a294,keep,0.0811,,,6,149,158,0.9108,,,,0.6322,-1.0533,-0.1019,-0.4209,0.5869
692ea4d999488ff84776f91c,6903686e0e94ce070afd1f24,keep,0.0806,,,2,104,106,0.9714,,,,-0.0677,-0.5016,-0.1595,0.0000,0.4494
692eaa76dfa4113987776a56,6871e269bc1991b1a1e463ba,keep,0.0802,,,0,236,238,0.9958,,,,-0.1620,-0.5950,-0.0448,0.4545,0.1645
692eaff4e2322e3b092b5fb4,6846f7cf9cdf020d4a37a294,keep,0.0795,,,22,178,180,0.8715,,,,-0.5209,-0.3691,0.1365,-0.1769,0.8186
692eac8692a31767e35da3b0,69070e0b9adc5c8f26f55b5a,keep,0.0794,,,3,123,125,0.9677,,,,-0.1918,0.4986,-0.0227,0.0000,-0.9936
692ea4d999488ff84776f91e,6903686e0e94ce070afd1f24,keep,0.0794,,,0,101,103,0.9902,,,,-0.4904,-0.7627,0.0029,0.9099,0.4109
692ea6cf99488ff84776f943,69070e0b9adc5c8f26f55b5a,keep,0.0792,,,0,153,155,0.9935,,,,-0.5297,0.3455,-0.5977,0.0000,0.3198
692e98ac5aae241ad236ebf7,6871d82a1aaf88556f0c6041,keep,0.0789,,,6,126,128,0.9449,,,,-0.0010,-0.5166,-0.2914,0.0000,0.5158
692ea22db0d3d3c9d26069aa,68bc72d1fcdaacc405e3db53,keep,0.0788,,,6,165,167,0.9578,,,,0.0663,-0.1354,-0.0371,-0.3737,-0.0369
692ea1efb0d3d3c9d260698d,6903686e0e94ce070afd1f24,keep,0.0784,,,0,93,98,0.9588,,,,0.8134,-0.6084,0.0041,0.0000,-0.8602
692eaa5e7641010d0435470e,69070e0b9adc5c8f26f55b5a,keep,0.0783,,,1,120,128,0.9370,,,,-0.9484,-0.0851,0.2458,0.0000,0.7565
692ea4d899488ff84776f916,6903686e0e94ce070afd1f24,keep,0.0783,,,0,104,106,0.9905,,,,-0.1970,-0.4880,-0.0863,0.0000,0.5657
692ea7e32fa9ba56c08f8171,69038b590e94ce070afd2952,keep,0.0782,,,0,218,220,0.9954,,,,-0.6127,0.2478,0.5644,-0.5144,-0.0498
692eb0b1c609aae267b27a3e,6871d82a1aaf88556f0c6041,keep,0.0781,,,0,95,97,0.9896,0.1982,2,0.0274,-0.1151,0.1965,-0.2644,0.0000,-0.0624
692eac1bad0c9ef057d41db0,6903b590466be157ec64580a,keep,0.0779,,,0,179,194,0.9275,,,,-0.4183,-0.3476,0.3345,0.6339,-0.3646
692eac130793395ac4f6ffc6,6903bd580e94ce070afd33cd,keep,0.0778,,,3,182,184,0.9781,,,,-0.4645,0.0531,0.0609,0.5625,-0.5509
692ea97bea43f09edf26f5f6,6903686e0e94ce070afd1f24,keep,0.0777,,,3,107,109,0.9630,,,,-0.1341,0.2676,-0.1953,0.0000,-0.5490
692eb0b1c609aae267b27a3b,6871d82a1aaf88556f0c6041,keep,0.0777,,incomplete,6,95,97,0.9271,,,,-0.4073,-0.9012,0.0411,0.0000,1.3777
692eaa89c7cb0e94dc84bc11,6903bd580e94ce070afd33cd,keep,0.0775,,,14,120,146,0.7310,,,,-0.4022,-0.2457,0.0715,-0.5342,0.8925
692e9e4fb8797912ff78a755,6903bd580e94ce070afd33cd,keep,0.0774,,,2,147,165,0.8841,,,,0.0705,-0.5919,-0.0407,0.0592,0.2217
692ea81292a31767e35da356,6903686e0e94ce070afd1f24,keep,0.0774,,,3,98,101,0.9500,,,,-0.2038,-0.6368,0.1713,0.0000,0.5481
692e9ea7a0e165ab2e42e3ee,6903bd580e94ce070afd33cd,keep,0.0774,,,0,144,169,0.8571,0.2311,2,0.8356,0.7265,-0.2885,-0.0883,-0.5342,0.1658
692ea1d568bf0a1f462304f6,690cb8f69adc5c8f26f64201,keep,0.0770,,,1,194,196,0.9897,,,,-0.4680,0.0560,0.3631,0.0000,-0.2842
692eadecc609aae267b279f4,68bc72d1fcdaacc405e3db53,keep,0.0770,,,25,115,117,0.7759,,,,0.3326,-0.4912,-0.2260,-0.3737,0.2987
692eb12a97ffd8ec903402af,6846f7cf9cdf020d4a37a294,keep,0.0767,,incomplete,48,164,170,0.6864,,,,-0.4756,-0.9434,0.0611,-0.1151,1.6453
692eac7474b24813e7597621,68bc72d1fcdaacc405e3db53,keep,0.0767,,,12,232,235,0.9402,,,,0.0919,-0.6682,0.4568,-0.1756,0.0460
692e94feaf371a654ce7fbe8,6871e269bc1991b1a1e463ba,keep,0.0766,,,0,201,207,0.9757,,,,-0.5465,0.0115,-0.1071,0.0000,0.3733
692eb29cffdc0ca6345c43be,69070e0b9adc5c8f26f55b5a,keep,0.0761,,,0,91,93,0.9891,,,,0.8133,-1.1575,-0.3847,0.7732,-0.4050
692ef671245e918729007168,67421681889e906244b520b1,keep,0.0758,,,0,209,235,0.8932,,,,-0.5581,0.0889,-0.7380,0.4757,0.4358
692eabd14e86f0c01a207280,6903686e0e94ce070afd1f24,keep,0.0758,,,4,105,107,0.9528,,,,-0.0693,-0.5542,-0.0823,0.0000,0.4874
692eae31aec602a46af106a7,6903686e0e94ce070afd1f24,keep,0.0757,,,0,110,112,0.9910,,,,-0.5592,0.5687,-0.0958,0.0000,-0.4486
692eac2d4e7eab2cafd269fe,6903bd580e94ce070afd33cd,keep,0.0755,,,0,139,155,0.9026,,,,0.2007,-0.3157,-0.1397,0.1370,-0.3532
692eae45854d0e0793875c57,6903b590466be157ec64580a,keep,0.0754,,,0,188,197,0.9592,,,,-0.3739,-0.5048,0.1253,0.1569,0.5085
692ea40397ffd8ec90340158,6903686e0e94ce070afd1f24,keep,0.0751,,,0,96,98,0.9897,,,,-0.2267,-0.7137,0.2729,0.0000,0.6122
692ea4db99488ff84776f92a,6903686e0e94ce070afd1f24,keep,0.0746,,,1,104,106,0.9810,,,,-0.1535,-0.5887,-0.0021,0.0000,0.5930
692ea1d668bf0a1f462304fa,690cb8f69adc5c8f26f64201,keep,0.0746,,,5,206,208,0.9710,,,,-0.7346,0.2708,-0.1077,0.3013,-0.0198
692eab67d3d807884d4dd7f1,69070e0b9adc5c8f26f55b5a,keep,0.0743,,,3,105,107,0.9623,,,,0.1137,-0.6696,-0.1683,0.0000,0.4821
692ede44952b26f4cc71a4a6,670be6761e62a52f6a35360d,keep,0.0740,,,14,334,336,0.9552,,,,-0.4973,-0.1470,0.0384,0.3041,0.1058
692ea773b77ab81b8b41ee89,6846f7cf9cdf020d4a37a294,keep,0.0737,,incomplete,48,162,188,0.6096,,,,-0.9439,-1.0091,0.3104,0.5470,1.5562
692e9fa292a31767e35da232,69150bf42756853dcad943f2,keep,0.0736,,,0,142,156,0.9161,,,,-0.5366,-0.7196,-0.1483,0.9862,0.5310
692eaa56a0e165ab2e42e4fa,690362600e94ce070afd1d30,keep,0.0735,,,0,151,169,0.8988,,,,-0.3448,-0.1777,-0.2497,-0.2660,0.7849
692eaa5f7641010d04354713,69070e0b9adc5c8f26f55b5a,keep,0.0732,,,0,97,99,0.9898,,,,-0.6546,0.2558,-0.0348,0.0000,0.1207
692e9a5c2fa9ba56c08f8061,6903686e0e94ce070afd1f24,keep,0.0726,,,18,90,92,0.7912,,,,-0.0930,-0.3433,-0.0136,0.0000,0.1602
692eac1fad0c9ef057d41dbe,6903b590466be157ec64580a,keep,0.0724,,,2,151,153,0.9803,,,,-0.3482,-0.1562,-0.1376,-0.2128,0.6001
692eab3497ffd8ec90340216,69070e0b9adc5c8f26f55b5a,keep,0.0723,,,3,120,122,0.9669,,,,-0.3172,-0.1569,-0.1237,0.0000,0.3290
692e9fa392a31767e35da238,69150bf42756853dcad943f2,keep,0.0722,,,14,112,115,0.8596,,,,-0.2551,-0.5104,-0.2920,0.2842,0.6507
692e9b6668228e362d908f0b,6903bd580e94ce070afd33cd,keep,0.0721,,,0,175,177,0.9943,,,,-0.5308,0.0108,-0.1168,0.5717,-0.1795
692ef163f2e4e72c033b9b30,690cb8f69adc5c8f26f64201,keep,0.0720,,,1,209,211,0.9905,,,,-0.1927,-0.6899,0.1206,0.7255,-0.0264
692eb3e26974927fef249da3,6903686e0e94ce070afd1f24,keep,0.0720,,,0,92,94,0.9892,,,,-0.1755,0.2099,-0.1609,0.0000,-0.3947
692ea4e392a31767e35da2f1,690366b20e94ce070afd1e8a,keep,0.0719,,incomplete,67,176,184,0.5956,,,,-0.7752,-0.1753,-0.2083,0.0762,1.0547
692eafd7eee2f8cb10d0f8e0,6846f7cf9cdf020d4a37a294,keep,0.0717,,,0,174,198,0.8832,,,,0.2458,-0.0885,-0.6236,-0.2513,0.1370
692e9749ba0400c70689fd00,69150bf42756853dcad943f2,keep,0.0717,,,0,117,119,0.9915,,,,-0.4476,0.7523,0.1763,0.2746,-1.4096
692f0723ef7557106e6c4e0c,6846f7cf9cdf020d4a37a294,keep,0.0717,,,0,195,197,0.9949,,,,-0.0918,0.2823,0.0595,-0.4777,-0.3692
692eaa5d7641010d04354701,69070e0b9adc5c8f26f55b5a,keep,0.0708,,,0,117,124,0.9512,,,,-0.1060,-0.3227,0.1452,0.0000,0.0022
692e9a5c2fa9ba56c08f8063,6903686e0e94ce070afd1f24,keep,0.0707,,,0,100,102,0.9901,,,,0.5473,-0.5830,-0.1757,0.0000,-0.2653
692e9d3da0e165ab2e42e3c1,6903686e0e94ce070afd1f24,keep,0.0706,,,29,111,113,0.7321,,,,-0.4011,-0.1415,0.0020,0.0000,0.3175
692eae06424dbf22e75ed13d,6846f7cf9cdf020d4a37a294,keep,0.0705,,jittery,0,140,142,0.9929,,,,-0.1554,1.1900,0.3811,-0.3520,-2.0743
692ed3f7f2e4e72c033b9968,6871e269bc1991b1a1e463ba,keep,0.0703,,,0,180,182,0.9945,,,,0.2978,-0.2746,-0.4746,0.0000,-0.0525
692efd0245175992cd6a0e30,690362600e94ce070afd1d30,keep,0.0702,,,0,180,182,0.9945,,,,-0.2078,-0.1461,0.2497,0.7898,-1.0000
692ea4862fa9ba56c08f811e,6903bd580e94ce070afd33cd,keep,0.0700,,,19,172,174,0.8844,,,,0.6215,-0.4648,0.0168,-0.5342,-0.2080
692ea9bc95aad87d3e34466b,6903686e0e94ce070afd1f24,keep,0.0700,,,11,165,167,0.9277,,,,-0.6630,0.1933,-0.1707,0.0000,0.3856
692f004ff2e4e72c033b9ba6,670be6761e62a52f6a35360d,keep,0.0696,,,17,203,205,0.9118,,,,0.0453,-0.4743,-0.3134,0.2885,0.1815
692eb0ac7641010d043547f8,690364170e94ce070afd1da5,keep,0.0695,,,0,197,199,0.9949,,,,-0.1195,-0.2294,-0.0437,0.1398,-0.0595
692eaf88526b2c3ac5f5b507,6903bd580e94ce070afd33cd,keep,0.0694,,,42,231,233,0.8147,,,,-0.4804,0.1630,-0.1179,-0.1147,0.2227
692ef057245e9187290070e8,6846f7cf9cdf020d4a37a294,keep,0.0692,,,25,193,195,0.8660,,,,0.5706,-0.4542,-0.3510,-0.4488,0.1408
692ea69caec602a46af1059a,6903686e0e94ce070afd1f24,keep,0.0691,,,2,92,94,0.9677,,,,-0.0126,-0.6681,-0.0981,0.0000,0.6352
692ea967727c13b350cb7cd4,6903686e0e94ce070afd1f24,keep,0.0687,,,2,88,90,0.9663,,,,-0.2450,0.2395,0.1010,0.0000,-0.5736
692eaec6f169106feb26afcc,6871d82a1aaf88556f0c6041,keep,0.0687,,,0,99,101,0.9900,,,,-0.2508,-0.1292,-0.1013,0.0000,0.1907
692ea95fc609aae267b27993,690364170e94ce070afd1da5,keep,0.0686,,,0,232,234,0.9957,,,,0.4459,-0.5136,-0.2746,-0.1961,0.0921
692ea6a13b319da763b71aeb,6903bd580e94ce070afd33cd,keep,0.0683,,,0,218,231,0.9478,,,,-0.0946,-0.4428,0.0102,0.2595,0.0585
692ea92a99488ff84776f986,69070e0b9adc5c8f26f55b5a,keep,0.0679,,,2,159,161,0.9813,,,,-0.1387,-0.2216,-0.4383,0.0000,0.5031
692eaff3e2322e3b092b5fa9,6846f7cf9cdf020d4a37a294,keep,0.0679,,,0,180,182,0.9945,,,,0.4354,-0.4098,-0.4678,0.2841,-0.3299
692ef163f2e4e72c033b9b33,690cb8f69adc5c8f26f64201,keep,0.0678,,,0,186,188,0.9947,0.1721,2,0.9937,0.8248,0.1105,-0.0690,0.0000,0.0840
692ef4e94215b056bf36e8ae,69150bf42756853dcad943f2,keep,0.0678,,,10,105,108,0.8879,,,,-0.0715,0.4382,-0.1031,0.0000,-0.9212
692e9b6868228e362d908f20,6903bd580e94ce070afd33cd,keep,0.0677,,,0,184,186,0.9946,,,,-0.5811,0.1622,-0.2269,0.5179,-0.1370
692e98ac5aae241ad236ebf9,6871d82a1aaf88556f0c6041,keep,0.0676,,,0,97,99,0.9898,,,,-0.0100,0.3875,-0.2120,0.0000,-0.8277
692ea4d43b319da763b71ab5,69150bf42756853dcad943f2,keep,0.0672,,,0,174,177,0.9886,,,,-0.0038,-0.2706,-0.0758,0.0000,0.0171
692e9858af371a654ce7fc43,690cb8f69adc5c8f26f64201,keep,0.0671,,,0,200,202,0.9950,,,,-0.6335,0.0810,-0.2730,0.6205,0.0116
692eb0afc609aae267b27a2c,6871d82a1aaf88556f0c6041,keep,0.0670,,,0,127,129,0.9922,,,,-0.1933,-0.3218,0.0203,0.0000,0.2831
692e9b37b77ab81b8b41ed20,6903bd580e94ce070afd33cd,keep,0.0669,,incomplete,37,141,153,0.6842,,,,-0.2026,-0.5430,-0.1587,-0.2339,1.0431
692eb227b77ab81b8b41ef8a,6903686e0e94ce070afd1f24,keep,0.0668,,,0,94,96,0.9895,,,,0.2988,-0.0633,-0.2485,0.0000,-0.5726
692ea8fa727c13b350cb7cad,6903bd580e94ce070afd33cd,keep,0.0667,,incomplete,43,144,169,0.6012,,,,0.0795,-0.6633,-0.1479,-0.5342,1.0908
692eaa637641010d04354725,69070e0b9adc5c8f26f55b5a,keep,0.0667,,unsteady_camera,2,122,124,0.9756,,,,0.0259,-0.4034,1.8508,0.0000,-1.7517
692e994d74b24813e7597419,69150bf42756853dcad943f2,keep,0.0667,,,0,129,132,0.9847,,,,-0.4728,-0.0211,0.5557,0.0000,-0.2816
692ea97dea43f09edf26f60a,6903686e0e94ce070afd1f24,keep,0.0667,,,0,103,106,0.9810,,,,0.2623,-0.0715,-0.0328,0.0000,-0.7198
692eae53c621d7f4aac3abcf,6846f7cf9cdf020d4a37a294,keep,0.0663,,incomplete,25,163,166,0.8364,,,,-0.0222,-0.3421,-0.3549,-0.7063,1.1434
692ea16696d2056439f017dd,6903686e0e94ce070afd1f24,keep,0.0661,,,0,99,101,0.9900,,,,-0.0862,-0.4530,0.0218,0.0000,0.3246
692ea9a192a31767e35da387,690364170e94ce070afd1da5,keep,0.0660,,,0,189,191,0.9947,,,,0.3987,-0.3060,0.4848,-0.5300,-0.5560
692eaee539719ab57395b98f,6903bd580e94ce070afd33cd,keep,0.0659,,,6,137,173,0.7616,,,,0.2981,-0.9645,-0.0731,-0.2689,0.8802
692e9a592fa9ba56c08f8049,6903686e0e94ce070afd1f24,keep,0.0657,,incomplete,53,101,103,0.4706,,,,-0.6210,-0.5313,-0.2561,0.0000,1.5246
692eaee339719ab57395b97e,6903bd580e94ce070afd33cd,keep,0.0657,,,0,152,160,0.9560,,,,0.5511,-0.4717,-0.1250,-0.2472,-0.2068
692eabd34e86f0c01a20728c,6903686e0e94ce070afd1f24,keep,0.0652,,,0,91,93,0.9891,,,,-0.7059,0.1854,0.0527,0.0000,0.2714
692ea1ecb0d3d3c9d260697b,6903686e0e94ce070afd1f24,keep,0.0652,,,2,92,95,0.9574,,,,0.1666,-0.0568,-0.0718,0.0000,-0.5494
692ea9a092a31767e35da380,690364170e94ce070afd1da5,keep,0.0651,,,0,206,208,0.9952,,,,-0.0822,-0.2400,-0.1619,-0.1174,0.3072
692ea16596d2056439f017d4,6903686e0e94ce070afd1f24,keep,0.0647,,,1,103,105,0.9808,,,,-0.4160,0.0618,0.2995,0.0000,-0.2207
692e9828ea43f09edf26f44b,6871e269bc1991b1a1e463ba,keep,0.0647,,,0,207,209,0.9952,,,,-0.1032,-0.4219,-0.2434,0.5179,0.0607
692eac7274b24813e759760f,68bc72d1fcdaacc405e3db53,keep,0.0645,,,11,192,197,0.9235,,,,-0.2832,0.2823,-0.2491,-0.2016,0.0008
692ea031424dbf22e75ecfd5,6903bd580e94ce070afd33cd,keep,0.0642,,,0,155,163,0.9568,0.2786,2,0.6044,0.4940,-0.8186,-0.0924,0.0292,0.2202
692eaa88c7cb0e94dc84bc0c,6903bd580e94ce070afd33cd,keep,0.0641,,hesitant,0,207,209,0.9952,,,,0.2770,-0.7838,-0.0678,1.0017,-0.6226
692ea1c6a0e165ab2e42e444,68696b41314bde44018fa510,keep,0.0640,,,0,147,149,0.9932,,,,0.5777,-0.4899,0.6945,0.0000,-1.2744
692ed684952b26f4cc71a446,690366b20e94ce070afd1e8a,keep,0.0640,,hesitant,21,187,199,0.8384,,,,-0.5486,-0.6160,-0.2197,1.5883,-0.0698
692ea487c609aae267b278e9,68bc72d1fcdaacc405e3db53,keep,0.0638,,,14,162,166,0.8970,,,,0.0277,-0.1348,-0.3206,-0.1693,0.2036
692eeefcef7557106e6c4c5a,68bc72d1fcdaacc405e3db53,keep,0.0630,,,0,184,186,0.9946,,,,-0.3973,0.9005,0.0440,-0.3737,-0.8662
692ea9c11e78e176ba6cf91a,6903bd580e94ce070afd33cd,keep,0.0627,,,0,209,218,0.9631,,,,-0.0870,0.3071,-0.0179,-0.5342,-0.2169
692eab67d3d807884d4dd7f3,69070e0b9adc5c8f26f55b5a,keep,0.0626,,,1,174,176,0.9886,,,,0.2316,-0.3849,-0.2214,0.4065,-0.3934
692eab66d3d807884d4dd7ec,69070e0b9adc5c8f26f55b5a,keep,0.0624,,,0,117,119,0.9915,,,,-0.2919,0.5652,-0.2873,0.0000,-0.5593
692ea696727c13b350cb7c90,69070e0b9adc5c8f26f55b5a,keep,0.0623,,,0,149,151,0.9933,,,,-0.3221,-0.3963,-0.0951,0.4743,0.2627
692eb12897ffd8ec9034029a,6846f7cf9cdf020d4a37a294,keep,0.0620,,,0,176,178,0.9944,,,,0.5234,-0.9654,-0.1996,0.0823,0.3463
692eaebc74b24813e7597652,690362600e94ce070afd1d30,keep,0.0619,,,0,245,247,0.9959,,,,-0.1753,-0.0687,0.1690,0.2145,-0.4508
692ea3315aae241ad236ed2c,6903686e0e94ce070afd1f24,keep,0.0618,,,8,100,117,0.7931,,,,-0.0046,-0.4940,0.0559,0.0000,0.2596
692ea95ec609aae267b27987,690364170e94ce070afd1da5,keep,0.0616,,,0,229,231,0.9957,,,,0.7308,-0.7132,0.0869,-0.7673,0.2226
692ea1edb0d3d3c9d260697f,6903686e0e94ce070afd1f24,keep,0.0615,,,2,94,96,0.9684,,,,0.2834,-0.0113,-0.0088,0.0000,-0.8295
692ea6393b319da763b71ad2,69070e0b9adc5c8f26f55b5a,keep,0.0612,,,39,97,99,0.5918,,,,-0.3020,-0.7622,0.6036,0.0000,0.5644
692eaa5d7641010d04354706,69070e0b9adc5c8f26f55b5a,keep,0.0609,,,0,127,129,0.9922,,,,0.4156,-0.5924,-0.3463,0.0000,0.1849
692f49135cec8e06f0b2dc7f,690362600e94ce070afd1d30,keep,0.0608,,,0,195,227,0.8628,,,,0.1083,-0.3272,-0.3208,0.7342,-0.5108
692eab4468bf0a1f462305a2,6904b8d0466be157ec648ef1,keep,0.0604,,,0,141,143,0.9930,,,,0.0651,-0.3409,-0.0476,0.0000,0.0382
692eafd3ffdc0ca6345c438a,69070e0b9adc5c8f26f55b5a,keep,0.0604,,hesitant,1,112,114,0.9823,,,,-0.5514,-0.5513,-0.2722,2.0000,-0.4964
692eaa89c7cb0e94dc84bc14,6903bd580e94ce070afd33cd,keep,0.0604,,jittery,0,161,163,0.9938,,,,-0.6668,1.2684,-0.1095,-0.2152,-1.0004
692ea71e40338017b7f99946,690366b20e94ce070afd1e8a,keep,0.0603,,,1,164,179,0.9157,,,,0.8862,-0.9941,0.6174,-0.2938,-0.5840
692eeeb00ba268eb16564a91,69150bf42756853dcad943f2,keep,0.0602,,,16,176,178,0.9040,,,,0.2233,-0.9613,0.5487,0.0000,0.1370
692ea16696d2056439f017e7,6903686e0e94ce070afd1f24,keep,0.0601,,,2,98,100,0.9697,,,,-0.4988,0.0282,-0.2300,0.0000,0.5151
692eb064d52427f961fa1660,690366b20e94ce070afd1e8a,keep,0.0601,,,15,224,236,0.8894,,,,0.2380,-0.1129,-0.2543,-0.2938,-0.0600
692ef3f44215b056bf36e88a,6846f7cf9cdf020d4a37a294,keep,0.0600,,,5,163,186,0.8541,,,,0.1467,-0.9260,-0.4100,0.3183,0.8409
692eace9ad0c9ef057d41de3,6903686e0e94ce070afd1f24,keep,0.0599,,,0,101,103,0.9902,,,,0.1839,-0.0134,0.0125,0.0000,-0.6874
692ea95ec609aae267b27986,690364170e94ce070afd1da5,keep,0.0598,,,35,228,230,0.8428,,,,0.1731,-0.2935,-0.2792,-0.1830,0.2242
692ea92a99488ff84776f981,69070e0b9adc5c8f26f55b5a,keep,0.0598,,,0,155,157,0.9936,,,,0.6638,-0.5156,-0.4636,0.0000,-0.1773
692eaa58a0e165ab2e42e508,690362600e94ce070afd1d30,keep,0.0598,,,0,156,173,0.9070,,,,0.9649,-0.7941,-0.1126,-0.6342,0.0722
692e94935aae241ad236eb9a,68696b41314bde44018fa510,keep,0.0597,,hesitant,0,192,195,0.9897,0.4777,1,0.9596,-0.4569,0.4296,0.4236,1.2490,-0.2018
692eaa76dfa4113987776a55,6871e269bc1991b1a1e463ba,keep,0.0594,,,14,210,212,0.9289,,,,-0.0795,-0.4749,-0.0231,0.0000,0.4388
692ea2d4c7cb0e94dc84bb57,69070e0b9adc5c8f26f55b5a,keep,0.0594,,,0,89,91,0.9889,,,,-0.5328,0.2067,0.2825,0.0000,-0.2092
692e98f140338017b7f997e3,6871d82a1aaf88556f0c6041,keep,0.0592,,,2,88,90,0.9663,,,,-0.0813,-0.0817,0.0261,0.0000,-0.1957
692ea967727c13b350cb7cde,6903686e0e94ce070afd1f24,keep,0.0589,,,3,109,111,0.9636,,,,-0.1904,0.2113,-0.0926,0.0000,-0.3507
692eaa8ac7cb0e94dc84bc1f,6903bd580e94ce070afd33cd,keep,0.0588,,,0,179,181,0.9944,,,,-0.4701,0.1756,-0.1791,0.4800,-0.2706
692eb228b77ab81b8b41ef95,6903686e0e94ce070afd1f24,keep,0.0583,,,0,104,106,0.9905,,,,-0.3123,-0.6540,-0.3434,0.8839,0.5008
692ea478e2322e3b092b5e5c,6871d82a1aaf88556f0c6041,keep,0.0583,,,0,95,97,0.9896,,,,-0.4996,0.0270,0.0056,0.0000,0.2954
692ef2cfef7557106e6c4c9e,69150bf42756853dcad943f2,keep,0.0578,,,16,117,119,0.8559,,,,-0.7299,0.0616,-0.0399,0.2746,0.3628
692eafddb8797912ff78a8ff,6903b590466be157ec64580a,keep,0.0578,,,0,158,162,0.9814,,,,0.0811,-0.4793,0.6345,-0.2128,-0.2288
692e9a33ba0400c70689fd67,68696b41314bde44018fa510,keep,0.0575,,unsteady_camera,0,159,161,0.9938,0.3770,3,0.9726,0.5037,-0.6245,1.5968,0.0000,-0.6854
692eaebc74b24813e759764a,690362600e94ce070afd1d30,keep,0.0574,,,4,246,264,0.9202,,,,0.1310,0.2389,0.4334,-0.6342,-0.7560
692e9a34ba0400c70689fd75,68696b41314bde44018fa510,keep,0.0573,,,0,171,174,0.9884,,,,0.6028,-0.4406,0.1542,0.0000,-0.7983
692ea166e2322e3b092b5de6,6871d82a1aaf88556f0c6041,keep,0.0570,,incomplete,9,98,102,0.8812,,,,-0.7662,-1.1135,0.0912,0.0000,2.3292
692ea309dbc4294a49cc723e,6871d82a1aaf88556f0c6041,keep,0.0566,,,0,95,97,0.9896,,,,-0.3125,0.1055,-0.3361,0.0000,0.2500
692ea4ca1e78e176ba6cf89b,6903686e0e94ce070afd1f24,keep,0.0566,,,2,94,96,0.9684,,,,-0.4918,-0.1725,0.2148,0.0000,0.3857
692eb0b3c609aae267b27a4c,6871d82a1aaf88556f0c6041,keep,0.0565,,,0,142,144,0.9930,,,,-0.2639,-0.0269,0.2354,0.0000,-0.1949
692f197f45175992cd6a0ec4,6904b8d0466be157ec648ef1,keep,0.0565,,,0,145,147,0.9932,,,,0.0401,-0.6903,0.2483,0.3890,-0.0572
692f0723ef7557106e6c4e0a,6846f7cf9cdf020d4a37a294,keep,0.0564,,jittery,0,220,222,0.9955,,,,-0.5919,1.2397,-0.4285,0.1746,-1.1124
692eac7374b24813e7597615,68bc72d1fcdaacc405e3db53,keep,0.0562,,,36,217,221,0.8227,,,,-0.2127,-0.3757,-0.1092,0.2011,0.3973
692eaf86526b2c3ac5f5b4f5,6903bd580e94ce070afd33cd,keep,0.0562,,,0,246,248,0.9960,,,,-0.3263,0.2229,0.0949,-0.3249,-0.0080
692ea486c609aae267b278e3,68bc72d1fcdaacc405e3db53,keep,0.0561,,,0,125,127,0.9921,,,,0.0769,-0.2548,0.0782,-0.1060,-0.0982
692ea6682c8fefa9948e8e4a,670be6761e62a52f6a35360d,keep,0.0560,,incomplete,20,339,398,0.8035,,,,-0.6236,-0.4262,-0.2328,0.1314,1.2840
692eab4568bf0a1f462305a6,6904b8d0466be157ec648ef1,keep,0.0560,,,22,135,137,0.8309,,,,-0.1840,-0.3950,0.0549,0.0000,0.4219
692e977674b24813e75973e0,6871e269bc1991b1a1e463ba,keep,0.0558,,incomplete,4,158,194,0.7979,,,,-0.1687,-0.7046,-0.8547,0.0000,1.7738
692ead5d3019385fbbf5683e,6846f7cf9cdf020d4a37a294,keep,0.0558,,,1,178,180,0.9888,,,,-0.6111,0.3029,0.2316,0.4101,-0.5700
692eace6ad0c9ef057d41dc7,6903686e0e94ce070afd1f24,keep,0.0558,,,2,107,109,0.9722,,,,-0.4125,-0.5362,0.6320,0.0000,0.4005
692e9b38b77ab81b8b41ed29,6903bd580e94ce070afd33cd,keep,0.0557,,,3,212,214,0.9812,,,,0.4818,0.2426,-0.3033,-0.5342,-0.6392
692eabd3d52427f961fa15e4,6903686e0e94ce070afd1f24,keep,0.0555,,,6,110,112,0.9369,,,,-0.2035,0.3689,-0.0487,0.0000,-0.5881
692eae5099488ff84776fa16,69036806466be157ec64477f,keep,0.0553,,,94,220,230,0.5502,,,,-0.7964,0.4929,-0.3052,0.1067,0.2670
692eae0697ffd8ec9034026f,6846f7cf9cdf020d4a37a294,keep,0.0552,,,33,201,203,0.8317,,,,-0.7037,-0.0139,0.0960,0.1811,0.4131
692e9d4a39719ab57395b80e,6903bd580e94ce070afd33cd,keep,0.0550,,,6,171,173,0.9593,,,,-0.5722,0.2626,0.3073,-0.2337,0.0057
692ea3bfffdc0ca6345c4250,690366b20e94ce070afd1e8a,keep,0.0549,,,9,161,171,0.8941,,,,0.2595,-0.4422,0.2574,-0.2938,-0.0737
692eaeae40338017b7f99a15,6903686e0e94ce070afd1f24,keep,0.0548,,,3,113,115,0.9649,,,,0.1945,-0.0830,-0.2538,0.0000,-0.2969
692eafddb8797912ff78a906,6903b590466be157ec64580a,keep,0.0548,,,0,150,152,0.9934,,,,-0.0597,-0.0563,0.5346,0.0578,-0.8020
692eaf7668228e362d90914e,6903bd580e94ce070afd33cd,keep,0.0548,,unsteady_camera,1,89,91,0.9778,0.1397,2,0.0003,-1.5550,-0.8049,2.5315,-0.5342,-0.8227
692ef773fbcce321dca74f29,69150bf42756853dcad943f2,keep,0.0547,,,0,95,103,0.9314,,,,0.1244,-0.2766,0.8441,0.0000,-0.9989
692eac8992a31767e35da3cb,69070e0b9adc5c8f26f55b5a,keep,0.0542,,hesitant,0,132,134,0.9925,,,,-0.4707,-0.2302,-0.1508,2.0000,-1.1774
692ea9c21e78e176ba6cf922,6903bd580e94ce070afd33cd,keep,0.0541,,,0,159,189,0.8457,,,,-0.0503,-0.7871,0.0048,0.7439,0.1283
692eb1303b319da763b71bf7,6903686e0e94ce070afd1f24,keep,0.0538,,,0,128,130,0.9922,,,,-0.0301,0.1852,-0.1453,0.0000,-0.4643
692ee1584215b056bf36e7a1,690364170e94ce070afd1da5,keep,0.0536,,,0,213,215,0.9953,,,,-0.2834,-0.2860,0.2420,-0.1387,0.3753
692eaee439719ab57395b982,6903bd580e94ce070afd33cd,keep,0.0535,,,0,161,181,0.8944,0.2591,4,0.9994,0.5073,-0.2462,-0.1344,0.5136,-0.0384
692eaa5f7641010d04354716,69070e0b9adc5c8f26f55b5a,keep,0.0532,,,0,97,99,0.9898,,,,-0.3085,-0.2375,0.2530,0.0000,0.1933
692ea7980793395ac4f6ffb1,67421681889e906244b520b1,keep,0.0532,,unsteady_camera,3,140,163,0.8457,,,,-0.6421,-1.2073,1.7712,0.6871,-0.0567
692eafb0f169106feb26aff1,690cb8f69adc5c8f26f64201,keep,0.0532,,,0,216,218,0.9954,,,,-0.0462,-0.2657,-0.0816,0.2874,-0.1100
692eaa162fa9ba56c08f81b2,69150bf42756853dcad943f2,keep,0.0531,,,0,107,131,0.8231,,,,0.0484,0.0150,-0.2870,0.0000,-0.1800
692ea967727c13b350cb7ccf,6903686e0e94ce070afd1f24,keep,0.0531,,,5,123,125,0.9516,,,,-0.6944,0.1892,-0.0030,0.0000,0.3891
692eae54c621d7f4aac3abd6,6846f7cf9cdf020d4a37a294,keep,0.0530,,,1,169,171,0.9882,,,,0.0204,-0.7209,0.3888,0.1753,0.1157
692eb12174b24813e7597688,6846f7cf9cdf020d4a37a294,keep,0.0527,,,5,165,167,0.9639,,,,-0.5782,-0.4879,0.8353,0.1656,0.2291
692eaff5e2322e3b092b5fb9,6846f7cf9cdf020d4a37a294,keep,0.0522,,,0,167,169,0.9940,,,,0.4720,-0.1041,-0.0246,-0.4396,-0.4534
692ea6f94e86f0c01a20721c,6903bd580e94ce070afd33cd,keep,0.0522,,,0,163,184,0.8907,,,,-0.2089,-0.7461,0.0033,0.7458,0.3178
692f05bafbcce321dca7501c,670be6761e62a52f6a35360d,keep,0.0514,,,2,333,335,0.9910,,,,-0.2530,-0.0871,0.1268,0.3056,-0.2817
692eab3de2322e3b092b5f60,6903bd580e94ce070afd33cd,keep,0.0511,,,6,187,189,0.9628,,,,0.7152,0.1002,0.0397,-0.2914,-1.3290
692e98f240338017b7f997e9,6871d82a1aaf88556f0c6041,keep,0.0511,,,0,102,104,0.9903,0.2472,2,0.2226,0.2947,-0.1827,-0.2724,0.0000,0.2950
692ea306dbc4294a49cc7223,6871d82a1aaf88556f0c6041,keep,0.0510,,,0,115,117,0.9914,,,,-0.0730,-0.4013,-0.1280,0.0000,0.4822
692e9fa292a31767e35da235,69150bf42756853dcad943f2,keep,0.0509,,,11,136,138,0.9124,,,,-0.6463,0.5236,-0.1200,0.2365,-0.2888
692e94935aae241ad236eb97,68696b41314bde44018fa510,keep,0.0505,,hesitant,0,189,191,0.9947,,,,0.0421,-0.8087,-0.4311,1.2753,-0.0478
692ea8004e7eab2cafd2699e,690366b20e94ce070afd1e8a,keep,0.0505,,,41,165,167,0.7470,,,,-0.4776,0.0075,-0.4156,0.6042,0.1631
692eace8ad0c9ef057d41dd3,6903686e0e94ce070afd1f24,keep,0.0505,,,0,95,97,0.9896,,,,-0.6770,0.3381,-0.1558,0.0000,0.3109
692f04b55cec8e06f0b2dbc6,69070e0b9adc5c8f26f55b5a,keep,0.0503,,,9,150,152,0.9338,,,,0.8973,-0.5935,-0.6053,0.0000,-0.2028
692ea8112fa9ba56c08f8182,69070e0b9adc5c8f26f55b5a,keep,0.0502,,,1,158,160,0.9874,0.2198,2,0.0510,0.2566,0.5358,0.4465,0.0000,-0.0290
692e9d96d3d807884d4dd65e,6903686e0e94ce070afd1f24,keep,0.0501,,,0,113,115,0.9912,,,,-0.2613,-0.1645,-0.1218,0.0000,0.4094
692eae07424dbf22e75ed148,6846f7cf9cdf020d4a37a294,keep,0.0501,,,19,206,208,0.9034,,,,-0.3683,0.1984,0.0673,-0.2733,0.1104
692ea5f4eee2f8cb10d0f7db,69150bf42756853dcad943f2,keep,0.0500,,,3,126,128,0.9685,,,,-0.0752,-0.5683,0.4273,0.0000,0.1879
692e977974b24813e75973ec,6871e269bc1991b1a1e463ba,keep,0.0498,,,0,199,201,0.9950,,,,-0.3885,0.1354,0.2594,0.0000,-0.2285
692eafdaeee2f8cb10d0f900,6846f7cf9cdf020d4a37a294,keep,0.0498,,,0,164,184,0.8962,,,,-0.3563,-0.4359,0.1471,-0.1884,0.8810
692eac4c5aae241ad236ee0b,6903bd580e94ce070afd33cd,keep,0.0497,,,8,188,190,0.9524,,,,0.1299,0.3160,-0.0830,-0.2607,-0.6728
692ead1affdc0ca6345c4354,6846f7cf9cdf020d4a37a294,keep,0.0494,,,0,231,233,0.9957,,,,-0.0331,-0.5278,-0.3403,0.7567,0.0791
692e9b6568228e362d908f09,6903bd580e94ce070afd33cd,keep,0.0493,,,24,175,177,0.8580,,,,-0.1865,0.0693,-0.1392,-0.2749,0.2450
692ea33395aad87d3e3445b6,6903686e0e94ce070afd1f24,keep,0.0493,,,0,108,110,0.9908,,,,-0.8663,-0.2069,-0.0997,0.7091,0.6557
692eaa76dfa4113987776a5a,6871e269bc1991b1a1e463ba,keep,0.0492,,,0,200,202,0.9950,,,,0.3214,-0.3173,-0.4158,0.3046,-0.2392
692ea5eb68228e362d909045,6903b590466be157ec64580a,keep,0.0490,,,0,155,157,0.9936,,,,-0.1349,0.3144,-0.4918,0.0491,-0.1693
692e9c1bc621d7f4aac3a9cf,69150bf42756853dcad943f2,keep,0.0489,,,0,138,140,0.9928,,,,-0.3636,0.0127,0.5284,0.0000,-0.3441
692ea97aea43f09edf26f5ed,6903686e0e94ce070afd1f24,keep,0.0488,,,0,103,105,0.9904,,,,-0.5441,0.6580,-0.2822,0.0000,-0.2301
692ea3f81e78e176ba6cf883,690362600e94ce070afd1d30,keep,0.0487,,,5,229,234,0.9614,,,,0.0248,-0.0693,0.4875,-0.4240,-0.3378
692eadecc609aae267b279f8,68bc72d1fcdaacc405e3db53,keep,0.0487,,,29,103,105,0.7115,,,,0.2671,-0.4039,-0.1550,-0.3737,0.3930
692ead1bffdc0ca6345c435e,6846f7cf9cdf020d4a37a294,keep,0.0485,,,0,210,215,0.9813,,,,0.1113,-0.7593,-0.1035,0.6463,0.0895
692eafefdfa4113987776ac4,690362600e94ce070afd1d30,keep,0.0485,,,6,289,291,0.9759,,,,-0.2141,-0.1575,0.1870,0.5923,-0.5616
692eace9ad0c9ef057d41ddb,6903686e0e94ce070afd1f24,keep,0.0483,,,9,104,106,0.9048,,,,-0.2195,-0.1725,-0.0265,0.0000,0.2764
692ea33295aad87d3e3445b3,6903686e0e94ce070afd1f24,keep,0.0481,,,3,105,107,0.9623,,,,-0.6032,0.3454,0.0803,0.7291,-0.7592
692eac18aec602a46af10643,69150bf42756853dcad943f2,keep,0.0478,,,0,169,171,0.9941,,,,0.0778,-0.1099,-0.0702,0.0000,-0.2166
692ef3f24215b056bf36e880,6846f7cf9cdf020d4a37a294,keep,0.0474,,,8,216,218,0.9585,,,,-0.4611,-0.3876,-0.1579,0.6513,0.4480
692eb12274b24813e7597690,6846f7cf9cdf020d4a37a294,keep,0.0469,,,1,160,162,0.9876,,,,0.1943,-1.0435,0.3632,0.2246,0.3581
692eb12997ffd8ec903402ac,6846f7cf9cdf020d4a37a294,keep,0.0468,,hesitant,0,165,167,0.9940,,,,-0.0699,-0.9717,0.6030,1.6257,-0.9939
692eaaa1dbc4294a49cc72ac,69070e0b9adc5c8f26f55b5a,keep,0.0461,,,20,132,134,0.8421,,,,-0.0897,-0.5652,-0.3193,0.0000,0.9786
692e9fa197ffd8ec90340127,69150bf42756853dcad943f2,keep,0.0461,,,0,146,148,0.9932,,,,0.2458,-0.4216,-0.0194,0.0000,-0.0396
692eacc34e7eab2cafd26a20,6903686e0e94ce070afd1f24,keep,0.0461,,,0,104,107,0.9811,,,,-0.0297,-0.3712,-0.0110,0.0000,0.2894
692ef15f45175992cd6a0d2c,6871d82a1aaf88556f0c6041,keep,0.0460,,,0,114,116,0.9913,,,,0.2696,-0.4756,-0.0384,0.0000,0.0254
692eb0ac7641010d043547fe,690364170e94ce070afd1da5,keep,0.0455,,,0,194,196,0.9949,,,,0.2130,-0.1653,-0.2537,-0.0774,-0.0587
692eb0afc609aae267b27a2f,6871d82a1aaf88556f0c6041,keep,0.0453,,unsteady_camera,0,112,114,0.9912,,,,-0.5105,-0.8203,1.1933,0.0000,0.4860
692e9d46ba0400c70689fdc9,6903bd580e94ce070afd33cd,keep,0.0452,,,1,170,172,0.9883,,,,-0.3296,0.3157,0.1306,-0.2673,-0.1586
692eb06bc7cb0e94dc84bc9e,690364170e94ce070afd1da5,keep,0.0449,,,0,160,198,0.8122,,,,0.4644,-0.8803,-0.2920,0.1480,0.4538
692e9b6568228e362d908f07,6903bd580e94ce070afd33cd,keep,0.0448,,,3,185,192,0.9529,,,,-0.1014,-0.5126,0.1898,0.4532,-0.0359
692ea4d874b24813e7597547,690cb8f69adc5c8f26f64201,keep,0.0448,,,0,171,179,0.9607,,,,-0.5982,-0.1611,-0.2060,0.8559,0.1757
692eadf8b8797912ff78a892,69036806466be157ec64477f,keep,0.0441,,,73,180,185,0.5815,,,,0.3852,-0.3033,-0.2393,-0.3372,0.1447
692eb0101e78e176ba6cf9b6,6846f7cf9cdf020d4a37a294,keep,0.0441,,,0,179,181,0.9944,,,,0.3755,0.1574,-0.5656,-0.4288,-0.1138
692ea4e392a31767e35da2f5,690366b20e94ce070afd1e8a,keep,0.0440,,,26,159,173,0.7733,,,,-0.0287,-0.3498,-0.2087,0.1395,0.3286
692eae7f3019385fbbf5685f,690366b20e94ce070afd1e8a,keep,0.0437,,,16,182,185,0.9022,,,,-0.5641,0.6703,-0.3069,-0.2938,0.1355
692ea0f3b05428c72fb37498,690cb8f69adc5c8f26f64201,keep,0.0436,,poor_image,0,166,168,0.9940,,,,1.0754,-0.4753,-0.0138,0.0000,-1.1917
692ed3f8f2e4e72c033b9970,6871e269bc1991b1a1e463ba,keep,0.0436,,,0,182,184,0.9945,,,,0.0088,-0.2733,0.4164,0.0000,-0.3249
692eb00d1e78e176ba6cf99f,6846f7cf9cdf020d4a37a294,keep,0.0430,,,0,190,192,0.9948,,,,0.2343,0.3720,-0.3581,-0.7063,-0.1462
692ea164e2322e3b092b5dde,6871d82a1aaf88556f0c6041,keep,0.0427,,,0,104,106,0.9905,,,,0.4433,-1.0031,-0.0312,0.0000,0.5716
692eabd44e86f0c01a20729c,6903686e0e94ce070afd1f24,keep,0.0427,,,1,92,94,0.9785,,,,-0.5662,0.2307,-0.2119,0.0000,0.4163
692e9d97d3d807884d4dd660,6903686e0e94ce070afd1f24,keep,0.0426,,,0,109,111,0.9909,,,,-0.6447,0.2449,-0.0633,0.0000,0.3647
692ea7980793395ac4f6ffa2,67421681889e906244b520b1,keep,0.0425,,,0,207,225,0.9241,,,,0.1030,-0.3383,-0.3340,0.0000,0.3897
692ea697ad0c9ef057d41d04,68bc72d1fcdaacc405e3db53,keep,0.0420,,,11,124,138,0.8248,,,,0.4242,-0.3795,-0.4905,-0.1275,0.2569
692ef057245e9187290070e9,6846f7cf9cdf020d4a37a294,keep,0.0420,,poor_image,7,183,185,0.9565,0.7429,3,0.1435,1.2991,0.2546,0.2772,0.3518,0.2212
692efd3cef7557106e6c4dce,6904b8d0466be157ec648ef1,keep,0.0418,,unsteady_camera,0,133,141,0.9500,,,,-0.2477,-0.4190,1.2853,0.0000,-0.5778
692ea1d468bf0a1f462304ed,690cb8f69adc5c8f26f64201,keep,0.0418,,,1,215,231,0.9304,,,,-0.1299,-0.4561,-0.3316,0.3312,0.5872
692ea968727c13b350cb7ce4,6903686e0e94ce070afd1f24,keep,0.0417,,,0,104,106,0.9905,,,,-0.3391,0.0901,0.1551,0.7361,-0.8096
692eb3e36974927fef249da7,6903686e0e94ce070afd1f24,keep,0.0416,,,0,92,94,0.9892,,,,0.3432,-0.3474,-0.0082,0.0000,-0.2772
692e9b2baf371a654ce7fc86,6903bd580e94ce070afd33cd,keep,0.0415,,incomplete,53,169,172,0.6784,,,,-0.7141,0.0727,-0.0672,-0.5342,1.2731
692eac485aae241ad236edf8,6903bd580e94ce070afd33cd,keep,0.0414,,incomplete,31,141,189,0.5851,,,,0.0749,-1.0819,-0.0616,-0.0487,1.3312
692e9d96d3d807884d4dd65c,6903686e0e94ce070afd1f24,keep,0.0413,,incomplete,4,75,107,0.6698,,,,-0.7059,-0.3855,-0.0106,0.0000,1.3583
692ea696727c13b350cb7c96,69070e0b9adc5c8f26f55b5a,keep,0.0411,,,0,137,139,0.9928,,,,-0.3749,0.4721,-0.2550,0.0000,-0.1784
692ea7539cebf0ec017ddcce,69036806466be157ec64477f,keep,0.0410,,,56,133,137,0.5662,,,,0.1573,-0.4823,0.1664,-0.2858,0.3197
692eab3ae2322e3b092b5f4a,6903bd580e94ce070afd33cd,keep,0.0408,,,0,214,216,0.9953,,,,0.3695,-0.0251,0.1668,-0.5342,-0.4345
692ea6d61e78e176ba6cf8d2,69070e0b9adc5c8f26f55b5a,keep,0.0407,,,0,188,196,0.9641,,,,-0.1594,-0.1955,-0.3164,0.7296,-0.1657
692ea63b3b319da763b71adf,69070e0b9adc5c8f26f55b5a,keep,0.0407,,,0,109,111,0.9909,,,,-0.0287,-0.2596,0.3789,0.0000,-0.2313
692ead82a0e165ab2e42e54e,690cb8f69adc5c8f26f64201,keep,0.0405,,,0,180,184,0.9836,,,,-0.5373,-0.0938,0.6910,0.0000,-0.0278
692ee61eb07e0e30ff1131e4,6846f7cf9cdf020d4a37a294,keep,0.0404,,unsteady_camera,0,182,184,0.9945,,,,0.2661,-0.5808,1.6400,-0.7063,-0.7445
692eddda4cbe80983737fe0c,690366b20e94ce070afd1e8a,keep,0.0403,,unsteady_camera,2,180,182,0.9834,0.3038,1,0.9009,0.0838,0.3025,1.5049,-0.2938,-0.3340
692ea308dbc4294a49cc7230,6871d82a1aaf88556f0c6041,keep,0.0403,,,0,108,110,0.9908,,,,-0.3546,-0.2167,0.6129,0.0000,-0.0379
692ea6383b319da763b71aca,69070e0b9adc5c8f26f55b5a,keep,0.0402,,,0,101,103,0.9902,,,,-0.3461,-0.2651,0.5161,0.6974,-0.5781
692ea3c0ffdc0ca6345c4255,690366b20e94ce070afd1e8a,keep,0.0401,,,29,163,178,0.7571,,,,-0.6976,-0.1917,0.4032,0.1273,0.5226
692ea8132fa9ba56c08f8196,69070e0b9adc5c8f26f55b5a,keep,0.0400,,,0,138,140,0.9928,,,,-0.1598,-0.1424,0.6192,0.0000,-0.4456
692eac7474b24813e7597622,68bc72d1fcdaacc405e3db53,keep,0.0400,,unsteady_camera,0,153,155,0.9935,,,,0.1277,-0.3099,1.5709,-0.1547,-1.4226
692eace7ad0c9ef057d41dd0,6903686e0e94ce070afd1f24,keep,0.0399,,incomplete,49,106,108,0.5327,,,,-0.2733,-0.5501,-0.0651,0.0000,1.0213
692e9d99d3d807884d4dd670,6903686e0e94ce070afd1f24,keep,0.0398,,,2,109,111,0.9727,,,,-0.7112,-0.3251,0.7415,0.0000,0.5340
692ea671dbc4294a49cc7279,6871e269bc1991b1a1e463ba,keep,0.0392,,,0,214,216,0.9953,,,,-0.2564,0.3874,-0.2708,0.0000,-0.2004
692ea5c6d3d807884d4dd759,68bc72d1fcdaacc405e3db53,keep,0.0392,,,3,193,199,0.9596,,,,-0.9424,0.3677,0.7781,0.9464,-1.1370
692eaaa4dbc4294a49cc72c1,69070e0b9adc5c8f26f55b5a,keep,0.0390,,,3,129,131,0.9692,,,,-0.0113,-0.3352,-0.2252,0.5472,-0.0753
692ef1f8245e91872900710e,6846f7cf9cdf020d4a37a294,keep,0.0389,,,0,156,158,0.9936,,,,0.2828,-0.0178,-0.1466,-0.4209,-0.1026
692eab3297ffd8ec90340206,69070e0b9adc5c8f26f55b5a,keep,0.0387,,,0,131,133,0.9924,,,,0.1397,-0.6343,0.1777,0.0000,0.2935
692eab0db0d3d3c9d2606a79,68bc72d1fcdaacc405e3db53,keep,0.0385,,,0,151,153,0.9934,0.1748,0,0.0728,-0.1423,0.4712,0.0163,-0.3737,-0.7365
692ead1bffdc0ca6345c4358,6846f7cf9cdf020d4a37a294,keep,0.0382,,,15,191,195,0.9072,,,,-0.7340,-0.2125,0.1574,0.7593,0.2357
692eaf7768228e362d90915b,6903bd580e94ce070afd33cd,keep,0.0380,,,0,142,157,0.9103,,,,0.1363,-0.3446,-0.2390,0.1284,0.1570
692ea7684e86f0c01a20723c,6871d82a1aaf88556f0c6041,keep,0.0380,,,0,135,137,0.9926,0.1646,1,0.0763,-0.4454,0.6603,-0.2202,0.0000,0.2418
692eb0aec609aae267b27a25,6871d82a1aaf88556f0c6041,keep,0.0379,,,0,143,145,0.9931,,,,-0.0848,-0.3850,-0.1251,0.0000,0.5647
692ea8a096d2056439f0188d,6903b590466be157ec64580a,keep,0.0376,,,0,209,212,0.9905,,,,0.3315,-0.2246,-0.1110,0.1745,-0.4869
692eadefc609aae267b27a0d,68bc72d1fcdaacc405e3db53,keep,0.0375,,,20,144,150,0.8322,,,,-0.0774,-0.3199,0.2822,-0.3737,0.4246
692f13d3f59fd218b1be026a,6904b8d0466be157ec648ef1,keep,0.0374,,,0,185,188,0.9893,,,,0.2467,-0.8532,0.7528,0.0000,-0.1052
692ea76a4e86f0c01a20724c,6871d82a1aaf88556f0c6041,keep,0.0374,,incomplete,4,107,109,0.9537,,,,-0.6573,-0.2014,-0.2851,0.0000,1.3115
692ea6cf99488ff84776f941,69070e0b9adc5c8f26f55b5a,keep,0.0372,,,6,124,127,0.9365,,,,-0.2503,-0.0748,-0.2734,0.0000,0.5004
692eb0503019385fbbf56886,69070e0b9adc5c8f26f55b5a,keep,0.0367,,hesitant,3,95,97,0.9583,0.5952,1,0.0328,-0.5103,-0.2768,0.7983,1.2022,-0.0396
692eae54c621d7f4aac3abd4,6846f7cf9cdf020d4a37a294,keep,0.0363,,,7,158,160,0.9497,,,,0.5068,-0.7023,0.1710,-0.7063,0.5742
692e99de6974927fef249bd0,69150bf42756853dcad943f2,keep,0.0363,,,5,121,123,0.9508,,,,-0.4272,0.0680,-0.0274,0.0000,0.3119
692ea69baec602a46af1058b,6903686e0e94ce070afd1f24,keep,0.0363,,,0,105,107,0.9906,,,,-0.1320,0.4817,-0.0178,0.0000,-0.7607
692e9e50b8797912ff78a75a,6903bd580e94ce070afd33cd,keep,0.0363,,,1,190,192,0.9895,,,,-0.0701,0.0901,0.0151,0.1826,-0.4817
692ea2d6c7cb0e94dc84bb66,69070e0b9adc5c8f26f55b5a,keep,0.0362,,,0,126,128,0.9921,,,,-0.2004,0.6322,0.1593,0.0000,-1.0602
692ea19e567c97525f40148e,68696b41314bde44018fa510,keep,0.0362,,hesitant,0,264,266,0.9962,,,,-0.3859,-0.4168,-0.4338,1.3324,0.0523
692ea22eb0d3d3c9d26069b0,68bc72d1fcdaacc405e3db53,keep,0.0361,,,5,168,171,0.9588,,,,-0.5331,0.8948,-0.3568,-0.3737,-0.0650
692eaff4e2322e3b092b5fb6,6846f7cf9cdf020d4a37a294,keep,0.0359,,hesitant+incomplete,1,138,175,0.7874,,,,-1.0134,-0.5486,0.0339,1.0164,1.0416
692eae0697ffd8ec9034026a,6846f7cf9cdf020d4a37a294,keep,0.0358,,,4,167,169,0.9702,,,,0.1301,-0.4076,0.0080,0.1858,-0.0282
692ea95ec609aae267b2798c,690364170e94ce070afd1da5,keep,0.0357,,,24,215,217,0.8843,,,,0.4794,-0.1434,-0.2806,-0.3532,-0.1202
692eaa182fa9ba56c08f81c3,69150bf42756853dcad943f2,keep,0.0355,,,0,142,144,0.9930,,,,-0.0948,0.5348,-0.1948,0.2266,-0.9405
692eb12997ffd8ec903402a4,6846f7cf9cdf020d4a37a294,keep,0.0354,,,2,167,169,0.9821,,,,-0.4105,-0.6443,0.2322,0.6887,0.4137
692ea6d71e78e176ba6cf8e0,69070e0b9adc5c8f26f55b5a,keep,0.0352,,,2,158,160,0.9811,,,,0.1287,-0.1763,-0.6124,0.0000,0.4376
692eada6c609aae267b279e9,690cb8f69adc5c8f26f64201,keep,0.0352,,,0,176,178,0.9944,,,,-0.0757,0.6853,-0.1988,0.0000,-0.9617
692ea3c0ffdc0ca6345c4254,690366b20e94ce070afd1e8a,keep,0.0351,,,8,166,172,0.9240,,,,0.4408,-0.0976,-0.3104,-0.2938,-0.1564
692eaf7768228e362d90915a,6903bd580e94ce070afd33cd,keep,0.0351,,,1,171,177,0.9659,,,,0.3414,-0.3831,0.0619,-0.2405,-0.0045
692ea26aaf371a654ce7fd3d,68696b41314bde44018fa510,keep,0.0351,,,2,185,187,0.9839,,,,-0.4220,-0.1710,0.2899,0.0000,0.3542
692ead5e3019385fbbf5684e,6846f7cf9cdf020d4a37a294,keep,0.0350,,,16,206,208,0.9179,,,,-0.0542,-0.1051,-0.1385,0.1597,-0.0274
692ea33295aad87d3e3445b4,6903686e0e94ce070afd1f24,keep,0.0350,,,0,102,104,0.9903,,,,-0.6676,0.3135,-0.2186,0.0000,0.5047
692ea4e392a31767e35da2f4,690366b20e94ce070afd1e8a,keep,0.0349,,,9,182,185,0.9402,,,,-0.3770,0.2129,-0.4697,0.4793,-0.0079
692ea76a4e86f0c01a20724d,6871d82a1aaf88556f0c6041,keep,0.0349,,hesitant,0,98,100,0.9899,,,,-1.0201,-0.4797,0.6869,2.0000,-0.6816
692eab0cb0d3d3c9d2606a6f,68bc72d1fcdaacc405e3db53,keep,0.0347,,,13,164,166,0.9152,,,,-0.1833,0.6014,-0.5808,-0.3737,0.0848
692ea773b77ab81b8b41ee8c,6846f7cf9cdf020d4a37a294,keep,0.0346,,,0,177,182,0.9779,,,,0.1624,-0.3239,0.0203,-0.2111,0.1909
692edef1fbcce321dca74d31,69036806466be157ec64477f,keep,0.0346,,,82,186,198,0.5279,,,,-0.5581,0.2213,0.4255,-0.4830,0.3207
692eafefdfa4113987776ac6,690362600e94ce070afd1d30,keep,0.0344,,,0,214,216,0.9953,,,,-0.1092,-0.1504,-0.0319,-0.1786,0.3590
692eafb4dbc4294a49cc7318,69070e0b9adc5c8f26f55b5a,keep,0.0344,,,0,128,130,0.9922,,,,-0.1220,-0.1950,0.2597,0.0000,-0.0250
692ea75374b24813e75975a7,6904b8d0466be157ec648ef1,keep,0.0344,,,1,199,201,0.9900,,,,-0.4216,-0.1278,-0.0576,0.3835,0.2576
692eb32268228e362d909185,690366b20e94ce070afd1e8a,keep,0.0333,,,0,199,234,0.8541,,,,-0.2506,0.0599,-0.0086,0.0261,0.0356
692ea3bfffdc0ca6345c424b,690366b20e94ce070afd1e8a,keep,0.0333,,,35,166,183,0.7198,,,,-0.5325,-0.6089,-0.0946,0.8973,0.6765
692ea16496d2056439f017c5,6903686e0e94ce070afd1f24,keep,0.0331,,,4,100,102,0.9505,,,,-0.0556,-0.1315,-0.1684,0.0000,0.2173
692eaa627641010d04354720,69070e0b9adc5c8f26f55b5a,keep,0.0331,,,0,93,95,0.9894,,,,-0.3214,0.2179,-0.0325,0.0000,-0.0438
692ea8a096d2056439f0188a,6903b590466be157ec64580a,keep,0.0331,,,0,190,192,0.9948,,,,-0.3107,0.2627,-0.1253,-0.2128,0.1786
692eab68d3d807884d4dd7fb,69070e0b9adc5c8f26f55b5a,keep,0.0329,,,0,119,121,0.9917,,,,-0.1545,0.0285,0.1577,0.0000,-0.1986
692eaf88526b2c3ac5f5b502,6903bd580e94ce070afd33cd,keep,0.0327,,,9,239,241,0.9583,,,,-0.0783,0.7625,0.0203,-0.5342,-0.7414
692eafddb8797912ff78a908,6903b590466be157ec64580a,keep,0.0327,,,0,166,168,0.9940,,,,-0.2506,0.3831,-0.5798,0.2211,-0.0690
692ea269af371a654ce7fd37,68696b41314bde44018fa510,keep,0.0327,,hesitant,3,173,175,0.9770,,,,-0.2952,-0.5327,-0.0306,1.0146,0.0290
692ea8014e7eab2cafd269a2,690366b20e94ce070afd1e8a,keep,0.0326,,,35,174,176,0.7943,,,,-0.6094,0.3453,0.3929,-0.2938,0.0687
692eb228b77ab81b8b41ef92,6903686e0e94ce070afd1f24,keep,0.0326,,,3,114,116,0.9652,,,,-0.5201,0.2729,-0.0047,0.6721,-0.5248
692ea7f6f169106feb26aee5,6903686e0e94ce070afd1f24,keep,0.0324,,,3,106,108,0.9626,,,,-0.1627,-0.3369,-0.1451,0.0000,0.6674
692eaff0dfa4113987776ac8,690362600e94ce070afd1d30,keep,0.0322,,,0,207,226,0.9200,,,,0.7237,-0.0817,-0.0666,-0.4166,-0.7052
692ea698ad0c9ef057d41d0f,68bc72d1fcdaacc405e3db53,keep,0.0322,,,0,147,150,0.9866,,,,-0.4332,-0.2730,0.4049,0.9846,-0.5554
692ea888e2322e3b092b5ef3,6903b590466be157ec64580a,keep,0.0320,,,1,180,182,0.9890,,,,-0.2913,-0.4051,-0.0139,0.5879,0.2466
692ea16696d2056439f017e3,6903686e0e94ce070afd1f24,keep,0.0319,,,3,96,98,0.9588,,,,-0.1020,-0.4984,0.0833,0.0000,0.5940
692eb00e1e78e176ba6cf9a6,6846f7cf9cdf020d4a37a294,keep,0.0319,,,0,174,176,0.9943,,,,-0.3263,0.2653,-0.0150,0.1501,-0.2668
692e98ef40338017b7f997cf,6871d82a1aaf88556f0c6041,keep,0.0319,,,0,111,113,0.9911,,,,0.1849,-0.0889,-0.2840,0.0000,-0.0831
692ea671dbc4294a49cc727e,6871e269bc1991b1a1e463ba,keep,0.0317,,,0,214,216,0.9953,,,,-0.4241,0.2040,-0.8007,0.0000,0.9088
692ea4842fa9ba56c08f810e,6903bd580e94ce070afd33cd,keep,0.0317,,,6,234,236,0.9702,,,,-0.2840,0.3946,-0.0462,0.2684,-0.6099
692e9ee5c7cb0e94dc84bad2,6903686e0e94ce070afd1f24,keep,0.0317,,,0,88,90,0.9888,,,,-0.3659,0.2975,-0.1391,0.0000,0.0200
692eab3be2322e3b092b5f4e,6903bd580e94ce070afd33cd,keep,0.0313,,unsteady_camera,2,211,213,0.9858,,,,-0.0796,0.3780,1.3406,-0.0751,-1.9325
692eb1313b319da763b71bfe,6903686e0e94ce070afd1f24,keep,0.0313,,,2,118,122,0.9587,,,,-0.0452,-0.2133,-0.3418,0.0000,0.5104
692ea0bc727c13b350cb7bdd,6903686e0e94ce070afd1f24,keep,0.0311,,,4,100,102,0.9505,,,,0.3232,-0.5266,-0.1424,0.0000,0.2298
692eb3e26974927fef249d9e,6903686e0e94ce070afd1f24,keep,0.0310,,,0,96,98,0.9897,,,,-0.1929,-0.3026,-0.1459,0.0000,0.6720
692eab4368bf0a1f4623059a,6904b8d0466be157ec648ef1,keep,0.0310,,,2,138,140,0.9784,,,,0.4921,-0.6685,0.1929,0.0000,-0.1454
692eb1efd52427f961fa167f,69070e0b9adc5c8f26f55b5a,keep,0.0304,,,0,102,104,0.9903,,,,-0.3190,0.1720,0.2704,0.0000,-0.2630
692ea6a13b319da763b71aef,6903bd580e94ce070afd33cd,keep,0.0303,,,0,189,207,0.9175,,,,0.2374,-0.6764,-0.0315,0.1304,0.3475
692ea0bc727c13b350cb7beb,6903686e0e94ce070afd1f24,keep,0.0302,,,0,94,96,0.9895,,,,0.1097,-0.5602,0.0457,0.0000,0.4189
692ea0f3b05428c72fb37495,690cb8f69adc5c8f26f64201,keep,0.0301,,,0,205,211,0.9762,,,,-1.0469,-0.0424,0.8412,0.2970,0.2853
692ea92a99488ff84776f987,69070e0b9adc5c8f26f55b5a,keep,0.0300,,,2,123,125,0.9758,,,,-0.0859,-0.2811,0.2735,0.0000,0.0666
692f197f45175992cd6a0ec1,6904b8d0466be157ec648ef1,keep,0.0300,,,0,142,144,0.9930,,,,0.6599,-0.7820,0.2394,0.0000,-0.2660
692ea5f3eee2f8cb10d0f7d8,69150bf42756853dcad943f2,keep,0.0297,,,3,143,148,0.9524,,,,-0.0923,0.0120,-0.2169,0.0000,0.1299
692eadeec609aae267b27a09,68bc72d1fcdaacc405e3db53,keep,0.0294,,,1,145,147,0.9863,,,,0.0192,0.7821,0.2499,-0.3737,-1.2841
692ed684952b26f4cc71a442,690366b20e94ce070afd1e8a,keep,0.0294,,,9,201,216,0.8930,,,,0.5814,-0.1172,0.1476,0.0212,-1.0706
692eab63424dbf22e75ed0fb,68696b41314bde44018fa510,keep,0.0292,,,1,189,191,0.9895,,,,0.3998,-0.3184,-0.3460,0.0000,0.0192
692eada7c609aae267b279ec,690cb8f69adc5c8f26f64201,keep,0.0289,,,0,199,201,0.9950,,,,-0.0895,0.2240,-0.1251,0.0000,-0.2790
692eab3397ffd8ec9034020c,69070e0b9adc5c8f26f55b5a,keep,0.0287,,,0,121,123,0.9918,,,,0.4413,-0.2242,-0.2707,0.0000,-0.2562
692e98f140338017b7f997df,6871d82a1aaf88556f0c6041,keep,0.0287,,,0,110,112,0.9910,,,,-0.3653,0.4111,-0.0566,0.0000,-0.2127
692eacf599488ff84776f9ec,6846f7cf9cdf020d4a37a294,keep,0.0286,,,0,229,231,0.9957,,,,-0.1209,-0.3732,0.2061,0.0954,0.2398
692ea16596d2056439f017da,6903686e0e94ce070afd1f24,keep,0.0285,,,3,107,109,0.9630,,,,-0.1163,0.1428,-0.2901,0.0000,0.0507
692e9d6799488ff84776f85d,6871d82a1aaf88556f0c6041,keep,0.0284,,,0,92,94,0.9892,,,,0.8228,-0.6114,-0.0373,0.0000,-0.4785
692eae31aec602a46af106a5,6903686e0e94ce070afd1f24,keep,0.0282,,,0,101,103,0.9902,,,,-0.4010,0.6155,0.0052,0.0000,-0.5244
692ea1d468bf0a1f462304ec,690cb8f69adc5c8f26f64201,keep,0.0281,,incomplete,3,131,208,0.6184,,,,-0.8067,-1.3679,0.1920,0.7360,2.1371
692eab1bb77ab81b8b41eee1,6903b590466be157ec64580a,keep,0.0280,,,5,182,184,0.9672,,,,-0.8682,0.5253,0.4756,0.6296,-0.7871
692eace7ad0c9ef057d41dcb,6903686e0e94ce070afd1f24,keep,0.0280,,,6,99,101,0.9300,,,,-0.2835,-0.0764,-0.1392,0.0000,0.4829
692eab0bb0d3d3c9d2606a6e,68bc72d1fcdaacc405e3db53,keep,0.0279,,,0,169,171,0.9941,0.1901,4,0.9830,-0.5427,-0.1151,0.2404,0.4445,-1.6100
692ef15f45175992cd6a0d2d,6871d82a1aaf88556f0c6041,keep,0.0274,,incomplete,1,90,98,0.9175,,,,-0.2854,-1.0965,0.1385,0.0000,1.7425
692e9dbe68228e362d908f6b,6903686e0e94ce070afd1f24,keep,0.0274,,,3,137,141,0.9571,,,,-0.4310,-0.0939,-0.1972,0.0000,0.7927
692e9b3a68bf0a1f46230455,6871e269bc1991b1a1e463ba,keep,0.0271,,,0,180,182,0.9945,,,,-0.2446,0.1117,-0.2484,0.0000,0.2581
692ea51da0e165ab2e42e47f,6871d6cd07c5fd75be83e337,keep,0.0271,,,0,193,195,0.9948,0.0694,2,0.8417,-0.3522,0.6940,-0.5405,0.2075,-0.1701
692e9a5a9cebf0ec017ddb40,6904b8d0466be157ec648ef1,keep,0.0271,,,0,206,208,0.9952,,,,0.5388,-0.2297,-0.1962,0.0000,-0.4568
692ea39fa0e165ab2e42e45a,690364170e94ce070afd1da5,keep,0.0269,,,3,224,227,0.9779,,,,-0.1453,0.1117,-0.1978,-0.1784,0.2385
692ea963567c97525f401538,69036806466be157ec64477f,keep,0.0267,,,89,199,211,0.5238,,,,-0.2630,-0.1420,0.2286,-0.2276,0.4194
692eaa637641010d0435472a,69070e0b9adc5c8f26f55b5a,keep,0.0262,,,0,98,100,0.9899,,,,-0.2491,0.6490,-0.0816,0.0000,-0.7015
692ef056245e9187290070dd,6846f7cf9cdf020d4a37a294,keep,0.0259,,,4,198,200,0.9749,,,,0.1115,0.8848,0.0332,-0.2301,-1.4789
692ea030424dbf22e75ecfcf,6903bd580e94ce070afd33cd,keep,0.0253,,,0,173,175,0.9943,,,,0.0772,-0.2846,0.2719,0.0599,-0.1982
692ea32d5aae241ad236ecef,6903686e0e94ce070afd1f24,keep,0.0252,,,0,101,103,0.9902,,,,-0.3338,-0.6555,0.1343,0.7577,0.4155
692ea772b77ab81b8b41ee81,6846f7cf9cdf020d4a37a294,keep,0.0248,,,15,161,176,0.8343,,,,-0.1030,-0.7279,0.0536,0.1501,0.8691
692e9a5c2fa9ba56c08f8062,6903686e0e94ce070afd1f24,keep,0.0244,,,0,97,99,0.9898,,,,-0.2831,-0.2348,-0.0197,0.0000,0.6257
692e977874b24813e75973e9,6871e269bc1991b1a1e463ba,keep,0.0244,,,0,221,223,0.9955,,,,0.0878,-0.0727,0.0483,0.5515,-0.7933
692e9b2caf371a654ce7fc8d,6903bd580e94ce070afd33cd,keep,0.0242,,,0,158,163,0.9753,,,,-0.0044,-0.5331,0.1994,0.3856,0.0517
692eac0a96d2056439f01911,6871d82a1aaf88556f0c6041,keep,0.0240,,,0,100,102,0.9901,,,,-0.1902,-0.0772,-0.4026,0.0000,0.6360
692eda88fbcce321dca74cc1,6871d6cd07c5fd75be83e337,keep,0.0239,,hesitant,7,192,194,0.9585,,,,-1.0022,0.0048,-0.2823,1.1926,0.4181
692ea1efb0d3d3c9d2606994,6903686e0e94ce070afd1f24,keep,0.0238,,,2,100,102,0.9703,,,,-0.1232,-0.1372,-0.2237,0.0000,0.4481
692e99dd6974927fef249bcd,69150bf42756853dcad943f2,keep,0.0236,,,0,117,119,0.9915,,,,-0.4853,0.0606,0.3066,0.0000,0.1651
692eac8692a31767e35da3ae,69070e0b9adc5c8f26f55b5a,keep,0.0235,,,6,128,132,0.9313,0.0951,2,0.8475,-0.3929,0.4990,0.0866,0.0000,-0.3509
692ee61db07e0e30ff1131d3,6846f7cf9cdf020d4a37a294,keep,0.0234,,,3,157,159,0.9747,,,,0.6873,-0.9678,-0.5033,0.8096,-0.0495
692eaee296d2056439f01941,68696b41314bde44018fa510,keep,0.0232,,hesitant,2,199,201,0.9850,,,,0.0214,-0.3212,-0.5842,1.2115,-0.3403
692ea69c74b24813e7597593,690364170e94ce070afd1da5,keep,0.0232,,,1,225,227,0.9912,,,,-0.3829,0.7730,-0.4161,-0.5710,0.2394
692e9b2caf371a654ce7fc91,6903bd580e94ce070afd33cd,keep,0.0229,,hesitant,0,128,153,0.8421,,,,-0.2993,-0.5318,-0.1350,1.0068,0.2141
692eac7274b24813e759760b,68bc72d1fcdaacc405e3db53,keep,0.0228,,,52,145,147,0.6370,,,,-0.4178,-0.1248,0.2135,0.0884,0.3528
692eb0503019385fbbf5688d,69070e0b9adc5c8f26f55b5a,keep,0.0224,,,0,119,121,0.9917,,,,-0.0248,-0.2768,0.1206,0.0000,0.1747
692ea1c4a0e165ab2e42e430,68696b41314bde44018fa510,keep,0.0224,,,3,195,197,0.9796,,,,0.2171,-0.2101,-0.4675,0.0000,0.3004
692ea1ab3b319da763b71a46,69070e0b9adc5c8f26f55b5a,keep,0.0223,,,0,173,175,0.9943,,,,-0.3382,0.3220,-0.4771,0.0000,0.3456
692eae32aec602a46af106b1,6903686e0e94ce070afd1f24,keep,0.0223,,,11,113,115,0.8947,,,,-0.2452,0.2298,-0.0267,0.0000,-0.1061
692ea1ac3b319da763b71a4a,69070e0b9adc5c8f26f55b5a,keep,0.0222,,,4,172,174,0.9711,,,,-0.5610,0.3016,-0.3121,0.0000,0.5456
692eaff3e2322e3b092b5fad,6846f7cf9cdf020d4a37a294,keep,0.0222,,,15,187,189,0.9149,,,,-0.2023,-0.1622,-0.3443,0.3566,0.3793
692ea164e2322e3b092b5dd8,6871d82a1aaf88556f0c6041,keep,0.0221,,unsteady_camera,0,100,102,0.9901,,,,-0.4101,-0.8581,1.7080,0.0000,0.0395
692e8c91aec602a46af102f7,6904b8d0466be157ec648ef1,keep,0.0220,,,0,198,200,0.9950,,,,0.0752,-0.2079,-0.2365,0.5782,-0.2969
692e98f040338017b7f997d6,6871d82a1aaf88556f0c6041,keep,0.0219,,,0,90,92,0.9890,,,,-0.1282,-0.1533,-0.0055,0.0000,0.2744
692e9a34ba0400c70689fd70,68696b41314bde44018fa510,keep,0.0219,,,0,187,189,0.9947,,,,-0.2081,0.5011,-0.5938,0.0000,0.0009
692ea3beffdc0ca6345c4241,690366b20e94ce070afd1e8a,keep,0.0219,,,0,204,221,0.9273,,,,-0.2502,-0.0275,0.0811,0.3218,-0.1394
692e9a5a9cebf0ec017ddb3f,6904b8d0466be157ec648ef1,keep,0.0217,,,4,234,239,0.9664,,,,0.6570,-1.1086,-0.1521,0.1611,0.5167
692eac0892a31767e35da396,6846f7cf9cdf020d4a37a294,keep,0.0216,,,3,216,218,0.9816,,,,-0.2517,0.5018,0.2979,-0.7063,-0.1182
692ef720b07e0e30ff1132f4,6904b8d0466be157ec648ef1,keep,0.0215,,,8,191,193,0.9531,,,,-0.5089,0.6235,0.1698,0.0000,-0.4922
692ed7b14cbe80983737fdcd,6903b590466be157ec64580a,keep,0.0214,,,0,210,212,0.9953,,,,-0.1980,-0.8161,0.3205,0.5179,0.5329
692ea9c3dfa4113987776a3c,6903b590466be157ec64580a,keep,0.0213,,,1,224,226,0.9911,,,,-0.0925,0.0677,-0.5600,0.6951,-0.2472
692eadf5d52427f961fa1614,69036806466be157ec64477f,keep,0.0213,,hesitant,87,224,226,0.6089,,,,-0.6709,-0.2286,-0.0698,1.1083,0.1619
692e984a68bf0a1f462303f4,6871e269bc1991b1a1e463ba,keep,0.0212,,,0,197,199,0.9949,,,,-0.1944,-0.0587,-0.0459,0.6184,-0.3412
692ea3f91e78e176ba6cf88c,690362600e94ce070afd1d30,keep,0.0210,,,0,218,220,0.9954,,,,-0.1580,0.2862,-0.6739,-0.1282,0.4625
692eb0b2c609aae267b27a49,6871d82a1aaf88556f0c6041,keep,0.0210,,hesitant,0,138,143,0.9718,,,,-0.6904,-0.8309,-0.4135,1.7867,0.7617
692eabd6c621d7f4aac3abb6,68bc72d1fcdaacc405e3db53,keep,0.0210,,,26,173,175,0.8448,,,,0.6638,-0.1618,0.0600,-0.3737,-0.5864
692ea3f7ffdc0ca6345c425f,690366b20e94ce070afd1e8a,keep,0.0209,,,0,131,137,0.9632,,,,0.2918,-0.1425,0.1347,-0.2938,-0.2111
692eaff3e2322e3b092b5faa,6846f7cf9cdf020d4a37a294,keep,0.0206,,,2,195,199,0.9747,,,,-0.3115,0.1978,-0.1704,0.0246,0.1720
692ef221b07e0e30ff11328c,690cb8f69adc5c8f26f64201,keep,0.0206,,,0,173,175,0.9943,,,,-0.6776,0.3498,-0.0126,0.3584,0.0018
692ea1c6a0e165ab2e42e442,68696b41314bde44018fa510,keep,0.0206,,,1,157,159,0.9873,,,,0.0855,-0.1942,-0.0279,0.0000,0.0470
692ea5ea68228e362d90903f,6903b590466be157ec64580a,keep,0.0204,,,2,158,160,0.9811,,,,-0.3177,0.4071,-0.4176,0.2429,-0.1023
692ea9c11e78e176ba6cf91b,6903bd580e94ce070afd33cd,keep,0.0202,,,18,186,188,0.8984,,,,-0.2574,-0.1990,0.1928,0.0186,0.3317
692eac0a96d2056439f0190e,6871d82a1aaf88556f0c6041,keep,0.0202,,,0,111,113,0.9911,,,,-0.0141,-0.0848,-0.1426,0.0000,0.1496
692ea32e5aae241ad236ed01,6903686e0e94ce070afd1f24,keep,0.0200,,,39,105,107,0.6226,,,,-0.0318,-0.5603,-0.0466,0.0000,0.7945
692ea696727c13b350cb7c8f,69070e0b9adc5c8f26f55b5a,keep,0.0200,,,0,154,156,0.9935,,,,-0.3467,0.4292,-0.3294,0.0000,0.0655
692ea0bb727c13b350cb7bd5,6903686e0e94ce070afd1f24,keep,0.0200,,,0,95,97,0.9896,,,,-0.0345,-0.1518,0.0305,0.0000,0.1087
692eaaa3dbc4294a49cc72b8,69070e0b9adc5c8f26f55b5a,keep,0.0193,,,1,121,123,0.9836,,,,-0.3359,-0.1168,-0.0250,0.9460,-0.3768
692eaf87526b2c3ac5f5b4f9,6903bd580e94ce070afd33cd,keep,0.0192,,,5,233,235,0.9744,,,,-0.2428,0.4663,0.0817,-0.5342,-0.0174
692ea16596d2056439f017dc,6903686e0e94ce070afd1f24,keep,0.0190,,,17,96,98,0.8144,,,,0.0757,-0.3701,0.0290,0.0000,0.2797
692ed3f8f2e4e72c033b996c,6871e269bc1991b1a1e463ba,keep,0.0190,,,0,205,207,0.9951,,,,-0.4353,0.2578,0.4705,0.0000,-0.3370
692ea80e1e78e176ba6cf8fb,6903b590466be157ec64580a,keep,0.0189,,,1,222,232,0.9567,,,,-0.0828,-0.3203,0.4755,0.1409,-0.1443
692ea2d3c7cb0e94dc84bb4e,69070e0b9adc5c8f26f55b5a,keep,0.0189,,,2,105,107,0.9717,,,,0.0794,-0.1241,0.6725,0.0000,-0.7374
692eab0db0d3d3c9d2606a7a,68bc72d1fcdaacc405e3db53,keep,0.0185,,,35,180,192,0.7592,,,,-0.0575,-0.3500,-0.2208,-0.0205,0.7227
692ea81092a31767e35da34f,6903686e0e94ce070afd1f24,keep,0.0184,,,6,103,105,0.9327,,,,0.9386,-0.4647,-0.1223,0.0000,-0.7173
692eafd4ffdc0ca6345c4394,69070e0b9adc5c8f26f55b5a,keep,0.0184,,,10,111,120,0.8487,,,,0.0133,-0.4045,-0.4263,0.0000,0.8845
692ef16045175992cd6a0d3e,6871d82a1aaf88556f0c6041,keep,0.0182,,poor_image,0,90,92,0.9890,,,,1.2932,-0.8335,-0.4363,0.0000,-0.3805
692eaa5fd3d807884d4dd7ab,6903686e0e94ce070afd1f24,keep,0.0182,,,20,102,104,0.7961,,,,-0.0145,-0.1584,-0.0956,0.0000,0.2276
692e9e50b8797912ff78a75d,6903bd580e94ce070afd33cd,keep,0.0180,,,1,156,182,0.8564,,,,-0.2087,-0.4356,0.7640,-0.5342,0.6105
692ea2f8854d0e0793875b3e,69070e0b9adc5c8f26f55b5a,keep,0.0178,,,0,114,118,0.9744,,,,-0.1807,-0.1667,-0.2070,0.6080,-0.0048
692e9e7bea43f09edf26f4f6,69036806466be157ec64477f,keep,0.0178,,,0,177,191,0.9316,,,,-0.2238,-0.0203,0.8804,0.5150,-1.1534
692ea3c0ffdc0ca6345c4253,690366b20e94ce070afd1e8a,keep,0.0177,,,29,157,170,0.7574,,,,-0.4545,0.0065,-0.0469,0.1069,0.4879
692eaee44e7eab2cafd26a5a,6903b590466be157ec64580a,keep,0.0175,,incomplete,18,206,222,0.8507,,,,0.0975,-0.4192,-0.6596,-0.2128,1.2327
692e982aea43f09edf26f454,6871e269bc1991b1a1e463ba,keep,0.0174,,unsteady_camera,0,194,196,0.9949,,,,0.0807,-0.5366,1.1339,0.0000,-0.5719
692ea967727c13b350cb7cdf,6903686e0e94ce070afd1f24,keep,0.0174,,,1,105,107,0.9811,,,,-0.1583,-0.2334,-0.2276,0.0000,0.6936
692ea9f35aae241ad236edc9,6903b590466be157ec64580a,keep,0.0172,,,0,158,160,0.9937,,,,-0.4985,0.4754,0.1789,0.0442,-0.3085
692eb29fffdc0ca6345c43dc,69070e0b9adc5c8f26f55b5a,keep,0.0168,,hesitant,62,125,127,0.5000,,,,-0.4830,-0.8803,0.1380,1.1292,0.6600
692eaee639719ab57395b991,6903bd580e94ce070afd33cd,keep,0.0168,,,0,154,170,0.9112,,,,0.2637,-0.4885,0.0537,0.0059,0.1599
692ef6040ba268eb16564b0f,6903bd580e94ce070afd33cd,keep,0.0166,,,3,184,190,0.9577,,,,-0.2223,0.4728,0.0031,-0.5342,0.0392
692ea162e2322e3b092b5dcc,6871d82a1aaf88556f0c6041,keep,0.0166,,,3,104,106,0.9619,,,,0.5995,-1.0035,-0.0337,0.0000,0.5236
692e9d3fa0e165ab2e42e3d1,6903686e0e94ce070afd1f24,keep,0.0166,,,0,131,133,0.9924,,,,-0.1437,0.5110,-0.2107,0.0000,-0.4563
692ea032424dbf22e75ecfde,6903bd580e94ce070afd33cd,keep,0.0164,,,11,160,171,0.8765,,,,-0.3662,-0.0358,-0.3324,0.3423,0.4782
692ea767d52427f961fa157a,68696b41314bde44018fa510,keep,0.0159,,,0,224,228,0.9868,,,,-0.0603,0.0089,-0.3373,0.0000,0.3030
692ea268af371a654ce7fd2e,68696b41314bde44018fa510,keep,0.0158,,,1,153,157,0.9744,,,,-0.6848,0.6628,0.7096,0.0000,-0.7874
692e9dbf68228e362d908f6e,6903686e0e94ce070afd1f24,keep,0.0156,,,0,128,130,0.9922,,,,-0.2013,0.7116,0.2173,0.0000,-1.0919
692eb29dffdc0ca6345c43ca,69070e0b9adc5c8f26f55b5a,keep,0.0155,,incomplete,38,105,107,0.6321,,,,-0.7704,-0.5156,0.1365,0.6711,1.0132
692ea5f5eee2f8cb10d0f7e2,69150bf42756853dcad943f2,keep,0.0154,,,2,125,127,0.9762,,,,0.2396,-0.4497,0.1051,0.0000,0.1026
692ea288dfa4113987776988,6871d82a1aaf88556f0c6041,keep,0.0153,,,1,89,91,0.9778,,,,0.0364,0.2061,0.2435,0.0000,-0.7144
692eaf86526b2c3ac5f5b4f3,6903bd580e94ce070afd33cd,keep,0.0151,,,45,209,211,0.7810,,,,-0.2416,-0.2051,0.1141,0.6388,-0.1886
692e9ea5a0e165ab2e42e3dd,6903bd580e94ce070afd33cd,keep,0.0150,,,16,147,149,0.8851,,,,0.1825,-0.3093,0.0747,-0.2258,0.2366
692e9c1dc621d7f4aac3a9e1,69150bf42756853dcad943f2,keep,0.0150,,,0,157,159,0.9937,,,,-0.8171,0.7819,0.2835,0.0000,-0.3354
692e98af5aae241ad236ec05,6871d82a1aaf88556f0c6041,keep,0.0149,,,0,104,106,0.9905,,,,-0.1872,0.9374,-0.0251,0.0000,-1.2046
692ea4d43b319da763b71ab7,69150bf42756853dcad943f2,keep,0.0147,,,26,152,155,0.8182,,,,0.0034,-0.5062,-0.1256,0.0000,0.7770
692eaa0e424dbf22e75ed0c8,6846f7cf9cdf020d4a37a294,keep,0.0146,,,1,206,238,0.8650,,,,-0.3749,-0.0810,-0.3371,0.0935,0.8254
692e99db6974927fef249bbc,69150bf42756853dcad943f2,keep,0.0146,,,0,114,119,0.9661,,,,0.1204,0.1893,0.7894,0.0000,-1.3560
692ea765f169106feb26aeb2,69036806466be157ec64477f,keep,0.0144,,,1,212,230,0.9214,,,,0.1893,-0.1189,0.8276,-0.1193,-0.9150
692eb064d52427f961fa165e,690366b20e94ce070afd1e8a,keep,0.0143,,,0,229,231,0.9957,,,,-0.1514,0.6190,0.0282,-0.2938,-0.5362
692ef514f59fd218b1be00d1,69150bf42756853dcad943f2,keep,0.0140,,,0,211,214,0.9906,,,,-0.2502,0.6106,-0.1997,0.4563,-0.8954
692eab4468bf0a1f4623059c,6904b8d0466be157ec648ef1,keep,0.0140,,,0,133,135,0.9925,,,,0.1004,-0.3281,-0.2075,0.4239,0.0271
692ea80f1e78e176ba6cf902,6903b590466be157ec64580a,keep,0.0140,,,19,204,219,0.8486,,,,-0.0465,-0.3703,-0.1361,0.1196,0.5438
692eb0513019385fbbf56892,69070e0b9adc5c8f26f55b5a,keep,0.0139,,,14,176,178,0.9153,,,,0.1136,-0.6449,0.1255,0.4019,0.1720
692eb108567c97525f4015f1,6846f7cf9cdf020d4a37a294,keep,0.0139,,,19,201,203,0.9010,,,,-0.4716,-0.0602,0.4256,-0.4590,0.7341
692eb2ffea43f09edf26f683,6871d82a1aaf88556f0c6041,keep,0.0138,,,0,91,93,0.9891,,,,0.4155,-0.5206,0.3981,0.0000,-0.3369
692eaf7868228e362d909162,6903bd580e94ce070afd33cd,keep,0.0137,,,11,160,170,0.8817,,,,-0.1400,-0.2993,0.0854,0.0417,0.4359
692e9d3fa0e165ab2e42e3d0,6903686e0e94ce070afd1f24,keep,0.0136,,,0,95,97,0.9896,,,,-0.2440,-0.3232,0.3652,0.0000,0.3905
692eb00e1e78e176ba6cf9a9,6846f7cf9cdf020d4a37a294,keep,0.0135,,,0,198,200,0.9950,,,,0.2002,-0.0065,0.0099,-0.4553,0.0605
692ef056245e9187290070e1,6846f7cf9cdf020d4a37a294,keep,0.0134,,,0,207,209,0.9952,,,,0.3485,-0.4007,-0.2211,0.2050,0.0010
692ea4dc99488ff84776f934,6903686e0e94ce070afd1f24,keep,0.0133,,,1,107,109,0.9815,,,,0.0164,-0.5703,0.0461,0.0000,0.6918
692eb0ab7641010d043547f4,690364170e94ce070afd1da5,keep,0.0130,,,0,219,221,0.9955,,,,0.0758,0.0680,-0.2034,-0.1623,0.0592
692eb1475aae241ad236ee78,68bc72d1fcdaacc405e3db53,keep,0.0130,,,5,151,153,0.9605,,,,0.3832,-0.0750,-0.5458,0.2363,-0.2434
692ea4e592a31767e35da301,690366b20e94ce070afd1e8a,keep,0.0129,,incomplete,77,166,183,0.4890,,,,-0.2382,-0.3882,-0.2531,-0.2938,1.3962
692eb12174b24813e7597689,6846f7cf9cdf020d4a37a294,keep,0.0124,,,14,167,175,0.8793,0.1313,2,0.5315,0.2766,-0.8660,0.4231,0.1550,0.3256
692ea4e492a31767e35da2fd,690366b20e94ce070afd1e8a,keep,0.0122,,incomplete,83,171,188,0.4706,,,,-0.8024,-0.5828,0.4884,0.0683,1.4360
692eae3e3b319da763b71bb6,6846f7cf9cdf020d4a37a294,keep,0.0120,,,0,223,225,0.9955,,,,-0.1113,-0.0354,0.1902,-0.2603,0.2057
692ea6cf99488ff84776f940,69070e0b9adc5c8f26f55b5a,keep,0.0120,,,0,141,143,0.9930,,,,-0.0284,0.1012,-0.2175,0.0000,0.0247
692eb226b77ab81b8b41ef80,6903686e0e94ce070afd1f24,keep,0.0116,,,0,107,109,0.9907,,,,-0.1253,0.5240,-0.0334,0.0000,-0.6458
692eaceaad0c9ef057d41dea,6903686e0e94ce070afd1f24,keep,0.0115,,,0,105,107,0.9906,,,,-0.6624,0.2904,-0.0689,0.0000,0.5463
692eae53c621d7f4aac3abcc,6846f7cf9cdf020d4a37a294,keep,0.0115,,,6,185,197,0.9133,,,,0.6039,0.0195,-0.1200,-0.7063,-0.1890
692eb01fad0c9ef057d41e23,690366b20e94ce070afd1e8a,keep,0.0114,,,2,212,224,0.9417,,,,-0.7606,0.8594,-0.0964,0.0405,-0.1719
692eabd4c621d7f4aac3aba7,68bc72d1fcdaacc405e3db53,keep,0.0109,,,111,216,218,0.4839,,,,-0.1661,-0.1707,-0.0965,-0.3737,0.8991
692ead83a0e165ab2e42e552,690cb8f69adc5c8f26f64201,keep,0.0108,,,1,208,212,0.9810,,,,-0.3430,0.0140,0.0820,0.3610,-0.0248
692ea4acc609aae267b278fc,68696b41314bde44018fa510,keep,0.0107,,,0,159,161,0.9938,,,,0.2262,-0.2585,0.0842,0.0000,-0.1107
692eaff3e2322e3b092b5faf,6846f7cf9cdf020d4a37a294,keep,0.0107,,,9,164,166,0.9394,,,,0.0452,0.4490,-0.3384,0.7764,-1.2541
692ea7980793395ac4f6ffad,67421681889e906244b520b1,keep,0.0103,,,32,233,235,0.8590,,,,-0.5061,0.0553,-0.6608,0.4757,0.7891
692eb1313b319da763b71bfd,6903686e0e94ce070afd1f24,keep,0.0103,,,24,105,107,0.7642,,,,-0.4955,0.4738,-0.2821,0.0000,0.2426
692ea698ad0c9ef057d41d14,68bc72d1fcdaacc405e3db53,keep,0.0101,,,60,218,224,0.7085,,,,-0.0108,-0.2302,-0.3688,-0.0145,0.6741
692eeefdef7557106e6c4c5e,68bc72d1fcdaacc405e3db53,keep,0.0101,,,0,171,175,0.9828,,,,-0.3730,0.3725,0.0911,0.4743,-0.6353
692eaee439719ab57395b987,6903bd580e94ce070afd33cd,keep,0.0100,,incomplete,22,144,169,0.7262,,,,-0.0569,-1.0614,-0.0196,0.5884,1.0383
692ea7694e86f0c01a20724a,6871d82a1aaf88556f0c6041,keep,0.0095,,,1,118,120,0.9832,,,,-0.0125,0.1208,-0.2500,0.0000,0.0213
692eaa8bc7cb0e94dc84bc21,6903bd580e94ce070afd33cd,keep,0.0094,,hesitant,26,130,145,0.7222,,,,-0.3165,-0.9252,-0.0615,1.0925,0.7655
692ed683952b26f4cc71a43b,690366b20e94ce070afd1e8a,keep,0.0093,,,2,202,220,0.9132,,,,-0.3478,-0.1609,0.4634,0.3557,-0.1210
692eaee739719ab57395b995,6903bd580e94ce070afd33cd,keep,0.0089,,,8,194,196,0.9538,,,,0.3501,-0.8607,-0.0234,0.8701,-0.1429
692e9d3fa0e165ab2e42e3cf,6903686e0e94ce070afd1f24,keep,0.0084,,,0,133,135,0.9925,,,,-0.0159,0.4888,0.0634,0.0000,-0.8315
692e9b451e78e176ba6cf7a6,6903bd580e94ce070afd33cd,keep,0.0083,,,0,195,218,0.8986,,,,0.3503,-0.0542,-0.2052,0.1525,-0.4498
692eb229b77ab81b8b41ef99,6903686e0e94ce070afd1f24,keep,0.0083,,,0,91,93,0.9891,,,,-0.0060,0.1477,-0.3194,0.0000,0.0485
692ea97cea43f09edf26f601,6903686e0e94ce070afd1f24,keep,0.0082,,,0,97,99,0.9898,,,,-0.3403,0.1939,-0.0469,0.0000,0.2087
692ea1edb0d3d3c9d2606983,6903686e0e94ce070afd1f24,keep,0.0081,,,9,88,97,0.8229,,,,0.3369,-0.4276,0.2648,0.0000,-0.1857
692eac8992a31767e35da3c8,69070e0b9adc5c8f26f55b5a,keep,0.0079,,,0,134,136,0.9926,,,,-0.0197,0.2833,-0.5285,0.0000,0.0781
692eaee439719ab57395b983,6903bd580e94ce070afd33cd,keep,0.0077,,,0,160,197,0.8163,,,,-0.2676,0.0442,0.2289,-0.5342,0.5865
692ea167e2322e3b092b5deb,6871d82a1aaf88556f0c6041,keep,0.0077,,,0,108,110,0.9908,,,,0.7198,-0.7294,0.0538,0.0000,-0.0930
692eb3e26974927fef249da2,6903686e0e94ce070afd1f24,keep,0.0074,,,0,101,103,0.9902,,,,-0.4263,-0.1513,0.4864,0.0000,0.3283
692eac9a2c8fefa9948e8ec1,6903b590466be157ec64580a,keep,0.0071,,,0,164,166,0.9939,,,,0.1223,0.8699,-0.5375,0.0348,-1.0355
692eb29dffdc0ca6345c43cc,69070e0b9adc5c8f26f55b5a,keep,0.0071,,,29,94,98,0.6701,,,,-0.3253,-0.4771,0.0115,0.7334,0.4090
692eae45854d0e0793875c5f,6903b590466be157ec64580a,keep,0.0071,,hesitant,3,176,185,0.9402,,,,-0.0664,-0.7587,-0.0959,1.1194,0.1648
692eaff6e2322e3b092b5fc1,6846f7cf9cdf020d4a37a294,keep,0.0069,,,0,174,176,0.9943,,,,-0.5136,0.7129,0.2900,0.1501,-0.7870
692e9a5a9cebf0ec017ddb4a,6904b8d0466be157ec648ef1,keep,0.0068,,,7,210,218,0.9355,,,,0.0060,-0.6033,-0.0551,0.5235,0.3801
692ea98199488ff84776f999,68696b41314bde44018fa510,keep,0.0068,,,0,232,234,0.9957,,,,0.0618,-0.0279,-0.4073,0.0000,0.3088
692eaaa4dbc4294a49cc72c3,69070e0b9adc5c8f26f55b5a,keep,0.0067,,,7,127,129,0.9375,,,,-0.4588,-0.0047,0.7988,0.0000,-0.1503
692ea7ea21fc595fbe6f9559,69038b590e94ce070afd2952,keep,0.0066,,,9,210,212,0.9526,,,,-0.4525,0.3774,0.0557,-0.0729,0.0834
692edf503f0f0a8706d6ba48,69036806466be157ec64477f,keep,0.0066,,,13,212,224,0.8924,,,,-0.1961,0.7278,-0.2028,-0.1096,-0.5312
692eb00f1e78e176ba6cf9b2,6846f7cf9cdf020d4a37a294,keep,0.0064,,,0,170,172,0.9942,,,,-0.1390,0.7887,-0.4279,0.1701,-0.7617
692eb3025aae241ad236ee85,6846f7cf9cdf020d4a37a294,keep,0.0063,,,0,202,204,0.9951,,,,0.6783,0.2557,-0.3060,-0.4856,-0.6536
692ea485c609aae267b278de,68bc72d1fcdaacc405e3db53,keep,0.0061,,,12,163,173,0.8779,,,,0.0301,-0.0507,-0.1045,-0.1776,0.2700
692eb1333b319da763b71c0f,6903686e0e94ce070afd1f24,keep,0.0061,,,0,120,122,0.9917,,,,0.2695,0.1971,0.0481,0.0000,-0.7904
692e9dc068228e362d908f77,6903686e0e94ce070afd1f24,keep,0.0054,,,7,127,129,0.9375,,,,-0.0906,-0.1229,-0.1700,0.0000,0.4521
692eaee296d2056439f01938,68696b41314bde44018fa510,keep,0.0053,,poor_image,0,183,185,0.9946,,,,1.1046,-1.0411,0.0081,0.0000,-0.1405
692eb3e06974927fef249d90,6903686e0e94ce070afd1f24,keep,0.0053,,,8,104,106,0.9143,,,,-0.0490,0.0238,-0.0493,0.0000,0.0502
692e9dbf68228e362d908f71,6903686e0e94ce070afd1f24,keep,0.0052,,,1,129,131,0.9846,,,,-0.1209,-0.1493,-0.0878,0.0000,0.4567
692eb12997ffd8ec903402a8,6846f7cf9cdf020d4a37a294,keep,0.0052,,,9,168,173,0.9244,,,,0.1955,-0.6860,0.1419,0.0754,0.4822
692eadeec609aae267b27a0c,68bc72d1fcdaacc405e3db53,keep,0.0051,,jittery,1,142,144,0.9860,,,,0.5199,1.0212,-0.4463,-0.3737,-1.5277
692ead5e3019385fbbf56847,6846f7cf9cdf020d4a37a294,keep,0.0051,,,0,189,191,0.9947,,,,0.1874,-0.4378,-0.1122,0.0554,0.3965
692ed3f8f2e4e72c033b9972,6871e269bc1991b1a1e463ba,keep,0.0050,,,0,213,218,0.9816,,,,0.0211,-0.4678,-0.2266,0.8463,0.0152
692f197f45175992cd6a0ec8,6904b8d0466be157ec648ef1,keep,0.0050,,,1,156,159,0.9810,,,,0.4294,-0.7095,0.8625,0.0000,-0.4773
692eb226b77ab81b8b41ef82,6903686e0e94ce070afd1f24,keep,0.0050,,,16,96,98,0.8247,,,,-0.2247,0.3089,-0.0732,0.0000,-0.0880
692eae53c621d7f4aac3abca,6846f7cf9cdf020d4a37a294,keep,0.0049,,,0,187,189,0.9947,,,,0.9474,-0.5754,-0.5635,-0.4406,0.4121
692ead5d3019385fbbf56842,6846f7cf9cdf020d4a37a294,keep,0.0047,,hesitant,17,193,195,0.9072,,,,-0.1761,-0.3547,-0.4774,1.0698,0.1707
692ea2fb854d0e0793875b55,69070e0b9adc5c8f26f55b5a,keep,0.0047,,,0,90,92,0.9890,,,,0.8482,-0.5743,-0.3738,0.0000,-0.0701
692eb0afc609aae267b27a29,6871d82a1aaf88556f0c6041,keep,0.0046,,,0,87,90,0.9775,,,,0.1739,-0.4741,-0.1280,0.0000,0.5461
692eae0597ffd8ec90340262,6846f7cf9cdf020d4a37a294,keep,0.0045,,,0,203,205,0.9951,,,,0.1533,-0.3251,0.0281,0.1976,0.0004
692ef3f34215b056bf36e883,6846f7cf9cdf020d4a37a294,keep,0.0044,,,0,220,222,0.9955,,,,0.0311,-0.2103,-0.1707,0.5104,-0.1018
692ea69faec602a46af105ae,6903686e0e94ce070afd1f24,keep,0.0043,,,5,102,104,0.9417,,,,-0.0347,-0.4946,0.4077,0.0000,0.3564
692f197f45175992cd6a0ecb,6904b8d0466be157ec648ef1,keep,0.0043,,,4,197,199,0.9747,0.0748,2,0.7042,0.4846,-1.3140,0.8981,0.0000,-0.1772
692eac1bad0c9ef057d41dae,6903b590466be157ec64580a,keep,0.0040,,,0,220,222,0.9955,,,,-0.3761,0.1774,-0.2411,0.1569,0.3542
692e977c74b24813e75973f5,69150bf42756853dcad943f2,keep,0.0040,,,1,110,125,0.8790,,,,0.4842,-0.7922,-0.0649,0.0000,0.4989
692e9b63c7cb0e94dc84baab,690cb8f69adc5c8f26f64201,keep,0.0039,,,0,206,208,0.9952,,,,-0.3705,0.4049,-0.1492,0.0000,0.0705
692eaa0f424dbf22e75ed0d0,6846f7cf9cdf020d4a37a294,keep,0.0038,,,0,187,189,0.9947,,,,0.3315,-0.0413,-0.1675,0.0909,-0.3853
692ea2f8854d0e0793875b3c,69070e0b9adc5c8f26f55b5a,keep,0.0037,,,0,121,125,0.9758,,,,-0.6603,0.1575,0.6540,0.0000,0.0740
692eb301ea43f09edf26f697,6871d82a1aaf88556f0c6041,keep,0.0036,,,0,97,99,0.9898,,,,0.7209,0.0759,-0.4298,0.0000,-0.7907
692eafdcb8797912ff78a8fb,6903b590466be157ec64580a,keep,0.0036,,,0,158,160,0.9937,,,,0.3320,-0.2358,0.2334,-0.2128,-0.1898
692ead1affdc0ca6345c434f,6846f7cf9cdf020d4a37a294,keep,0.0032,,unsteady_camera,3,211,213,0.9811,,,,0.0953,-0.2394,1.8119,-0.7063,-0.9119
692e9c1cc621d7f4aac3a9dc,69150bf42756853dcad943f2,keep,0.0031,,incomplete,34,113,115,0.6930,,,,0.0512,-0.6286,-0.2598,0.0000,1.1044
692e9b461e78e176ba6cf7b5,6903bd580e94ce070afd33cd,keep,0.0029,,,0,201,216,0.9349,,,,-0.6573,0.6063,-0.0798,0.3430,-0.2074
692eaecfffdc0ca6345c436a,6903bd580e94ce070afd33cd,keep,0.0027,,,0,209,229,0.9167,,,,0.1512,-0.3390,0.1658,-0.1073,0.2039
692eab3de2322e3b092b5f5d,6903bd580e94ce070afd33cd,keep,0.0027,,,13,158,160,0.9119,,,,-0.5853,0.3426,0.6436,-0.5342,0.2359
692ee61db07e0e30ff1131d5,6846f7cf9cdf020d4a37a294,keep,0.0025,,,0,173,175,0.9943,,,,0.9065,-0.4735,-0.1363,0.0959,-0.6264
692eace11e78e176ba6cf94e,6903bd580e94ce070afd33cd,keep,0.0020,,,9,176,178,0.9435,,,,0.6432,0.2997,0.4483,-0.5342,-1.3425
692ea8122fa9ba56c08f818e,69070e0b9adc5c8f26f55b5a,keep,0.0020,,,0,114,116,0.9913,,,,0.5706,-0.4442,-0.0438,0.0000,-0.1598
692ea16596d2056439f017d2,6903686e0e94ce070afd1f24,keep,0.0018,,,7,97,99,0.9184,,,,-0.3040,-0.0213,0.4052,0.0000,0.0702
692e94945aae241ad236eba0,68696b41314bde44018fa510,keep,0.0017,,,12,176,178,0.9266,,,,0.1028,-0.4262,0.1910,0.0000,0.2824
692ea5c8d3d807884d4dd767,68bc72d1fcdaacc405e3db53,keep,0.0016,,unsteady_camera,85,199,201,0.5700,,,,-0.9496,0.0850,1.0055,-0.1419,0.4224
692e9dbf68228e362d908f6d,6903686e0e94ce070afd1f24,keep,0.0013,,,0,129,131,0.9923,,,,-0.2023,-0.1423,-0.1588,0.0000,0.6665
692ea259f169106feb26adf9,6871e269bc1991b1a1e463ba,keep,0.0012,,,0,171,174,0.9884,,,,0.0386,-0.2346,-0.1983,0.3539,0.1299
692ead83a0e165ab2e42e557,690cb8f69adc5c8f26f64201,keep,0.0012,,,1,204,206,0.9902,,,,-0.3508,0.2572,-0.3144,0.3716,0.0747
692eace9ad0c9ef057d41de1,6903686e0e94ce070afd1f24,keep,0.0011,,,6,110,112,0.9369,,,,0.3078,0.2037,-0.1762,0.0000,-0.5990
692ea02f424dbf22e75ecfca,6903bd580e94ce070afd33cd,keep,0.0010,,,0,147,164,0.9018,,,,-0.2930,-0.1886,0.0861,0.4171,0.2120
692eeefdef7557106e6c4c63,68bc72d1fcdaacc405e3db53,keep,0.0010,,,83,196,198,0.5736,,,,0.1003,-0.1200,0.0816,-0.3737,0.3148
692e9d4939719ab57395b80a,6903bd580e94ce070afd33cd,keep,0.0008,,,10,190,192,0.9424,,,,-0.6511,0.4495,-0.2237,0.4216,0.0986
692ea163e2322e3b092b5dd4,6871d82a1aaf88556f0c6041,keep,0.0008,,,0,98,100,0.9899,,,,0.3783,-0.3430,-0.4774,0.0000,0.4191
692eaa621e78e176ba6cf938,6903b590466be157ec64580a,keep,0.0007,,,8,224,226,0.9600,,,,-0.0313,-0.2561,-0.3583,0.1093,0.6750
692ea80e92a31767e35da33b,6903686e0e94ce070afd1f24,keep,0.0007,,,0,125,127,0.9921,,,,0.1170,-0.2474,0.0491,0.7366,-0.5951
692eace9ad0c9ef057d41ddd,6903686e0e94ce070afd1f24,keep,0.0005,,,7,107,109,0.9259,,,,-0.1954,-0.0879,-0.2404,0.0000,0.6615
692ea76b4e86f0c01a207255,6871d82a1aaf88556f0c6041,keep,0.0002,,,0,106,108,0.9907,,,,-0.3773,0.0334,-0.0418,0.0000,0.5560
692e9a33ba0400c70689fd68,68696b41314bde44018fa510,keep,-0.0001,,,0,168,170,0.9941,,,,0.0548,-0.4510,0.2073,0.0000,0.3879
692ea0a03b319da763b71a2b,690364170e94ce070afd1da5,keep,-0.0003,,,0,169,171,0.9941,,,,0.8237,0.1520,-0.3430,-0.5063,-0.6118
692eab3397ffd8ec90340214,69070e0b9adc5c8f26f55b5a,keep,-0.0005,,,0,109,111,0.9909,,,,-0.0682,0.1953,-0.0495,0.0000,-0.1379
692ea8fb727c13b350cb7cb6,6903bd580e94ce070afd33cd,keep,-0.0006,,,4,144,163,0.8642,,,,0.3089,-0.4625,0.2941,-0.5342,0.4745
692eaff4e2322e3b092b5fb2,6846f7cf9cdf020d4a37a294,keep,-0.0006,,,17,181,184,0.8962,,,,-0.0211,-0.2675,-0.0077,-0.2165,0.6615
692eae5199488ff84776fa19,69036806466be157ec64477f,keep,-0.0007,,,3,212,219,0.9587,,,,0.3980,0.0137,0.1479,-0.1010,-0.6599
692ea032424dbf22e75ecfdc,6903bd580e94ce070afd33cd,keep,-0.0007,,,0,143,172,0.8363,,,,-0.0990,-0.4080,0.0802,0.0703,0.6146
692ea92a99488ff84776f988,69070e0b9adc5c8f26f55b5a,keep,-0.0007,,poor_image,0,119,121,0.9917,,,,1.0585,-0.5958,-0.3379,0.0000,-0.3513
692e977d74b24813e7597402,69150bf42756853dcad943f2,keep,-0.0009,,,19,98,100,0.7980,,,,-0.2625,-0.3132,0.1767,0.0000,0.6928
692e9d4839719ab57395b802,6903bd580e94ce070afd33cd,keep,-0.0009,,hesitant,3,179,203,0.8713,,,,-1.1572,0.0963,-0.0025,1.1970,0.4030
692e9828ea43f09edf26f443,6871e269bc1991b1a1e463ba,keep,-0.0012,,,0,180,182,0.9945,,,,-0.0815,-0.5300,0.8872,0.0000,0.0386
692ea6cf99488ff84776f944,69070e0b9adc5c8f26f55b5a,keep,-0.0012,,,0,147,149,0.9932,,,,-0.3464,-0.0645,0.1798,0.4807,-0.0354
692e9a5a9cebf0ec017ddb4e,6904b8d0466be157ec648ef1,keep,-0.0013,,,0,230,235,0.9829,,,,-0.0999,-0.0811,-0.2424,0.3278,0.1949
692e9ee6b05428c72fb37480,68696b41314bde44018fa510,keep,-0.0013,,hesitant,0,138,140,0.9928,,,,-0.6958,-0.4925,0.2130,1.2701,0.3086
692ea51ca0e165ab2e42e479,6871d6cd07c5fd75be83e337,keep,-0.0014,,,0,227,229,0.9956,,,,-0.0296,0.8654,-0.6355,0.2861,-0.8948
692ef057245e9187290070e4,6846f7cf9cdf020d4a37a294,keep,-0.0014,,,0,191,193,0.9948,,,,0.0692,0.7376,-0.4933,-0.2127,-0.4946
692ea69faec602a46af105b1,6903686e0e94ce070afd1f24,keep,-0.0015,,poor_image,0,102,104,0.9903,,,,1.1619,-0.6284,-0.1762,0.0000,-0.6135
692e9dc168228e362d908f7f,6903686e0e94ce070afd1f24,keep,-0.0016,,,3,120,122,0.9669,,,,0.4487,-0.8417,0.3426,0.0000,0.2580
692ea8132fa9ba56c08f8199,69070e0b9adc5c8f26f55b5a,keep,-0.0016,,,3,137,140,0.9640,,,,-0.4366,0.0916,0.0951,0.0000,0.4337
692ee11efbcce321dca74d62,6903a36c466be157ec64562d,keep,-0.0020,,,0,85,103,0.8333,,,,0.0554,-0.5388,0.5388,-0.0147,0.2146
692e9ab7d3d807884d4dd60c,69150bf42756853dcad943f2,keep,-0.0020,,poor_image+hesitant,0,156,159,0.9873,,,,1.4449,-0.8491,-0.2935,1.3198,-1.9061
692ea2d4c7cb0e94dc84bb50,69070e0b9adc5c8f26f55b5a,keep,-0.0023,,,0,122,124,0.9919,,,,0.3281,0.2055,-0.4171,0.0000,-0.3675
692eace41e78e176ba6cf963,6903bd580e94ce070afd33cd,keep,-0.0024,,,0,179,198,0.9086,,,,-0.1892,-0.5191,0.3799,0.7776,-0.0784
692eaa89c7cb0e94dc84bc15,6903bd580e94ce070afd33cd,keep,-0.0024,,,15,151,153,0.8947,,,,-0.3989,-0.0320,0.0118,0.4461,0.2056
692ef15f45175992cd6a0d26,6871d82a1aaf88556f0c6041,keep,-0.0025,,,0,94,96,0.9895,0.2809,0,0.2558,0.3270,-0.0949,-0.0731,0.0000,-0.2578
692eb1333b319da763b71c10,6903686e0e94ce070afd1f24,keep,-0.0025,,,0,93,98,0.9588,,,,0.1466,-0.3710,-0.2910,0.0000,0.6448
692ea97dea43f09edf26f60c,6903686e0e94ce070afd1f24,keep,-0.0025,,,0,104,106,0.9905,,,,-0.1695,0.1161,0.0126,0.8839,-0.7987
692eaa647641010d04354733,69070e0b9adc5c8f26f55b5a,keep,-0.0026,,,0,116,118,0.9915,,,,0.1387,0.2046,-0.0029,0.0000,-0.4938
692eab3ce2322e3b092b5f58,6903bd580e94ce070afd33cd,keep,-0.0026,,,0,187,189,0.9947,,,,0.6323,0.1426,0.1860,-0.0487,-1.2811
692ef547245e918729007148,690cb8f69adc5c8f26f64201,keep,-0.0028,,,0,189,191,0.9947,,,,0.3555,-0.0767,-0.0626,0.0000,-0.3360
692ea2d6c7cb0e94dc84bb67,69070e0b9adc5c8f26f55b5a,keep,-0.0032,,,0,103,105,0.9904,,,,0.3864,-0.6687,0.1220,0.0000,0.3239
692eafd4ffdc0ca6345c4390,69070e0b9adc5c8f26f55b5a,keep,-0.0032,,,0,157,159,0.9937,,,,-0.1145,0.3401,-0.2335,0.0000,-0.0823
692ee79bef7557106e6c4bdc,690364170e94ce070afd1da5,keep,-0.0033,,,0,235,237,0.9958,,,,-0.1937,0.7347,-0.3486,-0.5793,0.1395
692eae81d52427f961fa1635,690362600e94ce070afd1d30,keep,-0.0033,,,0,231,236,0.9830,,,,0.1661,0.2038,-0.1634,-0.6342,0.2661
692e9d3da0e165ab2e42e3bf,6903686e0e94ce070afd1f24,keep,-0.0034,,,0,114,116,0.9913,,,,0.2142,0.3233,-0.1684,0.0000,-0.6136
692ea8a096d2056439f01887,6903b590466be157ec64580a,keep,-0.0037,,,0,224,226,0.9956,,,,-0.0817,0.1602,0.4188,-0.2128,-0.2980
692ea601ea43f09edf26f5a5,6846f7cf9cdf020d4a37a294,keep,-0.0038,,,20,189,191,0.8895,,,,-0.4007,0.8586,0.2662,-0.7063,-0.2201
692e9ea4a0e165ab2e42e3da,6903bd580e94ce070afd33cd,keep,-0.0039,,,0,131,133,0.9924,,,,0.5576,-0.0188,-0.0278,-0.5342,-0.2187
692e9a32ba0400c70689fd5f,68696b41314bde44018fa510,keep,-0.0043,,hesitant,0,152,157,0.9744,,,,0.0789,-0.2910,0.1815,1.1317,-0.9652
692eb1333b319da763b71c0e,6903686e0e94ce070afd1f24,keep,-0.0043,,,0,99,101,0.9900,,,,0.0255,-0.5864,0.0838,0.9281,-0.1403
692e9b2caf371a654ce7fc8f,6903bd580e94ce070afd33cd,keep,-0.0044,,,0,132,136,0.9778,,,,0.0505,-0.1596,-0.1012,0.1867,0.1086
692e9b2aaf371a654ce7fc7c,6903bd580e94ce070afd33cd,keep,-0.0044,,,5,158,170,0.9053,,,,-0.6372,0.1693,0.7867,-0.2284,0.1743
692eac505cd6df8b6023caa4,690cb8f69adc5c8f26f64201,keep,-0.0045,,,0,180,191,0.9474,,,,-0.1093,-0.4170,-0.0591,0.4009,0.4791
692eaf7668228e362d909151,6903bd580e94ce070afd33cd,keep,-0.0046,,,0,145,161,0.9062,,,,0.5191,-0.3798,-0.1129,0.0363,-0.1005
692eaee396d2056439f01945,68696b41314bde44018fa510,keep,-0.0049,,,0,176,180,0.9832,,,,0.0616,0.0913,0.1107,0.0000,-0.3062
692eaa5c7641010d043546ff,69070e0b9adc5c8f26f55b5a,keep,-0.0050,,,0,95,97,0.9896,,,,0.7680,-0.2613,-0.5199,0.0000,-0.2054
692eaa88c7cb0e94dc84bc0b,6903bd580e94ce070afd33cd,keep,-0.0050,,,12,157,188,0.7754,,,,-0.4215,0.4263,-0.1198,-0.5342,0.6818
692ea22db0d3d3c9d26069a8,68bc72d1fcdaacc405e3db53,keep,-0.0053,,,10,153,172,0.8363,,,,-0.3522,0.0419,0.4651,-0.3737,0.4111
692f49135cec8e06f0b2dc91,690362600e94ce070afd1d30,keep,-0.0055,,,2,232,236,0.9787,,,,0.2080,0.2485,-0.2943,-0.3710,0.0193
692e994d74b24813e759741c,69150bf42756853dcad943f2,keep,-0.0058,,,0,109,111,0.9909,,,,0.1926,0.1319,-0.2323,0.0000,-0.2140
692e9ea5a0e165ab2e42e3db,6903bd580e94ce070afd33cd,keep,-0.0058,,,1,141,150,0.9396,,,,0.6657,-0.2451,-0.3109,-0.1873,-0.0917
692ea97cea43f09edf26f602,6903686e0e94ce070afd1f24,keep,-0.0059,,,1,106,108,0.9813,,,,-0.0140,0.6592,-0.1473,0.0000,-0.7795
692eace8ad0c9ef057d41dd1,6903686e0e94ce070afd1f24,keep,-0.0059,,,6,88,90,0.9213,,,,-0.2995,-0.0181,-0.1712,0.0000,0.6888
692ea6d099488ff84776f94f,69070e0b9adc5c8f26f55b5a,keep,-0.0059,,,0,132,134,0.9925,,,,0.7968,-0.9869,0.0484,0.5349,-0.2569
692ea3bfffdc0ca6345c4249,690366b20e94ce070afd1e8a,keep,-0.0060,,hesitant,35,165,181,0.7222,,,,-0.4451,-0.9028,0.0726,1.2866,0.7047
692e9b451e78e176ba6cf7a9,6903bd580e94ce070afd33cd,keep,-0.0061,,incomplete,73,206,232,0.5758,0.2846,3,0.9993,-0.3321,-0.1132,0.0934,0.6512,1.6451
692ea268af371a654ce7fd2c,68696b41314bde44018fa510,keep,-0.0061,,,0,170,172,0.9942,,,,0.3768,0.0983,0.3550,0.0000,-1.0247
692eabd4d52427f961fa15ec,6903686e0e94ce070afd1f24,keep,-0.0061,,,6,110,112,0.9369,,,,0.0213,-0.0921,0.0261,0.8362,-0.7131
692ef3f34215b056bf36e887,6846f7cf9cdf020d4a37a294,keep,-0.0065,,,6,212,214,0.9671,,,,0.1018,-0.3579,0.0013,0.2319,0.1965
692e93dd567c97525f40134b,6871d82a1aaf88556f0c6041,keep,-0.0066,,,0,94,96,0.9895,,,,0.5503,0.0782,0.4320,0.0000,-1.3283
692ea4d974b24813e759754d,690cb8f69adc5c8f26f64201,keep,-0.0074,,,0,185,194,0.9585,,,,-0.9669,0.1655,0.7141,0.0000,0.5397
692ea16596d2056439f017cd,6903686e0e94ce070afd1f24,keep,-0.0075,,,4,103,105,0.9519,,,,0.0456,-0.2109,-0.1102,0.0000,0.4107
692e96d6f169106feb26acac,6871e269bc1991b1a1e463ba,keep,-0.0078,,,2,199,201,0.9850,,,,-0.4456,-0.3092,0.0129,0.6122,0.5616
692eab63424dbf22e75ed0fd,68696b41314bde44018fa510,keep,-0.0078,,,0,159,161,0.9938,,,,-0.0901,0.5435,-0.3102,0.0000,-0.3151
692ea8145cd6df8b6023ca45,69038b590e94ce070afd2952,keep,-0.0080,,,6,195,197,0.9643,,,,0.0571,0.4314,0.4981,-0.5144,-0.6605
692eb3e16974927fef249d97,6903686e0e94ce070afd1f24,keep,-0.0082,,,0,113,115,0.9912,,,,-0.0496,-0.0437,0.2316,0.0000,-0.0344
692eaaa7dbc4294a49cc72cd,69070e0b9adc5c8f26f55b5a,keep,-0.0082,,hesitant,0,107,109,0.9907,,,,-0.1524,-0.4375,-0.4216,1.3174,0.0467
692eab62424dbf22e75ed0ef,68696b41314bde44018fa510,keep,-0.0083,,incomplete,2,163,171,0.9471,,,,-0.2271,-0.4064,-0.1494,0.0000,1.1579
692eab3397ffd8ec9034020f,69070e0b9adc5c8f26f55b5a,keep,-0.0083,,,5,147,155,0.9221,,,,-0.2548,-0.1489,-0.1828,0.0000,0.8467
692eaee24e7eab2cafd26a42,690364170e94ce070afd1da5,keep,-0.0084,,,0,172,174,0.9942,,,,0.9282,0.2775,-0.0163,-0.2462,-1.4875
692e9b6668228e362d908f0e,6903bd580e94ce070afd33cd,keep,-0.0087,,,0,136,183,0.7473,,,,-0.0344,-0.3359,0.1316,-0.0327,0.5176
692ef3f34215b056bf36e884,6846f7cf9cdf020d4a37a294,keep,-0.0088,,poor_image,9,190,192,0.9476,0.2481,2,0.8411,2.1823,-0.9628,-0.6401,0.0514,0.5023
692ea6cf99488ff84776f93e,69070e0b9adc5c8f26f55b5a,keep,-0.0093,,,0,111,113,0.9911,,,,0.1023,-0.1858,0.3994,0.0000,-0.2087
692eac0992a31767e35da39b,6846f7cf9cdf020d4a37a294,keep,-0.0095,,,13,225,227,0.9381,,,,-0.6797,0.3330,0.4015,0.1096,0.0755
692eaee296d2056439f01936,68696b41314bde44018fa510,keep,-0.0095,,,0,195,197,0.9949,,,,0.2438,-0.0715,0.3970,0.0000,-0.5888
692eb0b0c609aae267b27a36,6871d82a1aaf88556f0c6041,keep,-0.0096,,,0,92,94,0.9892,,,,0.0430,-0.0715,-0.2535,0.0000,0.3635
692eafd5ffdc0ca6345c439d,69070e0b9adc5c8f26f55b5a,keep,-0.0096,,,5,130,132,0.9542,,,,-0.3252,0.5237,0.3083,0.0000,-0.5386
692ea9bc95aad87d3e34466a,6903686e0e94ce070afd1f24,keep,-0.0097,,,3,154,156,0.9742,,,,-0.1751,0.0159,-0.1242,0.0000,0.4313
692e9dc068228e362d908f78,6903686e0e94ce070afd1f24,keep,-0.0099,,,11,115,117,0.8966,,,,0.1203,-0.4026,0.6575,0.0000,-0.1647
692eb1efd52427f961fa167c,69070e0b9adc5c8f26f55b5a,keep,-0.0099,,,7,137,139,0.9420,,,,-0.3733,0.2712,-0.3067,0.5155,0.0137
692ea6d199488ff84776f953,69070e0b9adc5c8f26f55b5a,keep,-0.0099,,,0,104,106,0.9905,,,,-0.4674,0.2391,0.4935,0.0000,-0.0815
692ea69caec602a46af1059b,6903686e0e94ce070afd1f24,keep,-0.0101,,,13,104,106,0.8667,,,,0.7572,-0.5039,-0.1454,0.0000,-0.1639
692ea779dfa4113987776a0e,6903686e0e94ce070afd1f24,keep,-0.0101,,,0,90,93,0.9783,,,,0.1162,0.2678,0.0846,0.0000,-0.5900
692ea697727c13b350cb7c9e,69070e0b9adc5c8f26f55b5a,keep,-0.0102,,,1,149,151,0.9867,,,,0.0463,0.0729,-0.2683,0.0000,0.1607
692eafd8eee2f8cb10d0f8ef,6846f7cf9cdf020d4a37a294,keep,-0.0102,,hesitant,0,119,140,0.8561,,,,-0.3617,-0.0359,-0.4031,1.6257,-0.5551
692eb0503019385fbbf5688e,69070e0b9adc5c8f26f55b5a,keep,-0.0104,,,0,129,131,0.9923,,,,0.0262,0.1408,-0.1989,0.0000,0.0213
692f49135cec8e06f0b2dc87,690362600e94ce070afd1d30,keep,-0.0105,,,0,150,157,0.9615,0.2333,2,0.3636,0.0175,-0.0239,-0.3006,-0.0063,-0.5397
692ea5ea68228e362d90903c,6903b590466be157ec64580a,keep,-0.0106,,,0,169,171,0.9941,,,,0.8933,-0.0890,0.0486,-0.2128,-0.9684
692ef15d45175992cd6a0d13,6871d82a1aaf88556f0c6041,keep,-0.0106,,,1,96,98,0.9794,,,,0.4119,-0.5647,-0.1354,0.0000,0.4386
692eb0819cebf0ec017dddc8,69070e0b9adc5c8f26f55b5a,keep,-0.0106,,,0,112,114,0.9912,,,,-0.1896,0.1914,0.6415,0.0000,-0.5697
692ea4d33b319da763b71ab4,69150bf42756853dcad943f2,keep,-0.0108,,,2,168,170,0.9822,,,,0.1491,0.3126,-0.0184,0.0000,-0.5984
692e9fa392a31767e35da237,69150bf42756853dcad943f2,keep,-0.0109,,,0,146,154,0.9542,,,,-0.7286,0.4978,0.5603,0.5756,-0.7135
692eab4368bf0a1f46230593,6904b8d0466be157ec648ef1,keep,-0.0110,,,0,196,215,0.9159,,,,-0.1247,-0.0562,-0.0390,0.7100,-0.3224
692f197f45175992cd6a0ec3,6904b8d0466be157ec648ef1,keep,-0.0111,,hesitant,0,137,143,0.9648,,,,-0.9909,-0.3762,0.0367,2.2700,-0.1780
692eaa87727c13b350cb7cfa,690362600e94ce070afd1d30,keep,-0.0113,,hesitant,0,313,321,0.9781,,,,-0.0867,-0.7250,-0.2450,1.0974,0.4439
692e9a34ba0400c70689fd72,68696b41314bde44018fa510,keep,-0.0113,,,2,179,181,0.9833,,,,-0.4404,-0.1882,-0.1151,0.9808,0.1563
692eb1f0d52427f961fa1686,69070e0b9adc5c8f26f55b5a,keep,-0.0118,,,0,105,107,0.9906,,,,-0.4098,-0.1279,0.5946,0.0000,0.2948
692e99e7ba0400c70689fd46,68696b41314bde44018fa510,keep,-0.0120,,unsteady_camera,0,172,177,0.9773,,,,-0.9465,-0.3756,2.2893,0.0000,-0.2220
692e9d3ca0e165ab2e42e3bb,6903686e0e94ce070afd1f24,keep,-0.0123,,,13,117,119,0.8814,,,,0.1341,-0.2071,-0.2157,0.6550,-0.2440
692ea9f35aae241ad236edcc,6903b590466be157ec64580a,keep,-0.0125,,poor_image,2,129,131,0.9769,,,,1.4805,-1.0118,0.5827,-0.2128,-0.9856
692e9857af371a654ce7fc3a,690cb8f69adc5c8f26f64201,keep,-0.0126,,,4,206,208,0.9758,,,,-0.4865,0.3288,0.4428,0.3013,-0.4196
692eaee296d2056439f0193d,68696b41314bde44018fa510,keep,-0.0127,,,0,191,194,0.9896,,,,0.2670,0.0962,-0.1612,0.0000,-0.2949
692eaa56a0e165ab2e42e4fc,690362600e94ce070afd1d30,keep,-0.0127,,,0,214,221,0.9727,,,,0.2805,-0.2445,-0.1172,0.5959,-0.4440
692ea81192a31767e35da354,6903686e0e94ce070afd1f24,keep,-0.0127,,,4,100,102,0.9505,,,,-0.1039,-0.1431,0.0417,0.0000,0.4175
692eaff5e2322e3b092b5fbb,6846f7cf9cdf020d4a37a294,keep,-0.0127,,,0,192,194,0.9948,,,,-0.1549,0.1092,-0.0589,0.4814,-0.2650
692ea4862fa9ba56c08f811f,6903bd580e94ce070afd33cd,keep,-0.0129,,,0,152,154,0.9935,,,,0.3172,0.9072,0.0136,-0.5342,-1.2253
692ea3315aae241ad236ed24,6903686e0e94ce070afd1f24,keep,-0.0134,,,4,120,122,0.9587,,,,-0.0124,0.0074,0.3358,0.0000,-0.2346
692e9a8839719ab57395b7a8,6904b8d0466be157ec648ef1,keep,-0.0134,,,0,216,218,0.9954,,,,-0.0143,-0.1128,0.1779,0.0000,0.1066
692ea670dbc4294a49cc7275,6871e269bc1991b1a1e463ba,keep,-0.0135,,,0,196,198,0.9949,,,,0.1137,-0.2576,-0.1210,0.6215,-0.1903
692e9f3b567c97525f401438,6871d6cd07c5fd75be83e337,keep,-0.0135,,,0,200,202,0.9950,,,,0.0319,0.0682,0.0801,0.0461,-0.1817
692ea40497ffd8ec90340165,6903686e0e94ce070afd1f24,keep,-0.0136,,,7,101,103,0.9216,,,,0.2539,0.0046,-0.0120,0.0000,-0.2807
692eaa76dfa4113987776a5b,6871e269bc1991b1a1e463ba,keep,-0.0136,,,0,192,194,0.9948,,,,0.3851,-0.5919,-0.0594,0.3172,0.1477
692eaa89c7cb0e94dc84bc0f,6903bd580e94ce070afd33cd,keep,-0.0140,,hesitant,9,151,155,0.9221,,,,-0.5015,-0.3099,0.0921,1.0261,0.1971
692ea7980793395ac4f6ff9f,67421681889e906244b520b1,keep,-0.0141,,incomplete,38,208,238,0.7173,,,,-0.5842,-0.1410,-0.5039,0.0000,1.6902
692ef4e84215b056bf36e8a8,69150bf42756853dcad943f2,keep,-0.0142,,,0,93,95,0.9894,,,,0.5411,-0.3399,-0.0535,0.0000,-0.1489
692ef162f2e4e72c033b9b25,690cb8f69adc5c8f26f64201,keep,-0.0143,,hesitant,0,196,200,0.9849,,,,-0.3956,-0.7606,0.2494,1.3923,0.1925
692eb107567c97525f4015e1,6846f7cf9cdf020d4a37a294,keep,-0.0145,,,15,217,219,0.9266,,,,-0.4480,-0.0384,0.5965,-0.0424,0.2768
692eab3297ffd8ec9034020a,69070e0b9adc5c8f26f55b5a,keep,-0.0146,,,0,160,162,0.9938,,,,-0.4548,0.4838,-0.4021,0.0000,0.4606
692eabd3d52427f961fa15e6,6903686e0e94ce070afd1f24,keep,-0.0146,,,1,122,124,0.9837,,,,0.0723,0.7308,-0.0839,0.0000,-1.0183
692eab68d3d807884d4dd7f7,69070e0b9adc5c8f26f55b5a,keep,-0.0150,,,0,121,126,0.9680,,,,-0.2788,0.0474,0.3085,0.5691,-0.4254
692eddda4cbe80983737fe02,690366b20e94ce070afd1e8a,keep,-0.0152,,,0,184,186,0.9946,,,,0.1953,0.6823,-0.5392,-0.2938,-0.3770
692eaee539719ab57395b98e,6903bd580e94ce070afd33cd,keep,-0.0152,,,0,174,176,0.9943,,,,0.5130,0.0458,0.0769,-0.2734,-0.5351
692ea0f3b05428c72fb3748c,690cb8f69adc5c8f26f64201,keep,-0.0153,,,0,210,212,0.9953,,,,-0.3198,-0.1014,-0.0006,0.8866,-0.1470
692eaaae2c8fefa9948e8e9d,68bc72d1fcdaacc405e3db53,keep,-0.0153,,,38,183,185,0.7880,,,,-0.0183,-0.1302,-0.5280,0.2449,0.6129
692eac87eee2f8cb10d0f8a6,6903b590466be157ec64580a,keep,-0.0155,,,5,182,184,0.9672,,,,-0.4423,0.1052,-0.3943,0.6296,0.3787
692eafd5ffdc0ca6345c4398,69070e0b9adc5c8f26f55b5a,keep,-0.0157,,,1,130,133,0.9773,,,,0.7916,-0.4443,0.2881,0.0000,-0.6992
692e9cb53b319da763b7198d,6903bd580e94ce070afd33cd,keep,-0.0158,,,29,195,197,0.8469,,,,-0.2724,0.3747,-0.0938,-0.5342,0.5848
692ef516f59fd218b1be00e3,69150bf42756853dcad943f2,keep,-0.0158,,unsteady_camera,0,171,175,0.9828,,,,0.0457,-0.9855,1.6117,0.0000,-0.0913
692ea5f3eee2f8cb10d0f7d6,69150bf42756853dcad943f2,keep,-0.0160,,,0,118,124,0.9593,,,,0.2975,-0.2030,-0.0683,0.0000,0.0387
692ea030424dbf22e75ecfcd,6903bd580e94ce070afd33cd,keep,-0.0163,,,0,164,166,0.9939,,,,0.0138,-0.1624,-0.1815,0.4055,0.1132
692e9f65727c13b350cb7bbd,69150bf42756853dcad943f2,keep,-0.0164,,unsteady_camera,0,143,146,0.9862,,,,-0.4779,-0.3125,1.4737,0.2235,-0.3964
692ea33395aad87d3e3445bb,6903686e0e94ce070afd1f24,keep,-0.0165,,,32,95,97,0.6562,,,,-0.5942,0.1077,0.7724,0.0000,0.0727
692ea478e2322e3b092b5e5d,6871d82a1aaf88556f0c6041,keep,-0.0166,,,1,108,110,0.9817,,,,-0.0962,0.2222,-0.1955,0.0000,0.1225
692ea99f92a31767e35da378,690364170e94ce070afd1da5,keep,-0.0168,,,2,224,226,0.9867,,,,-0.5669,0.7932,0.0685,-0.3666,0.0759
692eae81d52427f961fa162f,690362600e94ce070afd1d30,keep,-0.0171,,,1,225,227,0.9912,,,,-0.2227,0.2372,-0.4318,0.8939,-0.3645
692ea670dbc4294a49cc7274,6871e269bc1991b1a1e463ba,keep,-0.0171,,incomplete,0,197,199,0.9949,,,,-0.3373,0.0141,-0.5799,0.0000,1.1843
692eb12897ffd8ec9034029e,6846f7cf9cdf020d4a37a294,keep,-0.0171,,unsteady_camera+hesitant,6,159,161,0.9563,0.3178,2,0.3485,-0.0741,-0.0565,1.1228,1.3508,0.4925
692ea9f25aae241ad236edbf,6903b590466be157ec64580a,keep,-0.0172,,,1,193,195,0.9897,,,,-0.4115,0.5253,-0.1162,0.2084,-0.1427
692eaa57a0e165ab2e42e4fe,690362600e94ce070afd1d30,keep,-0.0173,,,0,201,203,0.9950,,,,0.3389,-0.3291,0.1979,-0.3918,0.3001
692e8f4aaec602a46af10331,68696b41314bde44018fa510,keep,-0.0175,,,0,202,209,0.9712,,,,0.3475,-0.5792,-0.1264,0.0000,0.5965
692e974bba0400c70689fd10,69150bf42756853dcad943f2,keep,-0.0175,,,0,105,107,0.9906,,,,-0.3007,0.2873,0.2495,0.0000,-0.1068
692eedd0f59fd218b1be0057,670be6761e62a52f6a35360d,keep,-0.0176,,unsteady_camera,4,267,292,0.9038,,,,-0.5327,-0.2165,1.2070,-0.5464,0.5864
692ea97dea43f09edf26f606,6903686e0e94ce070afd1f24,keep,-0.0179,,,3,105,107,0.9623,,,,-0.0003,0.3723,-0.0318,0.0000,-0.4008
692e9d46ba0400c70689fdcb,6903bd580e94ce070afd33cd,keep,-0.0179,,,0,176,210,0.8421,,,,-0.0277,-0.2162,0.2594,-0.0685,0.3005
692ea7694e86f0c01a207245,6871d82a1aaf88556f0c6041,keep,-0.0182,,,0,92,94,0.9892,,,,0.9294,-0.7256,-0.2775,0.0000,0.0993
692ea715af371a654ce7fdc3,6871d6cd07c5fd75be83e337,keep,-0.0183,,incomplete,74,236,238,0.6835,,,,-0.5059,-0.1825,0.0015,0.1212,1.0381
692eaf7668228e362d90914f,6903bd580e94ce070afd33cd,keep,-0.0186,,,1,164,181,0.9056,,,,0.4257,-0.4565,-0.2506,0.2936,0.1333
692e9d4939719ab57395b807,6903bd580e94ce070afd33cd,keep,-0.0186,,,0,171,178,0.9661,,,,0.5658,-0.5067,-0.1152,-0.0185,0.1756
692eaa05c7cb0e94dc84bbf7,68bc72d1fcdaacc405e3db53,keep,-0.0187,,,16,157,185,0.7663,,,,0.0281,-0.0589,-0.1236,-0.1904,0.4913
692eae16f169106feb26af96,6903b590466be157ec64580a,keep,-0.0188,,hesitant,0,200,215,0.9346,0.2940,2,0.8244,-0.0299,-0.5814,-0.2912,1.8871,0.0534
692ed3f8f2e4e72c033b9971,6871e269bc1991b1a1e463ba,keep,-0.0189,,,0,199,201,0.9950,,,,-0.1399,0.0059,-0.0454,0.0000,0.3790
692e9d45ba0400c70689fdc8,6903bd580e94ce070afd33cd,keep,-0.0190,,incomplete,38,163,179,0.7022,,,,-0.4534,-0.0316,0.3074,-0.5342,1.0871
692ef71fb07e0e30ff1132e2,6904b8d0466be157ec648ef1,keep,-0.0195,,jittery,0,211,213,0.9953,,,,-0.9223,1.0719,0.0441,0.1809,-0.3126
692e9e50b8797912ff78a761,6903bd580e94ce070afd33cd,keep,-0.0196,,,3,214,216,0.9814,0.3491,2,0.5289,-0.1779,0.6196,0.0735,0.5834,0.0894
692ea9c21e78e176ba6cf925,6903bd580e94ce070afd33cd,keep,-0.0197,,,0,218,220,0.9954,,,,-0.2377,0.4423,-0.0041,-0.0898,-0.0754
692eb0d2854d0e0793875cb7,68bc72d1fcdaacc405e3db53,keep,-0.0197,,,40,198,200,0.7940,,,,-0.4653,0.8939,-0.0648,-0.3737,-0.0666
692eae54c621d7f4aac3abd9,6846f7cf9cdf020d4a37a294,keep,-0.0197,,,12,153,157,0.9038,,,,0.6999,-0.5940,0.1564,-0.7063,0.5293
692eaea740338017b7f999f4,6903686e0e94ce070afd1f24,keep,-0.0198,,,0,108,110,0.9908,,,,0.0717,-0.7138,-0.1709,0.7091,0.5638
692eac8692a31767e35da3ab,69070e0b9adc5c8f26f55b5a,keep,-0.0200,,unsteady_camera,1,132,134,0.9850,,,,-0.2253,-0.3964,1.1242,0.5349,-0.5867
692eaddead0c9ef057d41e02,690364170e94ce070afd1da5,keep,-0.0201,,unsteady_camera,0,194,196,0.9949,,,,-0.2969,-0.1588,1.6321,-0.7673,-0.0407
692eb0819cebf0ec017dddda,69070e0b9adc5c8f26f55b5a,keep,-0.0202,,,0,139,141,0.9929,,,,0.1166,0.1618,0.1735,0.0000,-0.4500
692e9d3ea0e165ab2e42e3c7,6903686e0e94ce070afd1f24,keep,-0.0202,,hesitant,0,113,115,0.9912,,,,-0.2450,-0.1212,0.0691,1.3559,-0.7347
692ea031424dbf22e75ecfd7,6903bd580e94ce070afd33cd,keep,-0.0203,,,5,163,178,0.8927,,,,0.5316,-0.4790,-0.1593,0.0157,0.2070
692eaf7768228e362d909156,6903bd580e94ce070afd33cd,keep,-0.0204,,,0,207,210,0.9904,,,,0.0186,0.2416,-0.0786,-0.0975,-0.0716
692ea16496d2056439f017bf,6903686e0e94ce070afd1f24,keep,-0.0205,,,0,108,110,0.9908,,,,-0.3609,0.3089,-0.0808,0.0000,0.3023
692ea967727c13b350cb7cd0,6903686e0e94ce070afd1f24,keep,-0.0206,,,22,122,124,0.8130,,,,0.0131,-0.0185,-0.1347,0.0000,0.2873
692eafb0f169106feb26afef,690cb8f69adc5c8f26f64201,keep,-0.0207,,,0,213,219,0.9771,0.1679,2,0.8115,0.3876,-0.1491,0.4157,0.9215,0.1009
692ea5e4854d0e0793875b82,6903bd580e94ce070afd33cd,keep,-0.0211,,,0,177,202,0.8806,,,,-0.5063,-0.0794,-0.1363,0.9485,0.2139
692ef772fbcce321dca74f23,69150bf42756853dcad943f2,keep,-0.0214,,,0,131,133,0.9924,,,,0.2801,-0.2702,0.2015,0.0000,-0.0662
692eace8ad0c9ef057d41dd6,6903686e0e94ce070afd1f24,keep,-0.0215,,,10,99,101,0.8900,,,,0.9105,-0.8440,-0.1012,0.7729,-0.6212
692e9a5c2fa9ba56c08f805f,6903686e0e94ce070afd1f24,keep,-0.0215,,,17,90,92,0.8022,,,,0.7658,-0.6747,0.0003,0.0000,0.0134
692ed3f8f2e4e72c033b996f,6871e269bc1991b1a1e463ba,keep,-0.0216,,,0,186,188,0.9947,,,,0.2507,0.1869,0.0657,0.0000,-0.5707
692e9b6868228e362d908f21,6903bd580e94ce070afd33cd,keep,-0.0217,,,2,182,184,0.9836,,,,-0.3573,0.4942,-0.1024,0.5625,-0.5138
692eb062d52427f961fa1658,690366b20e94ce070afd1e8a,keep,-0.0217,,,0,209,211,0.9952,,,,-0.2272,0.6602,0.1067,-0.2938,-0.3105
692ea30540338017b7f998cc,6903686e0e94ce070afd1f24,keep,-0.0218,,,0,90,92,0.9890,,,,0.1527,-0.6370,0.2921,0.0000,0.5871
692eac0a96d2056439f01903,6871d82a1aaf88556f0c6041,keep,-0.0221,,incomplete,0,91,96,0.9579,,,,-0.4122,-0.4667,0.2254,0.0000,1.2476
692eb0513019385fbbf56891,69070e0b9adc5c8f26f55b5a,keep,-0.0221,,,6,166,168,0.9581,,,,-0.3988,0.2542,0.2469,0.0000,0.1247
692eac2d4e7eab2cafd26a01,6903bd580e94ce070afd33cd,keep,-0.0223,,incomplete,53,157,196,0.5333,,,,-0.0840,-0.7350,-0.2418,-0.0661,1.6924
692eac0996d2056439f018fc,6871d82a1aaf88556f0c6041,keep,-0.0224,,,2,117,119,0.9746,,,,-0.1175,0.7348,-0.3435,0.0000,-0.4260
692ea97cea43f09edf26f5fd,6903686e0e94ce070afd1f24,keep,-0.0225,,,0,93,95,0.9894,,,,-0.4866,0.2431,0.7019,0.0000,-0.1791
692eacf699488ff84776f9f5,6846f7cf9cdf020d4a37a294,keep,-0.0227,,hesitant,0,183,185,0.9946,,,,-0.5074,0.0161,-0.1143,1.0266,-0.0168
692eacf699488ff84776f9ee,6846f7cf9cdf020d4a37a294,keep,-0.0228,,jittery,0,237,239,0.9958,,,,-0.2304,1.0538,-0.2008,-0.4964,-0.3786
692e9ab9d3d807884d4dd61f,69150bf42756853dcad943f2,keep,-0.0228,,,0,131,133,0.9924,,,,-0.4643,0.4399,0.0206,0.6672,-0.4914
692ea779dfa4113987776a12,6903686e0e94ce070afd1f24,keep,-0.0228,,,0,94,97,0.9792,,,,0.0541,-0.0114,-0.1895,0.8051,-0.5199
692ea7539cebf0ec017ddccf,69036806466be157ec64477f,keep,-0.0228,,,0,165,167,0.9940,,,,0.1927,0.2940,0.0240,0.1689,-0.7631
692eac0a96d2056439f01901,6871d82a1aaf88556f0c6041,keep,-0.0233,,,0,106,108,0.9907,,,,0.1297,0.0050,-0.6079,0.0000,0.5691
692eac87eee2f8cb10d0f8a4,6903b590466be157ec64580a,keep,-0.0235,,,3,214,216,0.9814,,,,-0.6065,0.8465,-0.5634,0.3573,0.0109
692e9fa197ffd8ec90340126,69150bf42756853dcad943f2,keep,-0.0236,,,0,156,170,0.9231,,,,0.8845,-1.0002,0.2304,0.0000,0.1083
692e9a5b2fa9ba56c08f805e,6903686e0e94ce070afd1f24,keep,-0.0238,,,0,92,94,0.9892,,,,-0.1569,-0.1624,0.3218,0.0000,0.3240
692ea5e4854d0e0793875b89,6903bd580e94ce070afd33cd,keep,-0.0239,,,2,201,203,0.9851,,,,-0.4133,0.2078,-0.2440,0.8214,-0.1023
692ea4e492a31767e35da2fc,690366b20e94ce070afd1e8a,keep,-0.0240,,,2,175,182,0.9558,,,,0.0379,0.2302,0.1554,-0.2938,-0.0959
692e9ea5a0e165ab2e42e3e2,6903bd580e94ce070afd33cd,keep,-0.0240,,,0,151,182,0.8343,,,,0.2713,-0.8164,0.0795,0.4744,0.4317
692e9c1cc621d7f4aac3a9db,69150bf42756853dcad943f2,keep,-0.0244,,,0,131,133,0.9924,,,,-0.1630,0.3175,0.5023,0.0000,-0.5631
692eaa75dfa4113987776a53,6871e269bc1991b1a1e463ba,keep,-0.0244,,,0,177,179,0.9944,,,,-0.0910,0.0689,0.1964,0.0000,0.0078
692eace7ad0c9ef057d41dca,6903686e0e94ce070afd1f24,keep,-0.0244,,,7,107,109,0.9259,,,,0.2075,-0.1604,-0.0065,0.0000,0.1068
692eaa61d3d807884d4dd7be,6903686e0e94ce070afd1f24,keep,-0.0245,,,0,87,92,0.9560,,,,0.1469,-0.2867,-0.1840,0.0000,0.5650
692eae0597ffd8ec90340260,6846f7cf9cdf020d4a37a294,keep,-0.0245,,,0,182,184,0.9945,,,,0.1679,-0.0309,0.1395,0.0846,-0.2576
692ea2f8854d0e0793875b3d,69070e0b9adc5c8f26f55b5a,keep,-0.0247,,incomplete,15,98,100,0.8384,,,,-0.5885,-0.5183,0.8113,0.0000,1.0215
692eab4268bf0a1f46230590,6904b8d0466be157ec648ef1,keep,-0.0247,,,0,215,217,0.9954,,,,-0.0279,-0.2291,-0.1711,0.7034,0.0264
692eb0afc609aae267b27a28,6871d82a1aaf88556f0c6041,keep,-0.0248,,incomplete,10,146,148,0.9252,,,,-0.5018,-0.0112,-0.2835,0.0000,1.2264
692ee9605cec8e06f0b2dab1,6903a36c466be157ec64562d,keep,-0.0248,,,0,233,235,0.9957,,,,-0.1251,-0.0108,0.6373,-0.3151,0.0554
692e9f8f40338017b7f998a9,6871e269bc1991b1a1e463ba,keep,-0.0249,,hesitant,0,170,172,0.9942,,,,0.4778,-0.7736,0.0716,1.3459,-0.7992
692e9dc068228e362d908f7b,6903686e0e94ce070afd1f24,keep,-0.0250,,,6,123,125,0.9435,,,,0.1023,-0.2391,-0.2319,0.0000,0.6118
692ea486c609aae267b278e4,68bc72d1fcdaacc405e3db53,keep,-0.0251,,,10,125,129,0.8984,,,,0.6623,-0.2309,-0.2231,-0.3737,0.1254
692eaa182fa9ba56c08f81c5,69150bf42756853dcad943f2,keep,-0.0258,,jittery,2,106,110,0.9541,,,,-0.5977,1.3795,0.7679,0.0000,-1.7601
692ef15e45175992cd6a0d20,6871d82a1aaf88556f0c6041,keep,-0.0258,,,0,90,97,0.9375,,,,0.7499,-0.8241,0.0158,0.0000,0.2761
692e9dbe68228e362d908f66,6903686e0e94ce070afd1f24,keep,-0.0259,,,3,113,115,0.9649,,,,0.3502,-0.1110,-0.0189,0.0000,-0.1587
692eaa61d3d807884d4dd7bf,6903686e0e94ce070afd1f24,keep,-0.0260,,,2,96,98,0.9691,,,,0.1535,0.0531,0.3607,0.0000,-0.4884
692f04b55cec8e06f0b2dbc4,69070e0b9adc5c8f26f55b5a,keep,-0.0260,,,0,173,178,0.9774,,,,-0.0567,-0.2056,-0.0100,0.0000,0.5856
692eabd1d52427f961fa15d2,6903686e0e94ce070afd1f24,keep,-0.0262,,jittery,2,119,121,0.9750,,,,-0.3304,1.0718,-0.1896,0.0000,-0.7393
692ea16596d2056439f017d7,6903686e0e94ce070afd1f24,keep,-0.0262,,,0,99,101,0.9900,,,,-0.0706,-0.0490,0.0638,0.0000,0.2991
692eaa637641010d04354727,69070e0b9adc5c8f26f55b5a,keep,-0.0263,,,0,96,98,0.9897,,,,-0.2222,0.3726,-0.2007,0.0000,0.1589
692eae7f3019385fbbf56862,690366b20e94ce070afd1e8a,keep,-0.0264,,,22,204,206,0.8878,,,,-0.0039,0.1139,0.0978,0.0698,-0.1477
692ea33095aad87d3e3445a0,6903686e0e94ce070afd1f24,keep,-0.0271,,,0,110,114,0.9735,,,,-0.0496,-0.0427,-0.2722,0.0000,0.6002
692e98aa5aae241ad236ebe6,6871d82a1aaf88556f0c6041,keep,-0.0271,,,0,89,91,0.9889,,,,0.1148,-0.0082,-0.4713,0.0000,0.5011
692eaa657641010d04354737,69070e0b9adc5c8f26f55b5a,keep,-0.0271,,,0,122,124,0.9919,,,,-0.4172,0.8748,-0.0547,0.0000,-0.4416
692ea714af371a654ce7fdbc,6871d6cd07c5fd75be83e337,keep,-0.0274,,,0,222,235,0.9487,,,,0.7652,-0.5715,-0.4412,0.0017,0.3410
692eac7a95aad87d3e3446b3,690366b20e94ce070afd1e8a,keep,-0.0279,,,0,97,99,0.9898,,,,0.3459,-0.2180,0.5728,0.3971,-0.9666
692ea967727c13b350cb7cd6,6903686e0e94ce070afd1f24,keep,-0.0279,,jittery,0,114,116,0.9913,,,,-0.8511,1.0262,0.0647,0.6721,-0.8042
692eaa62d3d807884d4dd7c9,6903686e0e94ce070afd1f24,keep,-0.0281,,,0,107,109,0.9907,,,,0.3027,-0.4217,0.5751,0.0000,-0.2000
692ea8122fa9ba56c08f818b,69070e0b9adc5c8f26f55b5a,keep,-0.0282,,,0,122,124,0.9919,,,,0.4121,-0.0243,-0.3494,0.0000,-0.0348
692eb12a97ffd8ec903402ad,6846f7cf9cdf020d4a37a294,keep,-0.0282,,,13,168,170,0.9172,,,,-0.0040,-0.8218,0.3098,0.7717,0.3548
692eae0797ffd8ec90340274,6846f7cf9cdf020d4a37a294,keep,-0.0282,,,0,203,205,0.9951,,,,0.4346,0.3224,-0.2457,0.0284,-0.7205
692e90002fa9ba56c08f7f84,6904b8d0466be157ec648ef1,keep,-0.0283,,,0,191,193,0.9948,,,,0.1238,-0.5634,0.3510,0.4956,0.0109
692e93da567c97525f401333,6871d82a1aaf88556f0c6041,keep,-0.0285,,,1,142,144,0.9860,,,,-0.4742,0.7257,0.2066,0.0000,-0.3844
692ea19d567c97525f401488,68696b41314bde44018fa510,keep,-0.0285,,,0,241,243,0.9959,,,,-0.3914,0.1729,-0.0764,0.0000,0.6037
692e9ab8d3d807884d4dd617,69150bf42756853dcad943f2,keep,-0.0286,,,2,121,123,0.9754,,,,0.1889,0.3085,-0.1184,0.0000,-0.4277
692e9ee6b05428c72fb37476,68696b41314bde44018fa510,keep,-0.0286,,hesitant,0,159,161,0.9938,,,,-0.0034,-0.6713,-0.3777,1.5144,0.0756
692ea33595aad87d3e3445c3,6903686e0e94ce070afd1f24,keep,-0.0289,,,0,106,108,0.9907,,,,-0.4702,0.3603,-0.0923,0.0000,0.4597
692ef1f8245e918729007111,6846f7cf9cdf020d4a37a294,keep,-0.0290,,,0,169,198,0.8579,,,,-0.4013,-0.3556,-0.4306,0.9384,0.8308
692ef4e94215b056bf36e8af,69150bf42756853dcad943f2,keep,-0.0291,,,0,129,131,0.9923,,,,0.2227,0.8789,-0.0916,0.0000,-1.3572
692eb1313b319da763b71c02,6903686e0e94ce070afd1f24,keep,-0.0292,,incomplete,0,59,116,0.5130,,,,-0.3716,-0.6456,-0.2808,0.0000,2.0112
692e9827ea43f09edf26f441,6871e269bc1991b1a1e463ba,keep,-0.0294,,hesitant,0,174,176,0.9943,,,,-0.3814,-0.5378,-0.4226,1.2310,0.7759
692eaee396d2056439f0194b,68696b41314bde44018fa510,keep,-0.0295,,,0,230,232,0.9957,,,,-0.6140,0.1008,0.6424,0.7643,-0.4307
692e9d3ba0e165ab2e42e3b0,6903686e0e94ce070afd1f24,keep,-0.0296,,,12,130,132,0.9008,,,,-0.3605,0.1445,-0.1648,0.0000,0.6957
692eafddb8797912ff78a901,6903b590466be157ec64580a,keep,-0.0296,,,0,180,182,0.9945,,,,-0.2740,-0.0731,0.8887,0.0129,-0.1736
692ed8ff0ba268eb16564908,670be6761e62a52f6a35360d,keep,-0.0299,,,13,327,357,0.8820,,,,-0.4457,0.0610,0.3631,-0.1788,0.6024
692ef6379ca48e15a25b2a86,69150bf42756853dcad943f2,keep,-0.0301,,incomplete,28,107,118,0.6752,,,,0.1188,-0.8696,0.0530,0.0000,1.2836
692eaec8f169106feb26afd8,6871d82a1aaf88556f0c6041,keep,-0.0304,,,0,92,94,0.9892,,,,0.0990,0.0294,0.3107,0.0000,-0.2908
692ea030424dbf22e75ecfd0,6903bd580e94ce070afd33cd,keep,-0.0305,,,0,164,166,0.9939,,,,0.3593,-0.0164,-0.3086,0.0190,-0.0110
692eae813019385fbbf56870,690366b20e94ce070afd1e8a,keep,-0.0306,,,70,198,200,0.6432,,,,0.4917,-0.8607,0.1254,0.0465,0.5959
692eae45854d0e0793875c63,6903b590466be157ec64580a,keep,-0.0308,,,10,203,218,0.8894,,,,0.6016,-0.8780,-0.3411,0.6859,0.2852
692ea0c7727c13b350cb7bfc,670be6761e62a52f6a35360d,keep,-0.0310,,jittery,20,389,391,0.9462,,,,-0.1522,1.1946,-0.2033,-0.6112,-0.5320
692eb0aec609aae267b27a26,6871d82a1aaf88556f0c6041,keep,-0.0311,,,0,119,121,0.9917,0.4739,4,0.9681,0.3041,0.7045,0.0806,0.0000,-0.1719
692e9b3968bf0a1f4623044c,6871e269bc1991b1a1e463ba,keep,-0.0316,,,0,197,199,0.9949,,,,0.0364,-0.1137,0.4129,0.0000,-0.0758
692eaa0f424dbf22e75ed0d5,6846f7cf9cdf020d4a37a294,keep,-0.0316,,,5,189,191,0.9684,,,,0.4257,-0.2284,-0.2411,0.0013,0.1650
692eaa647641010d0435472e,69070e0b9adc5c8f26f55b5a,keep,-0.0316,,,0,94,96,0.9895,,,,0.0197,0.1046,-0.2634,0.0000,0.2983
692ea47ae2322e3b092b5e68,6871d82a1aaf88556f0c6041,keep,-0.0318,,,0,129,131,0.9923,,,,0.0799,0.3493,-0.2059,0.0000,-0.2154
692eaee296d2056439f0193b,68696b41314bde44018fa510,keep,-0.0318,,hesitant,0,210,212,0.9953,,,,-0.2462,-0.0092,0.3288,1.1484,-0.8714
692ede43952b26f4cc71a4a1,670be6761e62a52f6a35360d,keep,-0.0318,,,5,304,306,0.9803,,,,0.4469,0.0425,0.2131,0.4129,-1.1376
692eac7374b24813e7597611,68bc72d1fcdaacc405e3db53,keep,-0.0318,,,16,173,178,0.8870,0.2095,0,0.9890,-0.9738,0.0792,-0.1036,0.1502,0.0208
692e977b74b24813e75973f3,69150bf42756853dcad943f2,keep,-0.0320,,incomplete,34,122,124,0.7154,,,,-0.0504,-0.8796,-0.2611,0.7160,1.1639
692e94935aae241ad236eb96,68696b41314bde44018fa510,keep,-0.0320,,,3,177,179,0.9775,,,,0.1020,0.2367,-0.3889,0.0000,0.1045
692eaa162fa9ba56c08f81b3,69150bf42756853dcad943f2,keep,-0.0320,,,0,148,150,0.9933,,,,-0.2555,0.3934,-0.1424,0.0000,0.1597
692ea1aa3b319da763b71a3a,69070e0b9adc5c8f26f55b5a,keep,-0.0321,,,5,145,147,0.9589,,,,0.3610,-0.4413,-0.3661,0.4873,0.2240
692ef3f34215b056bf36e886,6846f7cf9cdf020d4a37a294,keep,-0.0323,,,2,208,210,0.9856,,,,-0.1870,-0.2982,-0.0684,0.6295,0.3928
692ea4acc609aae267b278f5,68696b41314bde44018fa510,keep,-0.0324,,,3,169,171,0.9765,,,,0.2416,-0.4137,-0.2323,0.0000,0.7176
692ea4db99488ff84776f92f,6903686e0e94ce070afd1f24,keep,-0.0325,,,27,115,117,0.7586,,,,-0.1854,-0.0172,-0.0097,0.0000,0.5409
692ef4e84215b056bf36e8a6,69150bf42756853dcad943f2,keep,-0.0326,,,0,159,161,0.9938,,,,0.5006,-0.2908,0.3288,0.0000,-0.4154
692ede44952b26f4cc71a4ab,670be6761e62a52f6a35360d,keep,-0.0326,,,31,385,387,0.9171,,,,0.1529,-0.0500,0.2913,-0.0330,-0.1843
692e9ab8d3d807884d4dd615,69150bf42756853dcad943f2,keep,-0.0327,,,6,151,153,0.9539,,,,-0.1743,-0.0171,0.5112,0.0000,0.0048
692eace8ad0c9ef057d41dd5,6903686e0e94ce070afd1f24,keep,-0.0327,,incomplete,6,70,95,0.6809,,,,-0.2866,-0.5013,-0.2001,0.0000,1.6110
692ea308dbc4294a49cc7232,6871d82a1aaf88556f0c6041,keep,-0.0327,,hesitant,0,109,111,0.9909,,,,-0.0172,-0.4229,-0.1200,1.3237,-0.3143
692ead1affdc0ca6345c434d,6846f7cf9cdf020d4a37a294,keep,-0.0328,,,10,185,187,0.9409,,,,-0.2807,0.0133,-0.3862,0.8776,0.1395
692e96d7f169106feb26acb2,6871e269bc1991b1a1e463ba,keep,-0.0330,,,0,221,223,0.9955,,,,-0.0335,0.1350,-0.3031,0.0000,0.3821
692eada5c609aae267b279e0,690cb8f69adc5c8f26f64201,keep,-0.0331,,,0,197,199,0.9949,,,,0.1272,-0.2447,0.0600,0.3149,0.0330
692ea8fa727c13b350cb7cb0,6903bd580e94ce070afd33cd,keep,-0.0332,,,0,175,177,0.9943,,,,0.1659,0.6918,0.0926,-0.5342,-0.6129
692ea63a3b319da763b71ada,69070e0b9adc5c8f26f55b5a,keep,-0.0335,,,49,117,119,0.5763,,,,0.3211,-0.4591,-0.0465,0.0000,0.4880
692ea0f3b05428c72fb3748f,690cb8f69adc5c8f26f64201,keep,-0.0336,,poor_image,0,198,200,0.9950,,,,1.2704,-0.3687,-0.2381,0.0000,-0.8794
692ea9c01e78e176ba6cf914,6903bd580e94ce070afd33cd,keep,-0.0336,,,0,229,231,0.9957,,,,0.1835,-0.0410,-0.0322,0.2858,-0.2323
692eac0a96d2056439f01909,6871d82a1aaf88556f0c6041,keep,-0.0338,,,0,91,93,0.9891,,,,-0.3044,0.1383,-0.2350,0.0000,0.7204
692ea2d3c7cb0e94dc84bb4a,69070e0b9adc5c8f26f55b5a,keep,-0.0339,,,0,111,113,0.9911,,,,0.7912,-0.8143,0.2768,0.0000,-0.0051
692eaed0ffdc0ca6345c4372,6903bd580e94ce070afd33cd,keep,-0.0339,,,1,206,223,0.9234,,,,-0.6117,0.6637,0.4139,-0.3014,0.0467
692eab3297ffd8ec90340207,69070e0b9adc5c8f26f55b5a,keep,-0.0340,,,5,177,179,0.9663,,,,-0.0935,0.2498,-0.2230,0.0000,0.2263
692ea1efb0d3d3c9d260698f,6903686e0e94ce070afd1f24,keep,-0.0340,,,0,115,117,0.9914,,,,-0.0748,0.8441,-0.1255,0.0000,-0.7901
692e98f240338017b7f997eb,6871d82a1aaf88556f0c6041,keep,-0.0341,,,0,107,109,0.9907,,,,0.0457,0.3863,-0.3253,0.0000,-0.0842
692ea4adc609aae267b27901,68696b41314bde44018fa510,keep,-0.0341,,unsteady_camera,0,168,170,0.9941,,,,-0.4426,0.4224,1.0796,0.0000,-0.8107
692ea16496d2056439f017c7,6903686e0e94ce070afd1f24,keep,-0.0341,,,4,94,96,0.9474,,,,-0.4756,-0.2622,0.7243,0.0000,0.6215
692ef3f44215b056bf36e889,6846f7cf9cdf020d4a37a294,keep,-0.0343,,,1,212,214,0.9906,,,,0.4467,-0.5845,-0.1728,0.8148,-0.1953
692ea696ad0c9ef057d41cfc,68bc72d1fcdaacc405e3db53,keep,-0.0345,,incomplete,68,166,183,0.5385,,,,-0.3199,0.0801,-0.3611,-0.3737,1.3356
692e9ed321fc595fbe6f945b,6871e269bc1991b1a1e463ba,keep,-0.0348,,,0,225,227,0.9956,,,,0.2044,-0.2198,-0.2841,0.4766,0.0742
692ea6393b319da763b71ace,69070e0b9adc5c8f26f55b5a,keep,-0.0349,,hesitant,3,105,107,0.9623,,,,-0.0993,-0.2485,-0.3340,1.0888,0.0112
692ed52d245e918729006f2a,690362600e94ce070afd1d30,keep,-0.0349,,,0,225,232,0.9740,,,,-0.0017,0.1967,-0.1153,0.0018,0.0656
692e95fcaf371a654ce7fc0c,6903bd580e94ce070afd33cd,keep,-0.0351,,,1,221,228,0.9692,,,,0.5195,-0.1019,0.0912,-0.5342,0.0621
692ef516f59fd218b1be00df,69150bf42756853dcad943f2,keep,-0.0352,,,3,185,191,0.9579,,,,-0.1098,0.2003,0.0812,0.0000,0.0294
692e994e74b24813e759741f,69150bf42756853dcad943f2,keep,-0.0353,,,0,88,90,0.9888,,,,-0.3768,0.5510,0.2308,0.7281,-0.9732
692eae45854d0e0793875c61,6903b590466be157ec64580a,keep,-0.0353,,hesitant,5,181,186,0.9514,,,,-0.0006,-0.9202,0.4327,1.2330,-0.0372
692eaecfffdc0ca6345c436e,6903bd580e94ce070afd33cd,keep,-0.0355,,,16,203,205,0.9167,,,,-0.0634,0.1064,-0.3419,0.1370,0.3889
692eac0a96d2056439f01902,6871d82a1aaf88556f0c6041,keep,-0.0357,,unsteady_camera,0,94,96,0.9895,,,,-0.2861,0.0799,1.2226,0.0000,-0.6634
692f49135cec8e06f0b2dc7e,690362600e94ce070afd1d30,keep,-0.0357,,hesitant,14,85,90,0.7978,,,,-0.9209,-1.0838,0.4347,1.8563,0.9663
692e9b471e78e176ba6cf7b9,6903bd580e94ce070afd33cd,keep,-0.0358,,incomplete,87,218,233,0.5647,,,,-0.4337,-0.5834,0.3619,-0.3375,1.7519
692ea6a23b319da763b71af9,6903bd580e94ce070afd33cd,keep,-0.0359,,,0,236,239,0.9916,,,,0.6635,-0.1928,-0.0349,-0.3424,-0.0772
692eac2d4e7eab2cafd269f9,6903bd580e94ce070afd33cd,keep,-0.0360,,,3,201,203,0.9802,,,,-0.2905,0.9112,-0.3361,-0.0225,-0.3205
692ea5c8d3d807884d4dd769,68bc72d1fcdaacc405e3db53,keep,-0.0360,,,62,174,176,0.6400,,,,-1.0379,0.2574,0.7198,0.4211,0.2820
692eaa0e424dbf22e75ed0cf,6846f7cf9cdf020d4a37a294,keep,-0.0361,,,0,189,191,0.9947,,,,-0.1856,0.2450,-0.0283,0.2372,-0.0455
692e9b6868228e362d908f1b,6903bd580e94ce070afd33cd,keep,-0.0364,,incomplete,22,115,163,0.5741,0.3154,2,0.3396,-0.3616,-0.1653,-0.0268,-0.5342,1.6060
692e9fa197ffd8ec90340125,69150bf42756853dcad943f2,keep,-0.0366,,incomplete,51,103,143,0.3662,,,,-0.1568,-1.1946,-0.1547,0.2282,2.2095
692ea1ecb0d3d3c9d2606975,6903686e0e94ce070afd1f24,keep,-0.0366,,,19,104,106,0.8095,,,,0.3774,-0.1452,0.1035,0.0000,-0.1955
692ea2002c8fefa9948e8dc8,6871d6cd07c5fd75be83e337,keep,-0.0366,,,0,213,215,0.9953,,,,0.5946,-0.0467,-0.4714,0.5946,-0.6887
692e9ee5c7cb0e94dc84bad3,6903686e0e94ce070afd1f24,keep,-0.0368,,,7,91,93,0.9130,,,,0.1120,-0.1739,0.3555,0.0000,-0.0055
692eb0afc609aae267b27a2b,6871d82a1aaf88556f0c6041,keep,-0.0369,,,0,140,142,0.9929,,,,-0.0460,-0.2252,0.0033,0.0000,0.6621
692ea9a092a31767e35da37d,690364170e94ce070afd1da5,keep,-0.0370,,,3,221,223,0.9820,,,,-0.1084,-0.2322,0.5695,0.0449,0.1555
692eae813019385fbbf56873,690366b20e94ce070afd1e8a,keep,-0.0371,,,2,177,179,0.9831,,,,-0.0898,-0.4280,0.3670,0.9240,-0.2549
692eafdbb8797912ff78a8f7,6903b590466be157ec64580a,keep,-0.0371,,,0,162,164,0.9939,,,,0.2820,0.5036,-0.0716,-0.2128,-0.6343
692ea1c5a0e165ab2e42e43e,68696b41314bde44018fa510,keep,-0.0372,,,6,159,161,0.9563,,,,-0.2804,0.2107,-0.4895,0.0000,0.8546
692e9857af371a654ce7fc3d,690cb8f69adc5c8f26f64201,keep,-0.0373,,hesitant,0,184,186,0.9946,,,,-0.4316,0.2896,-0.2046,1.8348,-1.1564
692ead5e3019385fbbf56848,6846f7cf9cdf020d4a37a294,keep,-0.0374,,,0,179,181,0.9944,,,,0.3553,-0.4496,0.1123,0.3182,-0.0273
692eaeaf40338017b7f99a1d,6903686e0e94ce070afd1f24,keep,-0.0374,,,0,113,115,0.9912,,,,0.7181,-0.3804,-0.0307,0.0000,-0.2140
692ea2c2dfa4113987776994,6904b8d0466be157ec648ef1,keep,-0.0379,,incomplete,0,156,208,0.7536,0.4033,4,0.1872,-0.6455,-0.5482,0.2537,0.7340,1.1433
692eabd2d52427f961fa15dc,6903686e0e94ce070afd1f24,keep,-0.0381,,,25,114,116,0.7739,,,,-0.2886,0.4585,-0.0958,0.0000,0.1079
692ef056245e9187290070db,6846f7cf9cdf020d4a37a294,keep,-0.0384,,,12,202,204,0.9360,,,,0.5352,0.6924,-0.0034,-0.2141,-1.3553
692e9f813b319da763b71a0e,69036806466be157ec64477f,keep,-0.0385,,,106,215,217,0.5046,,,,0.0390,0.0954,-0.1453,0.1378,0.0749
692e9b6668228e362d908f0c,6903bd580e94ce070afd33cd,keep,-0.0386,,jittery,0,192,194,0.9948,,,,-0.2284,1.0998,-0.1549,-0.2977,-0.5844
692eadedc609aae267b279fc,68bc72d1fcdaacc405e3db53,keep,-0.0386,,poor_image,0,145,150,0.9732,,,,1.0614,0.2173,0.1190,-0.3737,-1.3933
692e9d3ca0e165ab2e42e3b5,6903686e0e94ce070afd1f24,keep,-0.0387,,,15,111,113,0.8571,,,,-0.2219,0.1205,-0.3954,0.8287,-0.0101
692eae813019385fbbf56875,690366b20e94ce070afd1e8a,keep,-0.0391,,,18,186,189,0.8936,,,,-0.5350,0.4468,-0.3925,0.7867,0.0119
692eaa01aec602a46af1061c,6871d82a1aaf88556f0c6041,keep,-0.0392,,,0,91,93,0.9891,,,,0.4535,-0.3994,-0.2242,0.0000,0.4172
692ead82a0e165ab2e42e54a,690cb8f69adc5c8f26f64201,keep,-0.0393,,,3,198,203,0.9653,,,,-0.3426,-0.1138,0.8590,0.0000,0.1007
692e9d3da0e165ab2e42e3c3,6903686e0e94ce070afd1f24,keep,-0.0394,,,0,129,131,0.9923,,,,-0.1062,0.5215,-0.0175,0.5945,-0.9241
692eb0819cebf0ec017dddce,69070e0b9adc5c8f26f55b5a,keep,-0.0394,,,2,176,180,0.9721,,,,-0.5135,0.3158,0.4013,0.7948,-0.6236
692eafb1f169106feb26aff7,690cb8f69adc5c8f26f64201,keep,-0.0397,,,5,208,210,0.9713,,,,-0.1316,0.4593,-0.2679,0.2984,-0.2441
692e9dc068228e362d908f74,6903686e0e94ce070afd1f24,keep,-0.0401,,,30,103,105,0.7019,,,,-0.3534,-0.2200,-0.1293,0.7432,0.5268
692eac8592a31767e35da3a8,69070e0b9adc5c8f26f55b5a,keep,-0.0402,,,4,128,130,0.9612,,,,0.1540,0.0405,0.2682,0.0000,-0.2788
692eae0597ffd8ec90340266,6846f7cf9cdf020d4a37a294,keep,-0.0405,,,12,203,205,0.9363,,,,-0.0994,0.4770,-0.3080,0.6622,-0.6371
692eaaac2c8fefa9948e8e93,68bc72d1fcdaacc405e3db53,keep,-0.0405,,,16,119,139,0.7464,,,,-0.2343,0.1137,0.2417,-0.3737,0.5967
692ea72792a31767e35da32a,69038b590e94ce070afd2952,keep,-0.0406,,hesitant,16,211,213,0.9198,,,,-0.7667,0.2060,-0.0790,1.0210,0.1829
692ea7e22fa9ba56c08f816b,69038b590e94ce070afd2952,keep,-0.0407,,unsteady_camera,2,207,209,0.9856,,,,-0.5979,0.1179,1.5100,-0.5144,0.0091
692eab1bb77ab81b8b41eee2,6903b590466be157ec64580a,keep,-0.0407,,unsteady_camera,0,176,178,0.9944,,,,0.9461,-0.9632,1.1720,0.8890,-1.7506
692eabd1d52427f961fa15cc,6903686e0e94ce070afd1f24,keep,-0.0408,,,2,120,122,0.9752,,,,-0.1040,0.6283,0.2505,0.0000,-0.7516
692ea32f5aae241ad236ed03,6903686e0e94ce070afd1f24,keep,-0.0409,,,0,112,114,0.9912,,,,0.3752,-0.4189,-0.1242,0.0000,0.4763
692e9f8e40338017b7f998a1,6871e269bc1991b1a1e463ba,keep,-0.0414,,hesitant,0,137,150,0.9195,,,,0.6365,-1.7603,-0.0438,2.0000,0.0192
692eadf5d52427f961fa1615,69036806466be157ec64477f,keep,-0.0414,,,5,226,237,0.9364,0.1073,1,0.1070,-0.6338,-0.2555,0.6302,0.4500,-0.9452
692ea774b77ab81b8b41ee8f,6846f7cf9cdf020d4a37a294,keep,-0.0415,,incomplete,29,145,162,0.7205,,,,0.4265,-0.7718,-0.3680,-0.0857,1.2619
692ea4872fa9ba56c08f8126,6903bd580e94ce070afd33cd,keep,-0.0417,,,24,174,176,0.8571,,,,0.0967,-0.1757,0.3903,0.2482,-0.2280
692e9ee4c7cb0e94dc84bac9,6903686e0e94ce070afd1f24,keep,-0.0419,,,2,108,110,0.9725,,,,0.0840,-0.0514,-0.2125,0.7091,-0.2523
692eb32268228e362d909187,690366b20e94ce070afd1e8a,keep,-0.0421,,hesitant,0,210,252,0.8367,,,,-0.5723,0.1346,-0.4662,1.3519,0.0654
692e9d3ea0e165ab2e42e3cb,6903686e0e94ce070afd1f24,keep,-0.0421,,hesitant,36,115,117,0.6810,,,,-0.6369,-0.3167,-0.2475,1.4664,0.5065
692eacf799488ff84776f9f6,6846f7cf9cdf020d4a37a294,keep,-0.0423,,hesitant,0,186,188,0.9947,,,,0.7118,-0.8815,-0.1544,1.0538,-0.3485
692ea696ad0c9ef057d41d01,68bc72d1fcdaacc405e3db53,keep,-0.0424,,,5,148,167,0.8614,,,,-0.2991,0.2876,0.2513,-0.0944,0.1567
692eaa57a0e165ab2e42e504,690362600e94ce070afd1d30,keep,-0.0425,,,0,226,228,0.9956,,,,0.4061,-0.2183,0.2254,0.0130,-0.2230
692ef547245e918729007149,690cb8f69adc5c8f26f64201,keep,-0.0425,,unsteady_camera,5,151,156,0.9419,,,,0.4724,-1.0391,1.8915,0.0000,-0.7444
692ea7684e86f0c01a20723f,6871d82a1aaf88556f0c6041,keep,-0.0425,,,0,142,144,0.9930,,,,-0.4577,0.2692,0.4717,0.0000,0.1086
692ea1ac3b319da763b71a4f,69070e0b9adc5c8f26f55b5a,keep,-0.0425,,,0,162,164,0.9939,,,,-0.8077,0.0769,0.8568,0.0000,0.5370
692e9d0faf371a654ce7fcbe,69036806466be157ec64477f,keep,-0.0426,,,105,188,216,0.3860,,,,0.3935,-0.4788,-0.2327,-0.1044,0.7632
692eabd2d52427f961fa15db,6903686e0e94ce070afd1f24,keep,-0.0426,,,1,113,115,0.9825,,,,-0.2025,0.3630,-0.1180,0.0000,0.1756
692ea32e5aae241ad236ecf3,6903686e0e94ce070afd1f24,keep,-0.0429,,,0,114,116,0.9913,,,,0.1816,-0.3768,0.0014,0.0000,0.5920
692ee1584215b056bf36e79f,690364170e94ce070afd1da5,keep,-0.0430,,unsteady_camera,0,196,198,0.9949,,,,-0.3465,0.1997,1.0483,-0.7673,0.2405
692e9ab8d3d807884d4dd61a,69150bf42756853dcad943f2,keep,-0.0432,,jittery,0,139,142,0.9858,,,,-0.4673,1.1434,-0.2758,0.0000,-0.4359
692eabd6c621d7f4aac3abb9,68bc72d1fcdaacc405e3db53,keep,-0.0438,,unsteady_camera,5,171,186,0.8973,,,,-0.0008,0.1348,1.0463,-0.3737,-0.5670
692eac9a2c8fefa9948e8ebf,6903b590466be157ec64580a,keep,-0.0438,,,0,189,191,0.9947,,,,-0.0097,-0.1394,0.2208,0.0022,0.3074
692eb1333b319da763b71c15,6903686e0e94ce070afd1f24,keep,-0.0445,,,0,98,100,0.9899,,,,-0.2414,0.9710,0.1022,0.0000,-0.8853
692ea695727c13b350cb7c88,69070e0b9adc5c8f26f55b5a,keep,-0.0450,,,0,128,130,0.9922,,,,-0.0337,0.9354,-0.3910,0.0000,-0.6468
692ea696727c13b350cb7c91,69070e0b9adc5c8f26f55b5a,keep,-0.0450,,,0,154,160,0.9686,,,,-0.7136,0.2544,0.2033,0.4474,0.3533
692eb0afc609aae267b27a2d,6871d82a1aaf88556f0c6041,keep,-0.0450,,,0,93,95,0.9894,,,,0.0293,-0.3051,0.5526,0.0000,0.1761
692eafb4dbc4294a49cc7316,69070e0b9adc5c8f26f55b5a,keep,-0.0451,,,1,205,217,0.9444,,,,-0.1408,-0.0711,0.4654,0.0000,0.1678
692ef773fbcce321dca74f2a,69150bf42756853dcad943f2,keep,-0.0452,,,5,119,122,0.9421,,,,-0.6157,0.1819,-0.1110,0.8033,0.2746
692eaee34e7eab2cafd26a50,6903b590466be157ec64580a,keep,-0.0452,,,16,159,190,0.7566,0.1660,2,0.0206,0.0491,-1.1152,0.0991,0.0034,0.0339
692eae3e3b319da763b71bb4,6846f7cf9cdf020d4a37a294,keep,-0.0453,,,0,225,227,0.9956,,,,-0.0641,-0.1018,0.0954,0.3990,0.0717
692ea298727c13b350cb7c26,69150bf42756853dcad943f2,keep,-0.0455,,unsteady_camera,0,170,172,0.9942,,,,0.0365,0.0703,1.2685,0.0000,-1.1101
692eac2eaec602a46af10672,6903686e0e94ce070afd1f24,keep,-0.0455,,,0,89,91,0.9889,,,,0.5529,-0.5867,0.3997,0.0000,-0.0305
692eb00d1e78e176ba6cf9a2,6846f7cf9cdf020d4a37a294,keep,-0.0457,,,0,184,186,0.9946,,,,0.2515,0.4961,-0.1187,-0.1662,-0.5167
692ea69daec602a46af105a3,6903686e0e94ce070afd1f24,keep,-0.0458,,,0,104,106,0.9905,,,,0.9162,-0.2024,-0.0813,0.0000,-0.6685
692ea2c4dfa41139877769a4,6904b8d0466be157ec648ef1,keep,-0.0459,,,0,192,194,0.9948,,,,-0.2017,0.1617,0.4474,0.0000,-0.0662
692eaa63d3d807884d4dd7ce,6903686e0e94ce070afd1f24,keep,-0.0460,,,0,90,93,0.9783,,,,0.4239,-0.3047,0.0430,0.0000,0.1002
692eb1efd52427f961fa1681,69070e0b9adc5c8f26f55b5a,keep,-0.0460,,,0,109,111,0.9909,,,,-0.4190,0.6574,0.5349,0.0000,-0.5704
692ea0bd727c13b350cb7bf2,6903686e0e94ce070afd1f24,keep,-0.0460,,,32,94,96,0.6526,,,,-0.2539,0.0758,0.1185,0.0000,0.4710
692eabd6c621d7f4aac3abb3,68bc72d1fcdaacc405e3db53,keep,-0.0461,,poor_image,0,149,151,0.9933,,,,1.6816,-0.4294,-0.2564,-0.3737,-0.9257
692ef6359ca48e15a25b2a73,69150bf42756853dcad943f2,keep,-0.0461,,,4,133,136,0.9556,,,,0.0696,-0.3335,0.4590,0.0000,0.2593
692ef056245e9187290070de,6846f7cf9cdf020d4a37a294,keep,-0.0461,,,0,172,180,0.9609,,,,0.2845,0.0240,-0.1796,-0.4560,0.4957
692eb22ab77ab81b8b41efa4,6903686e0e94ce070afd1f24,keep,-0.0462,,,27,99,101,0.7200,,,,-0.1909,0.0521,-0.1704,0.7729,-0.0707
692e9f8e39719ab57395b83f,6871e269bc1991b1a1e463ba,keep,-0.0463,,,0,215,219,0.9862,,,,-0.4010,0.2133,-0.5721,0.5616,0.6158
692ea81292a31767e35da357,6903686e0e94ce070afd1f24,keep,-0.0463,,,12,115,117,0.8879,,,,-0.1910,0.6435,-0.0194,0.0000,-0.3355
692e93da567c97525f401330,6871d82a1aaf88556f0c6041,keep,-0.0463,,,1,121,123,0.9836,,,,0.1334,-0.3238,-0.1109,0.0000,0.7206
692eb0d2854d0e0793875cb8,68bc72d1fcdaacc405e3db53,keep,-0.0464,,,7,184,186,0.9568,,,,-0.3453,0.5592,-0.0293,0.5379,-0.5049
692ef2d0ef7557106e6c4ca1,69150bf42756853dcad943f2,keep,-0.0466,,,2,106,108,0.9720,,,,0.3709,-0.4462,0.5283,0.0000,-0.0890
692ea4adc609aae267b278ff,68696b41314bde44018fa510,keep,-0.0468,,,3,186,188,0.9786,,,,-0.1735,0.5146,0.1515,0.0000,-0.3357
692eac485aae241ad236edfa,6903bd580e94ce070afd33cd,keep,-0.0468,,,20,154,199,0.6768,,,,-0.1056,-0.3573,-0.1502,0.1878,0.9845
692ea2315cd6df8b6023c9a5,6871e269bc1991b1a1e463ba,keep,-0.0470,,,0,190,192,0.9948,,,,-0.1807,0.0150,0.2276,0.3205,0.0296
692eaa172fa9ba56c08f81be,69150bf42756853dcad943f2,keep,-0.0473,,hesitant,0,98,100,0.9899,,,,-0.3826,-0.1766,0.0246,1.7791,-0.6341
692ea696727c13b350cb7c9b,69070e0b9adc5c8f26f55b5a,keep,-0.0473,,hesitant,0,137,139,0.9928,,,,0.1631,-0.4383,0.0498,1.0310,-0.3368
692e9d4a39719ab57395b812,6903bd580e94ce070afd33cd,keep,-0.0473,,,14,142,165,0.7805,,,,-0.6602,0.1098,0.1619,0.3744,0.6206
692ea33295aad87d3e3445b1,6903686e0e94ce070afd1f24,keep,-0.0475,,,30,109,111,0.7182,,,,0.1555,0.0473,-0.0839,0.0000,0.1118
692eb1eed52427f961fa1674,69070e0b9adc5c8f26f55b5a,keep,-0.0475,,unsteady_camera,0,111,114,0.9823,,,,-0.2055,-0.0251,1.2092,0.0000,-0.5308
692ea25cd52427f961fa14e9,6871e269bc1991b1a1e463ba,keep,-0.0476,,,0,218,225,0.9732,,,,-0.1125,0.1748,-0.2092,0.0000,0.4486
692eb229b77ab81b8b41ef9b,6903686e0e94ce070afd1f24,keep,-0.0477,,,0,92,94,0.9892,,,,0.3940,-0.0294,-0.0739,0.0000,-0.1388
692eb1efd52427f961fa1682,69070e0b9adc5c8f26f55b5a,keep,-0.0478,,,0,100,102,0.9901,,,,-0.3726,-0.1382,0.9922,0.0000,0.1086
692e9b38b77ab81b8b41ed2e,6903bd580e94ce070afd33cd,keep,-0.0479,,,19,194,196,0.8974,,,,0.0442,0.5528,0.5510,-0.2691,-0.8418
692eab3497ffd8ec9034021a,69070e0b9adc5c8f26f55b5a,keep,-0.0480,,,10,121,123,0.9098,,,,0.2563,-0.1511,-0.4360,0.0000,0.6139
692ef4c79ca48e15a25b2a57,690cb8f69adc5c8f26f64201,keep,-0.0481,,,0,179,182,0.9890,,,,0.9225,-0.2364,0.5622,0.0000,-1.2545
692eab1bb77ab81b8b41eedd,6903b590466be157ec64580a,keep,-0.0481,,hesitant,0,205,207,0.9951,,,,-0.2012,-0.3852,0.9683,1.0407,-0.7927
692eadf5d52427f961fa1619,69036806466be157ec64477f,keep,-0.0482,,,12,224,232,0.9177,,,,0.6439,0.2812,-0.0041,-0.4830,-0.5632
692eac86eee2f8cb10d0f89c,6903b590466be157ec64580a,keep,-0.0485,,,9,179,181,0.9444,,,,0.9012,-0.6650,0.0182,0.0142,-0.0473
692e9856af371a654ce7fc36,690cb8f69adc5c8f26f64201,keep,-0.0487,,incomplete,0,181,205,0.8873,,,,0.0787,-0.6684,-0.0198,0.0000,1.2450
692eac0996d2056439f018f2,6871d82a1aaf88556f0c6041,keep,-0.0487,,jittery,0,100,102,0.9901,,,,-0.2499,1.1298,-0.2506,0.0000,-0.7284
692eae30aec602a46af1069d,6903686e0e94ce070afd1f24,keep,-0.0489,,,0,104,106,0.9905,,,,-0.3193,0.8081,0.1799,0.0000,-0.5708
692e9f8d39719ab57395b838,6871e269bc1991b1a1e463ba,keep,-0.0490,,,1,168,170,0.9882,,,,-0.1949,0.1576,-0.0679,0.0000,0.4673
692eaa0e424dbf22e75ed0cb,6846f7cf9cdf020d4a37a294,keep,-0.0496,,,0,185,187,0.9946,,,,0.0710,0.4977,-0.3631,0.5261,-0.6687
692eaa77dfa4113987776a60,6871e269bc1991b1a1e463ba,keep,-0.0497,,,0,217,219,0.9954,,,,0.5311,-0.3360,0.4580,0.0000,-0.4028
692eaa8bc7cb0e94dc84bc22,6903bd580e94ce070afd33cd,keep,-0.0497,,,4,125,167,0.7289,,,,-0.2391,-0.7449,0.4141,0.6748,0.7354
692ea5e4854d0e0793875b7f,6903bd580e94ce070afd33cd,keep,-0.0498,,hesitant,4,153,156,0.9613,,,,0.5191,-0.9863,-0.0430,2.3131,-1.2209
692ea8132fa9ba56c08f819a,69070e0b9adc5c8f26f55b5a,keep,-0.0499,,,5,111,113,0.9464,,,,0.5625,-0.1547,-0.2289,0.0000,-0.0339
692e9c1cc621d7f4aac3a9d7,69150bf42756853dcad943f2,keep,-0.0499,,hesitant,7,150,156,0.9226,,,,-0.8929,0.3791,-0.0673,1.7045,-0.5173
692e95f9af371a654ce7fc02,6903bd580e94ce070afd33cd,keep,-0.0499,,,0,210,214,0.9859,,,,0.7912,0.0260,-0.1485,-0.0773,-0.6506
692ea51ca0e165ab2e42e476,6871d6cd07c5fd75be83e337,keep,-0.0500,,,0,235,237,0.9958,,,,-0.4827,-0.1643,0.4858,0.5141,0.3205
692eac1fad0c9ef057d41db9,6903b590466be157ec64580a,keep,-0.0500,,unsteady_camera,0,164,166,0.9939,,,,-0.3365,0.0576,1.2470,-0.2128,-0.2657
692e9fa292a31767e35da230,69150bf42756853dcad943f2,keep,-0.0500,,,0,140,142,0.9929,,,,0.4023,-0.1881,-0.0452,0.0000,0.0743
692eaa8ac7cb0e94dc84bc18,6903bd580e94ce070afd33cd,keep,-0.0501,,jittery,0,176,178,0.9944,,,,-0.2974,1.4770,-0.1150,-0.5342,-0.7698
692ea8edba0400c70689ff36,6903686e0e94ce070afd1f24,keep,-0.0501,,,0,97,99,0.9898,,,,0.5252,-0.5925,0.0248,0.0000,0.4266
692ea4da99488ff84776f924,6903686e0e94ce070afd1f24,keep,-0.0501,,,0,99,101,0.9900,,,,0.4682,-0.4873,-0.0205,0.0000,0.4000
692ea99f92a31767e35da37c,690364170e94ce070afd1da5,keep,-0.0503,,,0,207,209,0.9952,,,,-0.4161,0.4952,0.0855,0.0893,0.0587
692ea16696d2056439f017de,6903686e0e94ce070afd1f24,keep,-0.0504,,,7,104,106,0.9238,,,,0.4281,-0.0994,-0.2219,0.0000,0.0816
692ea7b468228e362d909099,6871d6cd07c5fd75be83e337,keep,-0.0505,,,0,206,208,0.9952,0.0233,2,0.7716,-0.5487,0.3709,0.1305,0.0370,-0.1784
692e9b2caf371a654ce7fc8c,6903bd580e94ce070afd33cd,keep,-0.0507,,,24,129,147,0.7192,,,,-0.1855,-0.3260,0.1074,0.0910,0.9236
692ea774b77ab81b8b41ee91,6846f7cf9cdf020d4a37a294,keep,-0.0507,,,19,183,201,0.8200,,,,0.1824,-0.9543,0.1388,0.4655,0.9084
692eaceaad0c9ef057d41de7,6903686e0e94ce070afd1f24,keep,-0.0507,,,19,87,90,0.7640,,,,0.0843,0.1674,-0.1389,0.0000,0.1165
692ea4e492a31767e35da2f9,690366b20e94ce070afd1e8a,keep,-0.0511,,,44,185,194,0.7306,,,,-0.1749,-0.4074,0.6362,0.0571,0.5377
692eab1bb77ab81b8b41eee3,6903b590466be157ec64580a,keep,-0.0511,,,2,167,169,0.9821,,,,-0.0450,0.1696,0.5403,0.2185,-0.5878
692ea9c11e78e176ba6cf91e,6903bd580e94ce070afd33cd,keep,-0.0513,,,1,182,236,0.7702,,,,0.4599,-0.5633,0.0533,-0.0943,0.5554
692ea51da0e165ab2e42e47e,6871d6cd07c5fd75be83e337,keep,-0.0513,,,0,215,217,0.9954,,,,0.3472,-0.1670,-0.0346,-0.2684,0.3921
692eaa856974927fef249d06,6903b590466be157ec64580a,keep,-0.0514,,,0,206,208,0.9952,,,,-0.1570,-0.5369,0.2841,0.8373,0.2791
692ea1d468bf0a1f462304ee,690cb8f69adc5c8f26f64201,keep,-0.0514,,incomplete,4,143,183,0.7637,,,,-0.2290,-1.3338,0.5838,0.0000,2.1204
692e9ee7c7cb0e94dc84baea,6903686e0e94ce070afd1f24,keep,-0.0515,,,0,106,108,0.9907,,,,0.1250,-0.3928,-0.2066,0.7223,0.2467
692eacf899488ff84776fa00,6846f7cf9cdf020d4a37a294,keep,-0.0515,,,3,198,200,0.9799,,,,0.1290,-0.5555,0.0806,0.7741,0.1459
692ef3f34215b056bf36e888,6846f7cf9cdf020d4a37a294,keep,-0.0516,,incomplete,33,186,198,0.7766,,,,-0.2796,-0.7291,0.2560,0.3081,1.3102
692ea3305aae241ad236ed18,6903686e0e94ce070afd1f24,keep,-0.0519,,incomplete,51,116,118,0.5556,,,,-0.4439,-0.2674,0.1864,0.0000,1.2440
692e93d9567c97525f40132b,6871d82a1aaf88556f0c6041,keep,-0.0519,,,1,142,144,0.9860,,,,-0.1129,0.6267,-0.2031,0.0000,-0.2039
692ea0f3b05428c72fb37493,690cb8f69adc5c8f26f64201,keep,-0.0522,,,3,177,179,0.9775,,,,0.6207,0.1306,0.1837,0.0000,-0.9455
692e9d46ba0400c70689fdcf,6903bd580e94ce070afd33cd,keep,-0.0523,,,0,199,201,0.9950,,,,-0.3850,0.6784,0.1110,-0.3060,0.1210
692eac1fad0c9ef057d41dbd,6903b590466be157ec64580a,keep,-0.0523,,,0,158,161,0.9875,,,,0.4015,-0.1342,0.5718,0.2979,-0.9042
692ee61eb07e0e30ff1131de,6846f7cf9cdf020d4a37a294,keep,-0.0524,,,0,152,160,0.9560,,,,0.1530,-0.4926,0.5784,0.1716,0.1263
692eaf87526b2c3ac5f5b4fc,6903bd580e94ce070afd33cd,keep,-0.0527,,jittery,0,184,186,0.9946,,,,0.0450,1.1223,0.1266,0.2713,-1.7799
692e99dd6974927fef249bce,69150bf42756853dcad943f2,keep,-0.0527,,,0,148,150,0.9933,,,,0.6764,0.0466,-0.2136,0.0000,-0.5017
692eaa5e7641010d0435470d,69070e0b9adc5c8f26f55b5a,keep,-0.0528,,,0,152,155,0.9870,,,,0.4610,0.1874,0.1925,0.0000,-0.7956
692eb12074b24813e759767f,6846f7cf9cdf020d4a37a294,keep,-0.0528,,,3,177,180,0.9721,,,,0.1399,-0.5744,0.1670,0.4101,0.4443
692eabd2d52427f961fa15da,6903686e0e94ce070afd1f24,keep,-0.0529,,,5,116,118,0.9487,,,,0.1474,0.5633,-0.0599,0.0000,-0.6359
692eb12997ffd8ec903402a7,6846f7cf9cdf020d4a37a294,keep,-0.0529,,,0,166,172,0.9708,,,,0.6577,-0.8063,-0.1419,0.4623,0.2728
692ea8122fa9ba56c08f818f,69070e0b9adc5c8f26f55b5a,keep,-0.0531,,,0,110,112,0.9910,,,,0.3418,-0.1111,0.0701,0.0000,-0.0447
692eacc34e7eab2cafd26a21,6903686e0e94ce070afd1f24,keep,-0.0532,,,5,114,117,0.9397,,,,0.0346,0.3703,0.2040,0.0000,-0.4388
692eb3e36974927fef249da8,6903686e0e94ce070afd1f24,keep,-0.0532,,,3,93,95,0.9574,,,,-0.0968,-0.1527,0.1582,0.0000,0.5886
692ea4d974b24813e759754f,690cb8f69adc5c8f26f64201,keep,-0.0534,,hesitant,0,188,190,0.9947,,,,-1.2688,0.7091,0.3177,1.2092,-0.3138
692eacf799488ff84776f9fe,6846f7cf9cdf020d4a37a294,keep,-0.0534,,incomplete,35,185,194,0.7772,,,,-0.8333,-0.2106,0.5615,0.0436,1.3343
692eac18aec602a46af10647,69150bf42756853dcad943f2,keep,-0.0535,,,0,145,153,0.9539,,,,0.3104,-0.2803,-0.0017,0.2132,0.1177
692eae803019385fbbf56865,690366b20e94ce070afd1e8a,keep,-0.0535,,,18,190,192,0.9005,,,,-0.0431,0.7296,-0.3505,-0.2938,-0.0109
692ea775dfa41139877769ec,6903686e0e94ce070afd1f24,keep,-0.0535,,,7,92,94,0.9140,,,,0.6518,-0.0376,-0.1377,0.0000,-0.4090
692eb00e1e78e176ba6cf9a7,6846f7cf9cdf020d4a37a294,keep,-0.0535,,,0,182,184,0.9945,,,,0.1436,0.0782,0.0347,0.0846,-0.0774
692ea7e32fa9ba56c08f8176,69038b590e94ce070afd2952,keep,-0.0536,,incomplete,70,185,200,0.5779,,,,0.4104,-0.7274,-0.2626,-0.1252,1.2386
692eac8692a31767e35da3b2,69070e0b9adc5c8f26f55b5a,keep,-0.0538,,,9,126,128,0.9213,,,,-0.2573,0.3942,0.6275,0.0000,-0.4559
692e977c74b24813e75973fd,69150bf42756853dcad943f2,keep,-0.0542,,,0,123,125,0.9919,,,,-0.8465,0.8900,-0.0763,0.7102,-0.3198
692eace21e78e176ba6cf951,6903bd580e94ce070afd33cd,keep,-0.0542,,,10,176,180,0.9274,,,,0.0107,0.4528,0.2129,-0.5342,0.0057
692eacc54e7eab2cafd26a2e,6903686e0e94ce070afd1f24,keep,-0.0543,,,0,113,115,0.9912,0.2373,2,0.3824,-0.1034,0.8567,0.1948,0.0000,-0.1853
692ea69c74b24813e7597594,690364170e94ce070afd1da5,keep,-0.0543,,,0,233,235,0.9957,,,,-0.6773,0.1030,-0.1088,0.9421,0.4082
692ea7f3f169106feb26aeca,6903686e0e94ce070afd1f24,keep,-0.0543,,,35,113,115,0.6842,,,,0.0876,-0.6906,-0.2578,0.8142,0.7284
692e9b62c7cb0e94dc84baa7,690cb8f69adc5c8f26f64201,keep,-0.0544,,,2,213,215,0.9860,,,,-0.0647,0.7495,-0.3148,0.3560,-0.6878
692eaec65aae241ad236ee46,69038b590e94ce070afd2952,keep,-0.0545,,,0,219,226,0.9733,0.3260,4,0.4806,0.9855,0.3448,0.1525,-0.5144,-0.6208
692e94925aae241ad236eb93,68696b41314bde44018fa510,keep,-0.0546,,,1,207,209,0.9904,,,,0.1293,-0.1294,0.5298,0.0000,-0.1475
692ef7cb0ba268eb16564b2b,68bdae5d259c8771eea61c1b,keep,-0.0546,,unsteady_camera+hesitant,26,210,212,0.8720,,,,-0.6898,-0.3607,1.0213,1.2024,-0.2658
692e9ee6c7cb0e94dc84bae0,6903686e0e94ce070afd1f24,keep,-0.0547,,,1,95,97,0.9792,,,,0.2400,-0.7219,0.5760,0.0000,0.5295
692ea80f92a31767e35da348,6903686e0e94ce070afd1f24,keep,-0.0550,,,8,110,112,0.9189,,,,0.2271,-0.0982,-0.1972,0.0000,0.3887
692ea7980793395ac4f6ffa3,67421681889e906244b520b1,keep,-0.0550,,,5,221,228,0.9515,,,,0.2830,-0.2540,0.0554,0.0000,0.2860
692e994e74b24813e759741e,69150bf42756853dcad943f2,keep,-0.0551,,,0,105,107,0.9906,,,,0.2160,0.2201,0.0317,0.0000,-0.3005
692ef0153f0f0a8706d6bb29,6904b8d0466be157ec648ef1,keep,-0.0551,,,3,178,180,0.9777,,,,0.9204,0.2909,-0.1929,0.0000,-1.2383
692eb109567c97525f4015f2,6846f7cf9cdf020d4a37a294,keep,-0.0551,,,0,197,199,0.9949,,,,-0.6012,0.8913,0.2980,0.0246,-0.3718
692ea0bc727c13b350cb7bd9,6903686e0e94ce070afd1f24,keep,-0.0552,,,4,95,97,0.9479,,,,0.1391,-0.3689,0.2482,0.0000,0.4829
692e93da567c97525f40132f,6871d82a1aaf88556f0c6041,keep,-0.0553,,,0,137,139,0.9928,,,,0.7322,0.1133,0.0357,0.0000,-0.9169
692eddda4cbe80983737fe01,690366b20e94ce070afd1e8a,keep,-0.0554,,incomplete,73,180,185,0.5815,,,,-0.6181,0.3647,0.0217,-0.2938,1.0397
692e93db567c97525f40133b,6871d82a1aaf88556f0c6041,keep,-0.0555,,,0,139,141,0.9929,,,,-0.3921,0.2499,0.2248,0.0000,0.3767
692ea298727c13b350cb7c25,69150bf42756853dcad943f2,keep,-0.0556,,,0,174,176,0.9943,,,,0.2727,0.1634,-0.0996,0.0000,-0.1650
692eb0513019385fbbf56895,69070e0b9adc5c8f26f55b5a,keep,-0.0559,,hesitant,6,141,143,0.9507,,,,0.3152,-0.3142,-0.0675,1.0020,-0.5449
692eabd24e86f0c01a20728a,6903686e0e94ce070afd1f24,keep,-0.0560,,,0,108,110,0.9908,,,,-0.3440,0.0547,-0.2455,0.8515,0.2201
692ef3f44215b056bf36e88c,6846f7cf9cdf020d4a37a294,keep,-0.0566,,,12,164,185,0.8261,,,,0.2297,-0.6159,0.2436,-0.1633,0.8952
692ededa45175992cd6a0bb5,690362600e94ce070afd1d30,keep,-0.0566,,,0,232,234,0.9957,,,,-0.4336,0.3913,0.0536,0.2618,0.1444
692eb0fe4e7eab2cafd26a79,690364170e94ce070afd1da5,keep,-0.0566,,,0,187,224,0.8386,0.4851,4,0.9695,-0.5367,-0.0121,-0.0193,0.4360,0.8029
692eb00e1e78e176ba6cf9ac,6846f7cf9cdf020d4a37a294,keep,-0.0567,,jittery,3,214,216,0.9814,,,,-0.3021,1.0089,0.7174,-0.4740,-0.9069
692eadf4d52427f961fa1612,69036806466be157ec64477f,keep,-0.0572,,,85,198,208,0.5459,,,,-0.6379,0.4833,-0.2496,0.5671,0.3150
692ee0040ba268eb1656499d,6903b590466be157ec64580a,keep,-0.0574,,,15,221,227,0.9115,,,,-0.1883,-0.6149,0.8558,0.5103,0.2401
692eab4468bf0a1f4623059f,6904b8d0466be157ec648ef1,keep,-0.0576,,,0,159,173,0.9244,,,,0.7666,-0.7187,-0.1255,0.2230,0.2340
692ea4d999488ff84776f91d,6903686e0e94ce070afd1f24,keep,-0.0579,,,13,121,123,0.8852,,,,0.2186,-0.1612,0.2024,0.0000,0.1166
692ea476e2322e3b092b5e4a,6871d82a1aaf88556f0c6041,keep,-0.0581,,,1,98,100,0.9798,,,,0.0626,-0.2114,0.3385,0.0000,0.2912
692ea771b77ab81b8b41ee7d,6846f7cf9cdf020d4a37a294,keep,-0.0582,,,17,166,179,0.8371,,,,0.2247,-0.9083,-0.1818,0.6681,0.9463
692ea4dc99488ff84776f933,6903686e0e94ce070afd1f24,keep,-0.0583,,,3,106,108,0.9626,,,,0.5308,-0.2095,0.2501,0.0000,-0.3240
692eaa5d7641010d04354704,69070e0b9adc5c8f26f55b5a,keep,-0.0583,,,0,102,104,0.9903,,,,0.5584,-0.4609,0.1135,0.0000,0.1484
692ea1edb0d3d3c9d260697e,6903686e0e94ce070afd1f24,keep,-0.0586,,,0,96,98,0.9897,,,,0.1293,-0.2758,0.0155,0.0000,0.6145
692e9c1bc621d7f4aac3a9d1,69150bf42756853dcad943f2,keep,-0.0587,,hesitant,0,112,114,0.9912,,,,-0.0610,-0.1280,-0.3558,2.0000,-0.9497
692eacc24e7eab2cafd26a19,6903686e0e94ce070afd1f24,keep,-0.0587,,,8,119,121,0.9250,,,,0.0432,0.1615,0.0789,0.0000,0.0250
692ea16496d2056439f017c1,6903686e0e94ce070afd1f24,keep,-0.0589,,,3,96,98,0.9588,,,,-0.2326,-0.1488,0.5008,0.0000,0.4834
692eaa5fd3d807884d4dd7b1,6903686e0e94ce070afd1f24,keep,-0.0589,,,0,95,97,0.9896,,,,0.7297,-0.3307,0.2150,0.0000,-0.4011
692ea967727c13b350cb7cd8,6903686e0e94ce070afd1f24,keep,-0.0589,,,1,109,111,0.9818,,,,0.0530,0.4348,0.2665,0.0000,-0.5855
692ea9bbf169106feb26af12,68bc72d1fcdaacc405e3db53,keep,-0.0590,,hesitant,38,186,190,0.7831,,,,0.0804,-0.6026,0.1180,1.0540,0.0244
692eaf7668228e362d909152,6903bd580e94ce070afd33cd,keep,-0.0593,,,18,161,185,0.7772,,,,0.1535,-0.5181,0.3092,-0.2533,0.9058
692ea4e392a31767e35da2f3,690366b20e94ce070afd1e8a,keep,-0.0593,,,43,177,189,0.7128,,,,-0.0951,-0.3799,0.6943,-0.2938,0.7269
692e977d74b24813e7597403,69150bf42756853dcad943f2,keep,-0.0593,,,0,123,125,0.9919,,,,0.0645,0.1512,0.0146,0.7102,-0.6336
692edf513f0f0a8706d6ba4e,69036806466be157ec64477f,keep,-0.0593,,,5,227,237,0.9407,,,,0.4137,0.1211,0.3943,-0.2517,-0.5293
692eada4c609aae267b279d9,690cb8f69adc5c8f26f64201,keep,-0.0594,,,0,191,193,0.9948,0.0915,2,0.9723,-0.0008,-0.2520,-0.3030,0.7216,-0.3125
692e9b461e78e176ba6cf7b0,6903bd580e94ce070afd33cd,keep,-0.0595,,,0,199,231,0.8652,,,,-0.0628,-0.0239,-0.0344,0.0874,0.4934
692ea7ff4e7eab2cafd26992,690366b20e94ce070afd1e8a,keep,-0.0596,,,60,162,164,0.6258,,,,-0.5130,-0.1962,0.8475,0.1216,0.5116
692ea5ea68228e362d90903b,6903b590466be157ec64580a,keep,-0.0600,,,0,190,192,0.9948,,,,0.2237,0.8135,0.2079,-0.2128,-1.1307
692ed3f8f2e4e72c033b996e,6871e269bc1991b1a1e463ba,keep,-0.0601,,,0,177,179,0.9944,,,,0.4861,-0.2698,0.5436,0.0000,-0.4478
692ea696727c13b350cb7c92,69070e0b9adc5c8f26f55b5a,keep,-0.0601,,,0,152,154,0.9935,,,,-0.5238,0.9528,0.1606,0.0000,-0.3831
692eadecc609aae267b279f2,68bc72d1fcdaacc405e3db53,keep,-0.0603,,,29,138,145,0.7569,,,,0.5492,-0.4874,0.0385,-0.3737,0.6645
692ef3f44215b056bf36e88d,6846f7cf9cdf020d4a37a294,keep,-0.0605,,,1,190,195,0.9742,,,,-0.0677,-0.4013,0.2795,0.4487,0.3985
692ea69c74b24813e7597591,690364170e94ce070afd1da5,keep,-0.0607,,,0,228,234,0.9785,,,,-0.0288,0.3646,-0.2060,-0.3834,0.5105
692ea9bbf169106feb26af14,68bc72d1fcdaacc405e3db53,keep,-0.0610,,,2,141,148,0.9456,,,,0.3229,-0.3828,0.2975,0.5441,-0.3248
692ef515f59fd218b1be00dd,69150bf42756853dcad943f2,keep,-0.0611,,,7,173,183,0.9121,,,,-0.3256,0.4401,0.1885,0.0000,0.0672
692e9e50b8797912ff78a758,6903bd580e94ce070afd33cd,keep,-0.0611,,unsteady_camera,0,171,173,0.9942,,,,-0.2946,0.6120,1.0691,-0.5342,-0.5835
692eb29cffdc0ca6345c43bf,69070e0b9adc5c8f26f55b5a,keep,-0.0612,,,7,86,90,0.8876,,,,0.7725,-0.6517,0.3386,0.0000,-0.0913
692ea3305aae241ad236ed1e,6903686e0e94ce070afd1f24,keep,-0.0616,,,0,89,91,0.9889,,,,0.3584,-0.5461,0.2026,0.0000,0.5100
692ea030424dbf22e75ecfd2,6903bd580e94ce070afd33cd,keep,-0.0616,,,0,185,187,0.9946,,,,-0.1761,0.5141,-0.0084,0.0216,-0.0889
692eace8ad0c9ef057d41dd7,6903686e0e94ce070afd1f24,keep,-0.0621,,,4,96,98,0.9485,,,,0.1741,-0.1233,-0.1474,0.0000,0.5056
692e9c1bc621d7f4aac3a9ce,69150bf42756853dcad943f2,keep,-0.0622,,,0,141,146,0.9724,,,,0.2036,-0.4688,0.5848,0.0000,0.2485
692eae3f3b319da763b71bb7,6846f7cf9cdf020d4a37a294,keep,-0.0624,,,34,231,239,0.8277,,,,-0.6600,-0.4528,0.4350,0.6982,0.9726
692f05f5b07e0e30ff113349,670be6761e62a52f6a35360d,keep,-0.0624,,,1,227,229,0.9912,,,,0.2749,0.3468,-0.2629,-0.4758,0.2432
692ea697727c13b350cb7c9c,69070e0b9adc5c8f26f55b5a,keep,-0.0625,,,0,149,151,0.9933,,,,-0.1599,0.1312,-0.1420,0.4743,0.1484
692ea1eeb0d3d3c9d2606987,6903686e0e94ce070afd1f24,keep,-0.0626,,,0,105,107,0.9906,,,,0.4648,0.4822,-0.1763,0.0000,-0.8063
692ea97dea43f09edf26f609,6903686e0e94ce070afd1f24,keep,-0.0626,,,1,105,107,0.9811,,,,-0.1542,0.2400,-0.0583,0.0000,0.3677
692ea476e2322e3b092b5e48,6871d82a1aaf88556f0c6041,keep,-0.0626,,,0,97,99,0.9898,,,,0.4077,-0.4722,0.1452,0.0000,0.3897
692eaa0e424dbf22e75ed0cc,6846f7cf9cdf020d4a37a294,keep,-0.0627,,,0,204,206,0.9951,,,,0.4355,0.2646,-0.3561,-0.4877,0.2326
692eabd1d52427f961fa15ce,6903686e0e94ce070afd1f24,keep,-0.0630,,,0,96,98,0.9897,,,,-0.3300,0.9381,0.0642,0.0000,-0.5353
692eac2daec602a46af1066a,6903686e0e94ce070afd1f24,keep,-0.0635,,,0,100,102,0.9901,,,,-0.1335,0.0623,0.2247,0.0000,0.3267
692eb1465aae241ad236ee73,68bc72d1fcdaacc405e3db53,keep,-0.0636,,poor_image,0,154,187,0.8280,,,,1.1876,-0.1639,-0.6041,-0.1923,-0.2938
692e99e9ba0400c70689fd53,68696b41314bde44018fa510,keep,-0.0636,,incomplete,4,201,209,0.9471,0.4605,4,0.9584,0.1869,-0.6193,0.6955,0.8488,1.5438
692eabd4d52427f961fa15ed,6903686e0e94ce070afd1f24,keep,-0.0637,,,0,106,108,0.9907,,,,-0.1515,0.2350,-0.0120,0.0000,0.3327
692ef2ceef7557106e6c4c93,69150bf42756853dcad943f2,keep,-0.0639,,,8,119,136,0.8222,,,,-0.2333,-0.1412,-0.0724,0.2400,0.8417
692ef164f2e4e72c033b9b36,690cb8f69adc5c8f26f64201,keep,-0.0639,,hesitant,0,184,186,0.9946,,,,-0.2870,-0.4859,-0.0495,1.8348,-0.1784
692eb3e26974927fef249da4,6903686e0e94ce070afd1f24,keep,-0.0645,,,1,95,97,0.9792,,,,0.4581,-0.4687,-0.0624,0.0000,0.5295
692ea30440338017b7f998c6,6903686e0e94ce070afd1f24,keep,-0.0645,,,0,100,102,0.9901,,,,0.5111,-0.7177,0.3179,0.0000,0.4433
692ea4852fa9ba56c08f8116,6903bd580e94ce070afd33cd,keep,-0.0647,,,0,217,219,0.9954,,,,0.5865,0.0077,0.3070,0.3032,-1.0491
692eaa46eee2f8cb10d0f85f,69038b590e94ce070afd2952,keep,-0.0647,,,21,225,227,0.9027,,,,0.6495,-0.1069,-0.2413,0.1710,-0.2910
692ededa45175992cd6a0bb7,690362600e94ce070afd1d30,keep,-0.0647,,,0,217,219,0.9954,,,,-0.0093,0.3727,0.1082,-0.6342,0.4338
692eacf699488ff84776f9f4,6846f7cf9cdf020d4a37a294,keep,-0.0648,,incomplete,33,164,189,0.6968,,,,0.0597,-0.5364,0.3053,-0.4406,1.3039
692eaf7568228e362d90914a,6903bd580e94ce070afd33cd,keep,-0.0648,,,2,214,224,0.9507,,,,0.4139,-0.3103,-0.1263,0.3929,0.0316
692e984a68bf0a1f462303f5,6871e269bc1991b1a1e463ba,keep,-0.0651,,,0,223,225,0.9955,,,,0.1421,0.3755,0.3327,0.0000,-0.6532
692e9d4939719ab57395b80d,6903bd580e94ce070afd33cd,keep,-0.0651,,,0,135,148,0.9184,,,,0.2857,-0.3691,0.1183,0.1279,0.3349
692ef187fbcce321dca74eb0,690cb8f69adc5c8f26f64201,keep,-0.0653,,poor_image,1,209,211,0.9905,,,,1.0707,-0.2560,-0.1955,0.0000,-0.5699
692eb0a31e78e176ba6cf9ca,6846f7cf9cdf020d4a37a294,keep,-0.0654,,unsteady_camera,0,210,216,0.9767,,,,0.0335,-0.4262,1.2842,-0.2655,0.0279
692ea6393b319da763b71ad1,69070e0b9adc5c8f26f55b5a,keep,-0.0654,,,4,111,113,0.9554,,,,0.2998,-0.1806,0.4177,0.0000,-0.1384
692ea307dbc4294a49cc7228,6871d82a1aaf88556f0c6041,keep,-0.0655,,,0,127,129,0.9922,,,,-0.1017,0.2854,0.2568,0.0000,-0.0738
692e98f240338017b7f997ea,6871d82a1aaf88556f0c6041,keep,-0.0660,,,0,106,108,0.9907,,,,-0.0710,0.7736,-0.1625,0.0000,-0.4298
692ea3305aae241ad236ed1c,6903686e0e94ce070afd1f24,keep,-0.0661,,incomplete,44,114,116,0.6087,,,,-0.3979,-0.1100,0.0138,0.0000,1.2106
692e98b05aae241ad236ec0b,6871d82a1aaf88556f0c6041,keep,-0.0662,,,5,93,95,0.9362,,,,0.1947,0.4906,-0.2652,0.0000,-0.2991
692ef547245e91872900714a,690cb8f69adc5c8f26f64201,keep,-0.0663,,,0,186,188,0.9947,,,,0.2158,0.0296,0.4312,0.0000,-0.3355
692eafdbb8797912ff78a8f8,6903b590466be157ec64580a,keep,-0.0663,,incomplete,37,164,166,0.7697,,,,0.1876,-0.5532,-0.1036,-0.2128,1.3286
692eaa172fa9ba56c08f81bf,69150bf42756853dcad943f2,keep,-0.0663,,incomplete,0,115,150,0.7718,,,,-0.5539,-0.3057,0.1114,0.5910,1.0510
692e9b3a68bf0a1f4623044e,6871e269bc1991b1a1e463ba,keep,-0.0663,,,0,217,219,0.9954,,,,-0.1202,0.2612,0.3455,0.0000,-0.0928
692eaeab40338017b7f99a03,6903686e0e94ce070afd1f24,keep,-0.0663,,,0,119,121,0.9917,,,,0.4392,-0.2214,-0.2000,0.6441,-0.3064
692e9fa192a31767e35da22d,69150bf42756853dcad943f2,keep,-0.0664,,,2,140,142,0.9787,,,,-0.0986,-0.2170,0.6283,0.6246,-0.3149
692eaa10424dbf22e75ed0dd,6846f7cf9cdf020d4a37a294,keep,-0.0664,,,0,141,167,0.8494,,,,0.0582,-0.6869,-0.2303,0.6436,0.9944
692eaa63d3d807884d4dd7d1,6903686e0e94ce070afd1f24,keep,-0.0666,,,31,100,102,0.6832,,,,-0.0721,-0.0283,-0.1247,0.0000,0.7414
692ea1a93b319da763b71a36,69070e0b9adc5c8f26f55b5a,keep,-0.0666,,hesitant,1,126,130,0.9690,,,,-0.1178,-0.4149,0.1682,1.6544,-0.5573
692ea2d3c7cb0e94dc84bb48,69070e0b9adc5c8f26f55b5a,keep,-0.0666,,,0,91,93,0.9891,,,,0.7217,-0.4278,-0.0903,0.0000,0.1158
692eaa647641010d04354732,69070e0b9adc5c8f26f55b5a,keep,-0.0667,,,0,92,94,0.9892,,,,0.4258,0.0181,-0.2435,0.0000,0.0447
692e9b3968bf0a1f4623044b,6871e269bc1991b1a1e463ba,keep,-0.0668,,,0,175,177,0.9943,,,,0.1146,-0.0419,-0.1587,0.0000,0.5172
692e9a32ba0400c70689fd63,68696b41314bde44018fa510,keep,-0.0668,,,0,179,181,0.9944,,,,0.6229,0.3788,0.4433,0.0000,-1.4780
692ead82a0e165ab2e42e550,690cb8f69adc5c8f26f64201,keep,-0.0669,,,2,196,199,0.9798,,,,-0.2156,-0.3293,0.6914,0.3847,0.2094
692eae0597ffd8ec90340261,6846f7cf9cdf020d4a37a294,keep,-0.0671,,,24,211,213,0.8821,,,,-0.2017,0.4064,-0.0974,-0.2835,0.5435
692ee61eb07e0e30ff1131e3,6846f7cf9cdf020d4a37a294,keep,-0.0671,,unsteady_camera,0,158,160,0.9937,,,,-0.0014,-0.0191,1.5987,-0.3921,-0.7060
692eacc44e7eab2cafd26a2b,6903686e0e94ce070afd1f24,keep,-0.0672,,,1,104,106,0.9810,,,,0.2669,0.1757,0.3788,0.0000,-0.5725
692e9b3b68bf0a1f4623045a,6871e269bc1991b1a1e463ba,keep,-0.0673,,hesitant,0,175,177,0.9943,,,,0.0541,0.0073,-0.1903,1.2241,-0.6551
692e99e7ba0400c70689fd45,68696b41314bde44018fa510,keep,-0.0673,,,0,195,200,0.9799,,,,-0.6756,0.3136,0.4852,0.0000,0.5288
692ea299727c13b350cb7c32,69150bf42756853dcad943f2,keep,-0.0673,,,5,133,135,0.9552,,,,0.9992,-0.2680,0.5744,0.0000,-1.2000
692ea33195aad87d3e3445a5,6903686e0e94ce070afd1f24,keep,-0.0673,,,3,119,121,0.9667,,,,-0.0234,0.1160,0.3134,0.6441,-0.6250
692ea80e92a31767e35da33f,6903686e0e94ce070afd1f24,keep,-0.0675,,,0,114,116,0.9913,,,,0.2579,0.7097,-0.0720,0.0000,-0.9074
692eae80d52427f961fa162d,690362600e94ce070afd1d30,keep,-0.0675,,,0,225,228,0.9912,,,,0.1675,0.6438,-0.6005,-0.3617,0.2178
692e9ee3c7cb0e94dc84bac4,6903686e0e94ce070afd1f24,keep,-0.0677,,,2,96,98,0.9691,,,,0.1087,-0.1799,0.1277,0.0000,0.4528
692eac4b5aae241ad236ee07,6903bd580e94ce070afd33cd,keep,-0.0677,,,0,154,177,0.8750,,,,0.3837,-0.3714,-0.0573,0.2781,0.2344
692e9a582fa9ba56c08f803d,6903686e0e94ce070afd1f24,keep,-0.0680,,,36,95,97,0.6146,,,,-0.1677,0.0048,-0.1317,0.0000,0.8518
692ef221b07e0e30ff113286,690cb8f69adc5c8f26f64201,keep,-0.0680,,unsteady_camera,0,186,188,0.9947,,,,-0.0513,-0.3616,1.2051,0.3335,-0.4431
692eb29effdc0ca6345c43cd,69070e0b9adc5c8f26f55b5a,keep,-0.0681,,poor_image,0,92,99,0.9388,,,,2.0161,-1.2964,-0.4364,0.0000,-0.1665
692ea1a93b319da763b71a32,69070e0b9adc5c8f26f55b5a,keep,-0.0683,,,8,178,181,0.9444,,,,-0.4058,0.1534,-0.1169,0.6412,0.3320
692eaee396d2056439f0194c,68696b41314bde44018fa510,keep,-0.0684,,poor_image,3,235,237,0.9831,0.5889,1,0.7022,1.4002,0.3710,0.4457,0.0000,0.1137
692eb0513019385fbbf56893,69070e0b9adc5c8f26f55b5a,keep,-0.0685,,,0,185,187,0.9946,,,,-0.4533,-0.0373,0.7309,0.3825,0.1018
692e9f8f40338017b7f998ab,6871e269bc1991b1a1e463ba,keep,-0.0686,,,0,183,185,0.9946,,,,0.2961,-0.0918,0.0824,0.3327,-0.2417
692ea967727c13b350cb7cd7,6903686e0e94ce070afd1f24,keep,-0.0686,,,2,111,113,0.9732,,,,-0.3825,0.2269,0.1004,0.0000,0.6130
692eddda4cbe80983737fe04,690366b20e94ce070afd1e8a,keep,-0.0686,,,2,194,196,0.9846,,,,-0.3433,0.7775,0.4294,-0.2938,-0.3064
692ea0a03b319da763b71a23,690364170e94ce070afd1da5,keep,-0.0687,,,0,230,232,0.9957,,,,0.0199,0.1382,-0.5327,0.5894,0.1872
692eae08424dbf22e75ed14c,6846f7cf9cdf020d4a37a294,keep,-0.0690,,,5,177,179,0.9663,,,,-0.6556,0.1878,0.3574,0.3008,0.5264
692eaaae2c8fefa9948e8ea1,68bc72d1fcdaacc405e3db53,keep,-0.0693,,,44,135,137,0.6691,,,,0.4966,0.0095,-0.5901,-0.0328,0.3486
692ea5ea68228e362d90903d,6903b590466be157ec64580a,keep,-0.0694,,,0,183,185,0.9946,,,,-0.5831,0.5981,0.3394,0.2313,-0.1075
692ea6a23b319da763b71af5,6903bd580e94ce070afd33cd,keep,-0.0695,,,9,193,235,0.7863,,,,0.2306,-0.0386,-0.1547,-0.3392,0.6926
692ea02f424dbf22e75ecfc4,6903bd580e94ce070afd33cd,keep,-0.0698,,,6,143,169,0.8155,,,,0.3924,-0.4308,-0.0252,0.0811,0.4906
692ea478e2322e3b092b5e58,6871d82a1aaf88556f0c6041,keep,-0.0699,,,0,118,120,0.9916,,,,0.3557,-0.0186,0.0858,0.0000,-0.1024
692ea5eb68228e362d909044,6903b590466be157ec64580a,keep,-0.0700,,poor_image,6,153,155,0.9545,,,,1.2497,-0.4604,0.0861,-0.2128,-0.5672
692e9e50b8797912ff78a75b,6903bd580e94ce070afd33cd,keep,-0.0701,,incomplete,47,174,185,0.6902,0.1799,2,0.1686,0.7639,-0.8074,0.1930,0.7388,1.2317
692eafb1f169106feb26aff3,690cb8f69adc5c8f26f64201,keep,-0.0702,,,3,202,204,0.9803,,,,0.1788,0.2280,0.0396,0.0000,-0.1582
692ef7ca0ba268eb16564b26,68bdae5d259c8771eea61c1b,keep,-0.0702,,,15,184,225,0.7545,,,,-0.2776,0.5916,-0.3284,-0.2879,0.6370
692eaaa6dbc4294a49cc72c9,69070e0b9adc5c8f26f55b5a,keep,-0.0703,,,0,141,143,0.9930,,,,0.5423,-0.3266,-0.0959,0.0000,0.2645
692e9d4b39719ab57395b816,6903bd580e94ce070afd33cd,keep,-0.0704,,,30,134,149,0.7027,,,,-0.2199,-0.4183,0.0522,0.5135,0.8845
692e9a5a9cebf0ec017ddb48,6904b8d0466be157ec648ef1,keep,-0.0706,,,0,226,228,0.9956,,,,-0.0827,0.5246,0.0144,0.1689,-0.3519
692eaa611e78e176ba6cf92f,6903b590466be157ec64580a,keep,-0.0709,,,5,208,214,0.9531,,,,-0.0232,-0.0902,0.5396,-0.2128,0.3393
692eadedc609aae267b27a00,68bc72d1fcdaacc405e3db53,keep,-0.0709,,,54,155,157,0.6474,,,,0.0217,0.3680,0.0895,-0.3737,0.1962
692eac162fa9ba56c08f81e7,690364170e94ce070afd1da5,keep,-0.0710,,,4,261,263,0.9809,,,,0.6984,-0.5156,-0.1477,0.2623,0.1079
692ea1d568bf0a1f462304f3,690cb8f69adc5c8f26f64201,keep,-0.0710,,,6,211,221,0.9318,,,,-0.3654,-0.4335,0.7013,0.2835,0.7108
692ea81092a31767e35da34b,6903686e0e94ce070afd1f24,keep,-0.0710,,,1,122,126,0.9680,,,,0.1054,0.5836,0.0093,0.0000,-0.5456
692ea695727c13b350cb7c86,69070e0b9adc5c8f26f55b5a,keep,-0.0713,,,0,143,145,0.9931,,,,0.1312,0.0003,0.0573,0.0000,0.2444
692ef221b07e0e30ff113289,690cb8f69adc5c8f26f64201,keep,-0.0713,,,0,166,168,0.9940,,,,0.4313,0.4346,0.0271,0.0000,-0.8268
692ea69eaec602a46af105aa,6903686e0e94ce070afd1f24,keep,-0.0719,,,5,100,102,0.9406,,,,-0.1832,0.1935,-0.0315,0.0000,0.5191
692edf503f0f0a8706d6ba44,69036806466be157ec64477f,keep,-0.0722,,poor_image,1,222,229,0.9693,,,,1.2365,-0.2148,0.1382,-0.2436,-0.9216
692e9fa297ffd8ec9034012c,69150bf42756853dcad943f2,keep,-0.0723,,,0,189,198,0.9594,,,,-0.5125,0.9932,0.0024,0.0000,-0.2176
692e993df169106feb26ad1b,6903686e0e94ce070afd1f24,keep,-0.0723,,,0,90,93,0.9783,,,,-0.3771,-0.0208,0.5125,0.0000,0.5903
692f49135cec8e06f0b2dc8b,690362600e94ce070afd1d30,keep,-0.0727,,,0,208,210,0.9952,,,,-0.3093,0.8055,-0.2183,-0.1656,0.1485
692ea0bc727c13b350cb7be3,6903686e0e94ce070afd1f24,keep,-0.0728,,,4,90,92,0.9451,,,,0.0539,0.0990,0.1367,0.0000,0.1433
692eaf87526b2c3ac5f5b4fe,6903bd580e94ce070afd33cd,keep,-0.0732,,jittery,2,205,207,0.9854,,,,-0.2962,1.0861,0.4541,-0.2833,-0.8435
692e9b6568228e362d908f0a,6903bd580e94ce070afd33cd,keep,-0.0732,,,2,180,182,0.9834,,,,-0.2500,0.8617,0.0102,0.2222,-0.6378
692eaeba9cebf0ec017ddd34,690366b20e94ce070afd1e8a,keep,-0.0732,,hesitant,17,202,230,0.8079,,,,0.2707,-0.9430,-0.3380,1.8950,-0.0363
692eb3e26974927fef249da0,6903686e0e94ce070afd1f24,keep,-0.0732,,,0,91,93,0.9891,,,,-0.1160,0.1226,0.0632,0.0000,0.4395
692eab3de2322e3b092b5f5e,6903bd580e94ce070afd33cd,keep,-0.0735,,jittery,0,139,141,0.9929,,,,-0.4909,1.3750,0.1043,0.5301,-1.4464
692e9b2baf371a654ce7fc84,6903bd580e94ce070afd33cd,keep,-0.0735,,,0,145,176,0.8286,,,,-0.2226,-0.2514,-0.0570,0.8389,0.4436
692ea16696d2056439f017e6,6903686e0e94ce070afd1f24,keep,-0.0736,,incomplete,34,96,98,0.6392,,,,-0.1441,-0.2521,0.0249,0.0000,1.0844
692eaa856974927fef249d09,6903b590466be157ec64580a,keep,-0.0737,,,10,137,139,0.9203,,,,-0.5490,-0.0583,0.9280,0.0833,0.4157
692eaa76dfa4113987776a59,6871e269bc1991b1a1e463ba,keep,-0.0739,,,0,215,217,0.9954,0.1329,0,0.9559,-0.2881,-0.4086,-0.3010,0.0000,-0.4575
692ef221b07e0e30ff113287,690cb8f69adc5c8f26f64201,keep,-0.0744,,,0,179,181,0.9944,,,,0.5054,-0.4833,0.5028,0.0000,-0.0153
692e9a5b2fa9ba56c08f8056,6903686e0e94ce070afd1f24,keep,-0.0744,,,3,92,94,0.9570,,,,0.1855,0.1443,-0.2057,0.0000,0.2317
692ead1affdc0ca6345c4351,6846f7cf9cdf020d4a37a294,keep,-0.0745,,incomplete,48,206,211,0.7524,,,,-0.4860,0.0566,0.3571,-0.2550,1.0634
692e993cf169106feb26ad12,6903686e0e94ce070afd1f24,keep,-0.0746,,,12,107,109,0.8796,,,,0.1597,0.2124,0.0693,0.0000,-0.1055
692eac2aaec602a46af10651,6903686e0e94ce070afd1f24,keep,-0.0746,,,0,105,108,0.9813,,,,0.0761,0.6968,-0.2170,0.0000,-0.4200
692eeb1b4215b056bf36e842,6903a36c466be157ec64562d,keep,-0.0747,,,0,129,225,0.5759,,,,0.3678,-0.6140,-0.8109,0.9952,0.7079
692eaf2d4e86f0c01a2072e8,69070e0b9adc5c8f26f55b5a,keep,-0.0747,,,0,183,187,0.9839,,,,0.1422,0.4015,0.1599,0.0000,-0.4524
692ead5e3019385fbbf5684c,6846f7cf9cdf020d4a37a294,keep,-0.0748,,,0,200,202,0.9950,,,,-0.2110,0.4871,0.2051,0.1855,-0.2814
692e9a9cc621d7f4aac3a9b9,6904b8d0466be157ec648ef1,keep,-0.0749,,incomplete,47,205,218,0.7281,,,,-0.4074,-0.9075,-0.1433,0.9687,1.6712
692eab4568bf0a1f462305a4,6904b8d0466be157ec648ef1,keep,-0.0753,,unsteady_camera,4,160,162,0.9689,,,,-0.6685,-0.2910,1.7245,0.4764,-0.2347
692e9c1dc621d7f4aac3a9e0,69150bf42756853dcad943f2,keep,-0.0753,,incomplete,46,132,137,0.6324,,,,0.1969,-0.4514,-0.3052,0.0000,1.2139
692ead82a0e165ab2e42e54b,690cb8f69adc5c8f26f64201,keep,-0.0754,,,1,180,182,0.9890,,,,0.7511,0.2796,0.5332,0.0000,-1.5513
692eac7574b24813e7597625,68bc72d1fcdaacc405e3db53,keep,-0.0756,,,2,159,170,0.9290,,,,0.2208,-0.0935,0.6579,-0.3737,0.0537
692eac2e4e7eab2cafd26a03,6903bd580e94ce070afd33cd,keep,-0.0757,,,10,200,202,0.9453,,,,-0.0247,0.6417,-0.1585,-0.0801,-0.1574
692ef4c79ca48e15a25b2a54,690cb8f69adc5c8f26f64201,keep,-0.0757,,,1,171,173,0.9884,,,,-0.1411,0.2361,-0.1257,0.4429,0.0703
692eac495aae241ad236edfd,6903bd580e94ce070afd33cd,keep,-0.0760,,,0,168,199,0.8485,,,,-0.0882,0.4209,0.5154,-0.2732,-0.2091
692eafd4ffdc0ca6345c4393,69070e0b9adc5c8f26f55b5a,keep,-0.0762,,,8,142,144,0.9371,,,,-0.0350,-0.4021,0.5760,0.0000,0.6129
692eacc24e7eab2cafd26a17,6903686e0e94ce070afd1f24,keep,-0.0763,,,2,98,100,0.9697,,,,0.0302,0.3972,0.0361,0.0000,-0.1434
692eafd3ffdc0ca6345c4389,69070e0b9adc5c8f26f55b5a,keep,-0.0763,,,8,128,131,0.9231,,,,0.2279,0.3092,-0.1769,0.0000,-0.0948
692eab63424dbf22e75ed0f5,68696b41314bde44018fa510,keep,-0.0764,,unsteady_camera,0,203,205,0.9951,,,,-1.1523,0.0422,2.1236,0.0000,0.0761
692eace9ad0c9ef057d41de2,6903686e0e94ce070afd1f24,keep,-0.0765,,,0,100,102,0.9901,,,,-0.7018,0.3468,-0.0327,0.9190,0.1817
692e994d74b24813e759741b,69150bf42756853dcad943f2,keep,-0.0766,,,15,137,139,0.8841,,,,0.6186,-0.8811,0.4064,0.0000,0.5235
692e8e514e86f0c01a20700b,6904b8d0466be157ec648ef1,keep,-0.0766,,,15,230,237,0.9110,,,,-0.7899,0.6662,0.2938,0.1625,0.2654
692e9fa092a31767e35da22a,69150bf42756853dcad943f2,keep,-0.0766,,,0,132,141,0.9429,,,,0.0722,0.2300,-0.3212,0.0000,0.4044
692ea94da0e165ab2e42e4e4,6903b590466be157ec64580a,keep,-0.0767,,unsteady_camera+incomplete,34,212,219,0.8165,,,,-0.2794,-0.8077,1.1319,-0.2128,1.2485
692ef163f2e4e72c033b9b32,690cb8f69adc5c8f26f64201,keep,-0.0767,,hesitant,0,182,187,0.9785,,,,-0.6343,-0.1281,-0.2447,1.8249,0.1006
692ea696727c13b350cb7c99,69070e0b9adc5c8f26f55b5a,keep,-0.0768,,,2,158,160,0.9811,,,,-0.1577,0.3216,-0.3020,0.0000,0.5936
692eac2b4e7eab2cafd269ec,6903bd580e94ce070afd33cd,keep,-0.0769,,incomplete,55,153,186,0.5297,,,,0.0773,-0.5526,-0.3032,0.0246,1.5296
692e9b2baf371a654ce7fc89,6903bd580e94ce070afd33cd,keep,-0.0770,,hesitant,0,174,176,0.9943,,,,0.0722,-0.8292,0.0966,1.7594,-0.1814
692eb1f0d52427f961fa1687,69070e0b9adc5c8f26f55b5a,keep,-0.0770,,unsteady_camera,1,111,113,0.9821,,,,-0.6366,0.1264,1.2965,0.0000,0.0081
692ea97cea43f09edf26f5fc,6903686e0e94ce070afd1f24,keep,-0.0774,,,1,108,110,0.9817,,,,-0.1612,0.7433,0.4381,0.0000,-0.7697
692ea25ad52427f961fa14dc,6871e269bc1991b1a1e463ba,keep,-0.0775,,,0,235,239,0.9874,,,,0.1571,0.2530,-0.7481,0.0000,0.6754
692eab66d3d807884d4dd7e4,69070e0b9adc5c8f26f55b5a,keep,-0.0778,,,0,149,151,0.9933,,,,0.4079,-0.0981,0.3457,0.0000,-0.2658
692eafdaeee2f8cb10d0f8fd,6846f7cf9cdf020d4a37a294,keep,-0.0779,,,10,161,163,0.9321,,,,0.3809,0.1247,-0.0122,-0.7063,0.5051
692eac2d4e7eab2cafd269fb,6903bd580e94ce070afd33cd,keep,-0.0780,,,1,200,202,0.9900,,,,-0.2236,0.7581,0.2975,-0.0500,-0.5032
692ea6ffc621d7f4aac3aafc,68696b41314bde44018fa510,keep,-0.0782,,hesitant,0,184,186,0.9946,,,,-0.1757,0.1961,0.1337,1.3097,-0.9265
692ea30640338017b7f998d8,6903686e0e94ce070afd1f24,keep,-0.0783,,,2,110,112,0.9730,,,,-0.0320,-0.2873,0.1708,0.6963,0.1601
692ea713af371a654ce7fdb7,6871d6cd07c5fd75be83e337,keep,-0.0784,,,0,221,223,0.9955,,,,0.0696,0.0943,-0.2591,0.5635,-0.0015
692eaeaf40338017b7f99a19,6903686e0e94ce070afd1f24,keep,-0.0784,,,3,115,117,0.9655,,,,0.4842,-0.1558,0.0798,0.0000,-0.0233
692eae30aec602a46af106a1,6903686e0e94ce070afd1f24,keep,-0.0784,,,2,112,115,0.9649,,,,-0.3297,0.2584,0.4616,0.6780,-0.4835
692eabd64e86f0c01a2072aa,6903686e0e94ce070afd1f24,keep,-0.0786,,,4,93,95,0.9468,,,,-0.1342,0.0523,0.0733,0.0000,0.5995
692ea476e2322e3b092b5e44,6871d82a1aaf88556f0c6041,keep,-0.0786,,,0,126,128,0.9921,,,,-0.2751,0.2766,-0.0564,0.0000,0.6041
692eaa59a0e165ab2e42e510,690362600e94ce070afd1d30,keep,-0.0786,,,0,184,186,0.9946,0.0358,2,0.0277,0.4070,-0.7130,-0.3030,-0.3695,-0.4988
692e9828ea43f09edf26f447,6871e269bc1991b1a1e463ba,keep,-0.0786,,,0,224,226,0.9956,,,,0.1110,0.0737,-0.4413,0.4787,0.2361
692ea671dbc4294a49cc727f,6871e269bc1991b1a1e463ba,keep,-0.0791,,,0,228,230,0.9956,,,,-0.2748,0.1467,-0.3028,0.9408,0.1075
692eaf5374b24813e7597666,6846f7cf9cdf020d4a37a294,keep,-0.0792,,unsteady_camera,0,186,188,0.9947,,,,-0.5758,0.5895,1.2048,0.0127,-0.6838
692ea9bcf169106feb26af20,68bc72d1fcdaacc405e3db53,keep,-0.0792,,,0,158,160,0.9937,,,,0.2254,-0.0580,0.3559,0.4749,-0.5275
692ea97aea43f09edf26f5f2,6903686e0e94ce070afd1f24,keep,-0.0793,,,0,105,107,0.9906,,,,0.2836,0.2559,0.0608,0.0000,-0.3149
692ea7fe4e7eab2cafd2698f,690366b20e94ce070afd1e8a,keep,-0.0796,,,4,179,181,0.9722,,,,0.2249,-0.0095,0.5774,0.0824,-0.4260
692ea33095aad87d3e3445a3,6903686e0e94ce070afd1f24,keep,-0.0796,,,8,112,114,0.9204,,,,-0.2270,0.3361,0.1747,0.8214,-0.6025
692eadf8b8797912ff78a893,69036806466be157ec64477f,keep,-0.0797,,unsteady_camera,0,139,180,0.7765,,,,0.4405,-0.6056,1.1456,0.2924,-0.6326
692e9c1bc621d7f4aac3a9d3,69150bf42756853dcad943f2,keep,-0.0797,,hesitant,0,144,146,0.9931,,,,-0.4706,0.3972,-0.1854,1.2147,-0.3614
692e99eaba0400c70689fd5d,68696b41314bde44018fa510,keep,-0.0798,,,3,194,197,0.9745,,,,-0.0497,-0.1792,0.3054,0.0000,0.5962
692ea6fa4e86f0c01a20721e,6903bd580e94ce070afd33cd,keep,-0.0799,,,3,226,228,0.9824,,,,0.6490,0.8560,0.6489,-0.5342,-1.8128
692eaa5d7641010d04354702,69070e0b9adc5c8f26f55b5a,keep,-0.0801,,,0,124,126,0.9920,,,,-0.0237,-0.3868,0.5745,0.0000,0.6017
692f04679ca48e15a25b2b13,67421681889e906244b520b1,keep,-0.0801,,,0,216,218,0.9954,,,,0.1299,0.5491,0.3472,0.0000,-0.8050
692ea168e2322e3b092b5df3,6871d82a1aaf88556f0c6041,keep,-0.0801,,,0,95,97,0.9896,,,,0.8026,0.1009,0.0630,0.0000,-0.8573
692e9b451e78e176ba6cf7aa,6903bd580e94ce070afd33cd,keep,-0.0802,,,0,208,217,0.9630,,,,0.3082,-0.2149,-0.0617,0.3949,0.0882
692eb1eed52427f961fa1679,69070e0b9adc5c8f26f55b5a,keep,-0.0803,,,0,146,148,0.9932,,,,-0.0999,-0.0649,0.8014,0.0000,0.0078
692ea968727c13b350cb7cec,6903686e0e94ce070afd1f24,keep,-0.0803,,,19,90,92,0.7802,,,,-0.3120,0.0761,0.0103,0.8493,0.0567
692ea69daec602a46af105a0,6903686e0e94ce070afd1f24,keep,-0.0807,,,5,99,101,0.9400,,,,0.5016,-0.5368,-0.0289,0.0000,0.6470
692eb12274b24813e7597695,6846f7cf9cdf020d4a37a294,keep,-0.0809,,,0,160,163,0.9877,,,,0.6655,-0.8564,-0.0302,0.4320,0.4510
692ea8a196d2056439f01894,6903b590466be157ec64580a,keep,-0.0811,,incomplete,25,169,171,0.8471,0.2420,2,0.4568,0.2798,0.6025,-0.2111,-0.2128,1.0466
692eaf87526b2c3ac5f5b4fa,6903bd580e94ce070afd33cd,keep,-0.0811,,,27,198,200,0.8593,,,,0.1096,0.6198,0.8140,-0.0755,-1.2653
692ea26aaf371a654ce7fd38,68696b41314bde44018fa510,keep,-0.0812,,hesitant,0,156,158,0.9936,,,,-0.3075,0.0688,0.1043,2.0000,-1.1778
692eaff5e2322e3b092b5fc0,6846f7cf9cdf020d4a37a294,keep,-0.0812,,incomplete,65,136,165,0.4329,,,,0.1891,-0.8867,-0.1962,-0.4017,2.2128
692eaa617641010d0435471d,69070e0b9adc5c8f26f55b5a,keep,-0.0814,,,0,106,108,0.9907,,,,0.4820,-0.4027,0.8941,0.0000,-0.4430
692eb119b8797912ff78a92f,6904b8d0466be157ec648ef1,keep,-0.0815,,,1,237,239,0.9916,,,,-0.4096,-0.1060,0.5403,0.6384,0.1654
692e9ea4a0e165ab2e42e3d9,6903bd580e94ce070afd33cd,keep,-0.0817,,,0,175,195,0.9021,,,,0.2208,-0.2628,0.1754,0.2651,0.1946
692eb1333b319da763b71c13,6903686e0e94ce070afd1f24,keep,-0.0818,,,0,107,109,0.9907,,,,-0.1594,0.5083,0.0012,0.0000,0.0480
692eaa836974927fef249cf8,6903b590466be157ec64580a,keep,-0.0818,,,0,190,192,0.9948,,,,-0.0157,0.4905,0.1215,-0.2128,-0.0482
692eae44854d0e0793875c56,6903b590466be157ec64580a,keep,-0.0820,,,4,224,230,0.9607,,,,0.3519,-0.2972,-0.4254,0.3224,0.5947
692e9827ea43f09edf26f442,6871e269bc1991b1a1e463ba,keep,-0.0823,,,0,186,188,0.9947,,,,-0.1076,-0.3318,0.7950,0.3274,0.1126
692eb0b1c609aae267b27a3c,6871d82a1aaf88556f0c6041,keep,-0.0829,,,0,95,97,0.9896,,,,0.5311,0.4160,-0.5586,0.0000,-0.2821
692ea5e4854d0e0793875b88,6903bd580e94ce070afd33cd,keep,-0.0830,,poor_image,4,177,185,0.9402,0.4763,4,0.9960,1.0028,-0.0988,0.0169,0.5894,-0.0135
692ea2305cd6df8b6023c99d,6871e269bc1991b1a1e463ba,keep,-0.0830,,,0,223,225,0.9955,,,,-0.5051,-0.1133,0.5542,0.9618,-0.0072
692ea695727c13b350cb7c87,69070e0b9adc5c8f26f55b5a,keep,-0.0831,,,0,161,163,0.9938,,,,-0.2177,0.7707,-0.4129,0.0000,0.1649
692ea16496d2056439f017c4,6903686e0e94ce070afd1f24,keep,-0.0831,,,5,105,107,0.9434,,,,0.5834,-0.0814,0.0333,0.0000,-0.2049
692eee74f59fd218b1be006b,690364170e94ce070afd1da5,keep,-0.0832,,,9,305,307,0.9673,,,,-0.0102,-0.0353,0.3986,0.1143,0.1376
692eae07424dbf22e75ed141,6846f7cf9cdf020d4a37a294,keep,-0.0832,,,4,207,209,0.9760,,,,0.1497,0.1549,0.6281,-0.2260,-0.2765
692eae55c621d7f4aac3abdb,6846f7cf9cdf020d4a37a294,keep,-0.0834,,,7,141,155,0.8701,,,,0.9592,-1.0975,0.1369,0.2001,0.4546
692eaf2d4e86f0c01a2072ec,69070e0b9adc5c8f26f55b5a,keep,-0.0835,,,0,155,157,0.9936,,,,0.3132,0.1826,0.1932,0.0000,-0.3524
692e9d4a39719ab57395b80f,6903bd580e94ce070afd33cd,keep,-0.0836,,hesitant,0,126,135,0.9403,,,,0.0044,-0.3520,-0.0850,1.0086,0.1830
692eacf799488ff84776f9f7,6846f7cf9cdf020d4a37a294,keep,-0.0836,,hesitant,1,187,189,0.9894,,,,-0.5553,-0.0570,0.2413,1.8417,-0.5792
692eada5c609aae267b279e3,690cb8f69adc5c8f26f64201,keep,-0.0837,,incomplete,20,231,233,0.9095,,,,-0.2892,-0.0941,0.1145,0.0000,1.0464
692ea772b77ab81b8b41ee80,6846f7cf9cdf020d4a37a294,keep,-0.0841,,,0,174,176,0.9943,,,,0.1487,-0.3133,-0.0754,0.6329,0.2780
692ee61eb07e0e30ff1131dc,6846f7cf9cdf020d4a37a294,keep,-0.0845,,unsteady_camera,0,178,181,0.9889,,,,-0.1849,-0.5496,1.6245,-0.1512,0.2200
692ea031424dbf22e75ecfd8,6903bd580e94ce070afd33cd,keep,-0.0846,,,0,188,190,0.9947,,,,-0.3148,0.4737,0.0532,0.5277,-0.2269
692eb3035aae241ad236ee8b,6846f7cf9cdf020d4a37a294,keep,-0.0849,,,0,219,221,0.9955,,,,0.6301,0.4756,-0.0135,-0.2989,-0.7521
692ea2002c8fefa9948e8dc5,6871d6cd07c5fd75be83e337,keep,-0.0850,,hesitant,0,234,237,0.9915,0.0437,3,0.6836,-0.6383,-0.2394,0.4312,1.3387,-0.0194
692eabd24e86f0c01a20728b,6903686e0e94ce070afd1f24,keep,-0.0850,,,0,93,95,0.9894,,,,-0.1328,0.6019,0.3654,0.0000,-0.4741
692ea30540338017b7f998d2,6903686e0e94ce070afd1f24,keep,-0.0852,,unsteady_camera,0,104,106,0.9905,,,,-0.5316,-0.3537,1.3638,0.0000,0.5604
692ea7b568228e362d90909a,6871d6cd07c5fd75be83e337,keep,-0.0852,,,0,216,222,0.9774,,,,0.2458,-0.2219,-0.2657,0.5897,0.2365
692ea8004e7eab2cafd2699a,690366b20e94ce070afd1e8a,keep,-0.0853,,,39,173,175,0.7701,,,,-0.6861,0.5475,0.5468,0.0954,0.1624
692e9afaffdc0ca6345c4182,6904b8d0466be157ec648ef1,keep,-0.0853,,,2,199,205,0.9657,,,,0.2636,0.1564,0.3807,0.0000,-0.4138
692eae5895aad87d3e3446d4,69036806466be157ec64477f,keep,-0.0853,,,20,195,224,0.7848,,,,0.6674,-0.4338,0.0361,0.7449,-0.5342
692e9b2daf371a654ce7fc96,6903bd580e94ce070afd33cd,keep,-0.0853,,,0,155,185,0.8424,,,,-0.0196,0.1243,0.0320,-0.2862,0.6941
692ea40397ffd8ec90340153,6903686e0e94ce070afd1f24,keep,-0.0856,,unsteady_camera,11,99,101,0.8800,,,,0.3706,-0.7756,1.9342,0.0000,-0.7274
692e99dd6974927fef249bc9,69150bf42756853dcad943f2,keep,-0.0857,,incomplete,30,130,134,0.7519,,,,-0.1447,0.0205,-0.3110,0.0000,1.0974
692eaee339719ab57395b97c,6903bd580e94ce070afd33cd,keep,-0.0859,,jittery,0,187,189,0.9947,,,,0.1533,1.1150,-0.0671,-0.2914,-0.9425
692ea298727c13b350cb7c29,69150bf42756853dcad943f2,keep,-0.0860,,,1,175,177,0.9886,,,,0.7374,-0.8544,0.1155,0.3682,0.2937
692ea5f4eee2f8cb10d0f7e0,69150bf42756853dcad943f2,keep,-0.0861,,,0,119,121,0.9917,,,,0.3192,-0.1849,-0.0716,0.2700,0.2029
692eb228b77ab81b8b41ef94,6903686e0e94ce070afd1f24,keep,-0.0861,,,1,97,99,0.9796,0.0615,2,0.6984,-0.3441,0.0224,0.0624,0.7887,-0.5903
692eaec3424dbf22e75ed16c,690364170e94ce070afd1da5,keep,-0.0864,,hesitant,28,234,236,0.8766,,,,-0.4263,-0.5007,0.2195,1.8939,-0.1182
692ea9c11e78e176ba6cf91c,6903bd580e94ce070afd33cd,keep,-0.0864,,jittery,0,193,195,0.9948,,,,0.0299,1.1739,-0.0045,-0.5342,-0.6624
692e9d99d3d807884d4dd66f,6903686e0e94ce070afd1f24,keep,-0.0865,,,0,104,106,0.9905,,,,0.1262,0.5448,0.2097,0.0000,-0.6109
692e977774b24813e75973e5,6871e269bc1991b1a1e463ba,keep,-0.0865,,hesitant,0,197,199,0.9949,,,,-0.0716,-0.3125,-0.0954,1.7808,-0.5040
692ef162f2e4e72c033b9b29,690cb8f69adc5c8f26f64201,keep,-0.0865,,,0,225,227,0.9956,,,,0.0541,-0.1050,-0.1503,0.8889,-0.0570
692ea475e2322e3b092b5e42,6871d82a1aaf88556f0c6041,keep,-0.0865,,,0,104,106,0.9905,,,,-0.4435,0.5322,0.3497,0.0000,0.1227
692ea2315cd6df8b6023c9a9,6871e269bc1991b1a1e463ba,keep,-0.0865,,,0,175,177,0.9943,,,,0.5856,-0.1154,0.5104,0.0000,-0.6103
692ea4c439719ab57395b8b9,68bc72d1fcdaacc405e3db53,keep,-0.0867,,,0,154,177,0.8750,,,,-0.0153,-0.0922,0.0975,0.7281,-0.0573
692eb228b77ab81b8b41ef8e,6903686e0e94ce070afd1f24,keep,-0.0868,,,7,101,103,0.9216,,,,0.1070,0.7244,-0.1798,0.0000,-0.4595
692eaa63d3d807884d4dd7cc,6903686e0e94ce070afd1f24,keep,-0.0872,,,0,92,94,0.9892,,,,-0.0612,-0.3090,0.6646,0.0000,0.5012
692eaeae40338017b7f99a14,6903686e0e94ce070afd1f24,keep,-0.0873,,,0,94,96,0.9895,,,,-0.4213,0.1234,0.4765,0.0000,0.5817
692eaadec609aae267b279a2,69070e0b9adc5c8f26f55b5a,keep,-0.0875,,,0,140,142,0.9929,,,,0.4591,-0.6157,0.3578,0.5045,-0.0149
692ea2d5c7cb0e94dc84bb5f,69070e0b9adc5c8f26f55b5a,keep,-0.0875,,,0,96,98,0.9897,,,,0.3823,-0.0670,0.3004,0.0000,-0.1606
692ea4d899488ff84776f912,6903686e0e94ce070afd1f24,keep,-0.0876,,,2,108,110,0.9725,,,,-0.0564,-0.5570,0.2779,0.7091,0.5463
692ea40497ffd8ec9034015e,6903686e0e94ce070afd1f24,keep,-0.0876,,unsteady_camera,5,102,104,0.9417,,,,-0.4893,-0.5245,1.7931,0.0000,0.3410
692ea7b468228e362d909093,6871d6cd07c5fd75be83e337,keep,-0.0877,,,1,237,239,0.9916,,,,0.0341,-0.1228,0.6234,0.5075,-0.3841
692e8f4aaec602a46af10332,68696b41314bde44018fa510,keep,-0.0877,,poor_image,0,236,238,0.9958,,,,1.0409,-0.6680,-0.2849,0.0000,0.3396
692ea16596d2056439f017d0,6903686e0e94ce070afd1f24,keep,-0.0878,,,15,103,105,0.8462,,,,-0.1281,-0.2198,-0.0110,0.8924,0.2549
692ef516f59fd218b1be00e1,69150bf42756853dcad943f2,keep,-0.0878,,,4,169,171,0.9706,,,,0.4275,0.2551,0.0531,0.0000,-0.4622
692ead1bffdc0ca6345c435b,6846f7cf9cdf020d4a37a294,keep,-0.0882,,,15,203,205,0.9216,,,,-0.2308,0.4365,-0.2627,0.4425,0.1287
692ead81a0e165ab2e42e548,690cb8f69adc5c8f26f64201,keep,-0.0884,,,2,189,191,0.9842,,,,-0.2640,0.2518,0.5220,0.0000,0.1152
692eac8792a31767e35da3bb,69070e0b9adc5c8f26f55b5a,keep,-0.0884,,unsteady_camera,15,182,184,0.9126,,,,-0.2726,0.2572,1.0292,0.0000,-0.3870
692ea97cea43f09edf26f600,6903686e0e94ce070afd1f24,keep,-0.0886,,,0,103,105,0.9904,,,,0.4459,0.4523,-0.0714,0.0000,-0.6557
692ef221b07e0e30ff113288,690cb8f69adc5c8f26f64201,keep,-0.0887,,,1,189,191,0.9895,,,,0.2570,0.3243,-0.1872,0.0000,-0.0640
692ef6040ba268eb16564b0c,6903bd580e94ce070afd33cd,keep,-0.0888,,,3,211,226,0.9244,0.1908,2,0.6385,-0.6069,-0.4084,-0.1997,0.3578,0.3570
692ea4dc99488ff84776f935,6903686e0e94ce070afd1f24,keep,-0.0888,,,16,103,105,0.8365,,,,0.5301,-0.0534,-0.0627,0.0000,-0.0305
692eb119b8797912ff78a92b,6904b8d0466be157ec648ef1,keep,-0.0889,,hesitant,0,217,219,0.9954,,,,-0.7937,0.4582,-0.0639,1.0555,0.1340
692e9d4839719ab57395b7fe,6903bd580e94ce070afd33cd,keep,-0.0890,,,1,187,215,0.8692,,,,-0.5752,0.4438,0.0644,0.3471,0.4089
692e9ab9d3d807884d4dd61e,69150bf42756853dcad943f2,keep,-0.0892,,,1,122,124,0.9837,,,,-0.1297,0.4963,0.0385,0.0000,0.0357
692e9f8d39719ab57395b833,6871e269bc1991b1a1e463ba,keep,-0.0892,,,0,183,185,0.9946,,,,-0.0214,-0.3087,0.2190,0.9181,-0.0174
692eac0a96d2056439f01900,6871d82a1aaf88556f0c6041,keep,-0.0893,,,0,136,138,0.9927,,,,-0.1979,0.9120,0.0304,0.0000,-0.4763
692ea5b5dbc4294a49cc7265,690362600e94ce070afd1d30,keep,-0.0895,,,0,246,250,0.9880,,,,-0.3044,0.1891,0.0179,0.2042,0.5771
692ea8142fa9ba56c08f819b,69070e0b9adc5c8f26f55b5a,keep,-0.0899,,,3,129,131,0.9692,,,,-0.4291,0.7613,-0.0126,0.0000,0.1434
692eddda4cbe80983737fe07,690366b20e94ce070afd1e8a,keep,-0.0899,,,73,191,199,0.5960,,,,-0.3156,0.5606,-0.4219,-0.2938,0.9774
692ea887e2322e3b092b5eeb,6903b590466be157ec64580a,keep,-0.0900,,jittery,0,197,199,0.9949,,,,-0.1090,1.0152,-0.6292,-0.2128,0.1126
692e994d74b24813e7597415,69150bf42756853dcad943f2,keep,-0.0901,,,2,104,106,0.9714,,,,0.4442,0.1942,0.0092,0.0000,-0.3361
692eb00d1e78e176ba6cf9a3,6846f7cf9cdf020d4a37a294,keep,-0.0908,,,1,204,208,0.9807,,,,0.4153,0.5580,-0.1129,-0.4898,-0.2218
692e9f65727c13b350cb7bc1,69150bf42756853dcad943f2,keep,-0.0909,,incomplete,38,128,130,0.6977,,,,-0.7221,0.1331,0.3045,0.0000,1.2155
692ea25bf169106feb26ae04,6871e269bc1991b1a1e463ba,keep,-0.0912,,,2,232,234,0.9871,,,,0.3682,-0.0488,-0.1522,0.0000,0.3116
692ea25ad52427f961fa14d9,6871e269bc1991b1a1e463ba,keep,-0.0916,,,0,229,231,0.9957,,,,0.2622,-0.0149,0.1648,0.0000,0.1056
692eaed0ffdc0ca6345c4377,6903bd580e94ce070afd33cd,keep,-0.0916,,incomplete,67,189,203,0.6040,,,,0.1259,-0.4615,-0.2096,-0.3083,1.6625
692eabd34e86f0c01a207290,6903686e0e94ce070afd1f24,keep,-0.0916,,,1,90,92,0.9780,0.0806,3,0.7631,-0.1141,-0.6223,0.0079,0.0000,0.4688
692eaf0a854d0e0793875c7e,6871d82a1aaf88556f0c6041,keep,-0.0917,,,0,90,92,0.9890,,,,0.5865,0.0161,0.1692,0.0000,-0.4310
692eac2aaec602a46af10655,6903686e0e94ce070afd1f24,keep,-0.0918,,,5,97,99,0.9388,,,,0.7917,-0.2829,0.0367,0.0000,-0.1570
692ea4da99488ff84776f928,6903686e0e94ce070afd1f24,keep,-0.0919,,,0,103,105,0.9904,,,,-0.1281,-0.2218,0.1836,0.7432,0.2412
692ea305dbc4294a49cc721d,6871d82a1aaf88556f0c6041,keep,-0.0919,,,0,109,111,0.9909,,,,0.1716,0.0541,0.5373,0.0000,-0.2327
692ea1edb0d3d3c9d2606984,6903686e0e94ce070afd1f24,keep,-0.0920,,,0,92,94,0.9892,,,,0.7429,-0.4692,-0.1242,0.0000,0.3579
692ea5e968228e362d909037,6903b590466be157ec64580a,keep,-0.0920,,unsteady_camera,0,187,189,0.9947,,,,-0.7926,0.9540,1.0958,-0.2128,-0.4807
692ea601ea43f09edf26f5a2,6846f7cf9cdf020d4a37a294,keep,-0.0922,,unsteady_camera,0,168,170,0.9941,,,,-0.5511,-0.6492,2.1362,0.1805,0.1289
692ea33295aad87d3e3445b2,6903686e0e94ce070afd1f24,keep,-0.0925,,,0,128,130,0.9922,,,,-0.5032,0.1678,-0.1756,0.7195,0.6067
692ea7674e86f0c01a207239,6871d82a1aaf88556f0c6041,keep,-0.0926,,,0,162,164,0.9939,,,,-0.3404,0.7678,-0.2371,0.8933,-0.6491
692ea69baec602a46af10592,6903686e0e94ce070afd1f24,keep,-0.0927,,,1,95,97,0.9792,,,,-0.1390,-0.1515,0.4784,0.0000,0.6064
692eb06095aad87d3e3446ef,690364170e94ce070afd1da5,keep,-0.0930,,,0,218,220,0.9954,,,,0.2305,0.5510,-0.3039,-0.1530,-0.0646
692ea6a23b319da763b71af4,6903bd580e94ce070afd33cd,keep,-0.0930,,,2,187,220,0.8447,,,,0.5391,-0.2104,0.1183,-0.5342,0.5738
692e9828ea43f09edf26f448,6871e269bc1991b1a1e463ba,keep,-0.0930,,,0,210,218,0.9677,,,,0.6618,-0.4780,0.4561,0.2821,-0.3630
692e984a68bf0a1f462303f7,6871e269bc1991b1a1e463ba,keep,-0.0932,,unsteady_camera,1,201,209,0.9615,,,,0.1925,-0.8102,1.3842,0.5886,-0.3941
692eaa8ac7cb0e94dc84bc20,6903bd580e94ce070afd33cd,keep,-0.0932,,jittery,0,162,164,0.9939,,,,-0.5545,1.1402,0.6998,0.3429,-1.2686
692eabd1d52427f961fa15d3,6903686e0e94ce070afd1f24,keep,-0.0933,,,0,111,113,0.9911,,,,-0.3229,0.4585,-0.2093,0.0000,0.6592
692eae5895aad87d3e3446db,69036806466be157ec64477f,keep,-0.0933,,,23,217,227,0.8584,,,,0.0888,0.4694,0.6261,-0.4830,-0.3272
692e9e50b8797912ff78a763,6903bd580e94ce070afd33cd,keep,-0.0934,,incomplete,39,140,161,0.6312,,,,-0.3581,-0.5321,0.0603,0.6446,1.2842
692eaa0f424dbf22e75ed0d8,6846f7cf9cdf020d4a37a294,keep,-0.0934,,unsteady_camera,0,190,203,0.9406,,,,0.1466,-0.3913,1.5313,-0.7063,0.1962
692ef1f6245e918729007103,6846f7cf9cdf020d4a37a294,keep,-0.0935,,,3,197,202,0.9652,,,,0.1852,0.6225,-0.2391,-0.7063,0.3885
692eabd6c621d7f4aac3abba,68bc72d1fcdaacc405e3db53,keep,-0.0937,,,85,165,167,0.4819,,,,-0.1818,0.5621,-0.4820,0.1849,0.3823
692ed3f8f2e4e72c033b9973,6871e269bc1991b1a1e463ba,keep,-0.0937,,jittery,0,206,208,0.9952,0.2137,1,0.4006,-0.1241,1.1961,-0.7042,0.0000,0.5874
692eb06bc7cb0e94dc84bca1,690364170e94ce070afd1da5,keep,-0.0938,,,0,178,180,0.9944,,,,0.9616,-0.1790,0.1846,0.9796,-1.6814
692e9939f169106feb26acfa,6903686e0e94ce070afd1f24,keep,-0.0939,,,11,112,114,0.8938,,,,0.9413,-0.4279,-0.1050,0.0000,-0.0079
692ea9bcf169106feb26af1c,68bc72d1fcdaacc405e3db53,keep,-0.0939,,incomplete,61,168,173,0.6221,,,,0.0567,-0.0231,-0.0524,-0.3737,1.0332
692ea80d92a31767e35da334,6903686e0e94ce070afd1f24,keep,-0.0940,,,0,118,141,0.8429,,,,-0.2371,-0.0693,0.3482,0.0000,0.7691
692eaa5fd3d807884d4dd7af,6903686e0e94ce070afd1f24,keep,-0.0940,,,13,92,94,0.8495,,,,0.5705,-0.1360,-0.0458,0.0000,0.0521
692eafd5ffdc0ca6345c4399,69070e0b9adc5c8f26f55b5a,keep,-0.0943,,,25,121,123,0.7869,,,,-0.0955,-0.0684,0.7740,0.0000,0.1322
692ef15f45175992cd6a0d2a,6871d82a1aaf88556f0c6041,keep,-0.0944,,unsteady_camera,0,96,98,0.9897,,,,-0.1720,-0.2003,1.1161,0.0000,0.1033
692ea967727c13b350cb7cc9,6903686e0e94ce070afd1f24,keep,-0.0945,,incomplete,0,80,118,0.6838,,,,-0.0393,-0.6006,-0.0408,0.0000,1.6622
692e98927641010d04354570,690cb8f69adc5c8f26f64201,keep,-0.0946,,,1,189,191,0.9895,,,,-0.1108,-0.1931,0.7911,0.4009,-0.0736
692eaa5f7641010d04354715,69070e0b9adc5c8f26f55b5a,keep,-0.0947,,jittery,2,117,119,0.9746,,,,-0.0054,1.0665,0.1078,0.0000,-1.0367
692eabd3d52427f961fa15e8,6903686e0e94ce070afd1f24,keep,-0.0947,,hesitant,1,124,126,0.9840,,,,-0.3375,0.5342,0.0512,1.3608,-1.0442
692e9748ba0400c70689fcfa,69150bf42756853dcad943f2,keep,-0.0947,,,0,122,129,0.9531,,,,0.2640,0.1809,-0.0460,0.0000,0.0418
692ed7b14cbe80983737fdd1,6903b590466be157ec64580a,keep,-0.0948,,,3,193,206,0.9268,,,,0.1442,-0.6647,0.3143,0.1858,0.9446
692ea7f6f169106feb26aede,6903686e0e94ce070afd1f24,keep,-0.0949,,,29,89,91,0.6667,,,,-0.2380,0.3032,0.2631,0.0000,0.3036
692ea4da99488ff84776f927,6903686e0e94ce070afd1f24,keep,-0.0954,,,49,107,109,0.5370,,,,-0.1819,0.1784,-0.2443,0.0000,0.9173
692ea33295aad87d3e3445af,6903686e0e94ce070afd1f24,keep,-0.0956,,,12,91,94,0.8495,,,,-0.6276,0.2736,0.6826,0.8311,-0.3132
692ea7f6f169106feb26aee2,6903686e0e94ce070afd1f24,keep,-0.0957,,,8,99,101,0.9100,,,,0.0033,0.3630,0.1759,0.0000,-0.0552
692ed52d245e918729006f2e,690362600e94ce070afd1d30,keep,-0.0958,,,0,216,230,0.9432,,,,0.1146,0.5803,-0.4867,-0.3641,0.4791
692e99eaba0400c70689fd5a,68696b41314bde44018fa510,keep,-0.0959,,incomplete,6,206,214,0.9390,,,,-0.1021,-0.4773,-0.0937,0.0000,1.6344
692ea700c621d7f4aac3ab04,68696b41314bde44018fa510,keep,-0.0961,,,0,198,200,0.9950,,,,0.6327,0.4217,-0.4203,0.0000,-0.4886
692eaa77dfa4113987776a5f,6871e269bc1991b1a1e463ba,keep,-0.0962,,,0,182,184,0.9945,,,,0.1832,0.0361,-0.0455,0.0000,0.3897
692ea33595aad87d3e3445c6,6903686e0e94ce070afd1f24,keep,-0.0965,,,15,109,111,0.8545,,,,-0.0551,0.4570,0.3579,0.0000,-0.2854
692e9d8f9cebf0ec017ddbb5,6903a36c466be157ec64562d,keep,-0.0966,,unsteady_camera+hesitant,8,119,121,0.9250,,,,-0.9292,-0.5754,1.1947,2.0427,-0.3045
692eaa55a0e165ab2e42e4f2,690362600e94ce070afd1d30,keep,-0.0968,,,0,182,187,0.9785,,,,0.3269,-0.1216,-0.3869,0.4190,0.3373
692eab67567c97525f40154a,690362600e94ce070afd1d30,keep,-0.0968,,,5,319,321,0.9812,,,,-0.0894,0.5363,-0.0720,-0.3281,0.4077
692ea306dbc4294a49cc7221,6871d82a1aaf88556f0c6041,keep,-0.0968,,hesitant,0,105,107,0.9906,,,,-0.6003,0.2412,-0.0618,1.1967,0.0815
692eb06cc7cb0e94dc84bcaa,690364170e94ce070afd1da5,keep,-0.0968,,,0,196,198,0.9949,,,,0.7783,-0.1352,-0.1558,-0.5421,0.4112
692eae55c621d7f4aac3abdc,6846f7cf9cdf020d4a37a294,keep,-0.0969,,hesitant,1,174,182,0.9558,,,,0.3507,-1.0170,-0.0371,1.3029,0.4120
692e99dd6974927fef249bc7,69150bf42756853dcad943f2,keep,-0.0971,,,2,110,114,0.9558,0.1260,1,0.9895,-0.0675,0.0885,0.4692,0.0000,0.3245
692ea2d5c7cb0e94dc84bb5d,69070e0b9adc5c8f26f55b5a,keep,-0.0971,,hesitant,3,93,95,0.9574,,,,0.0156,-0.7587,0.3096,1.2278,0.2570
692ea7539cebf0ec017ddcd2,69036806466be157ec64477f,keep,-0.0971,,hesitant,53,139,196,0.4410,,,,-0.4390,-0.6522,0.6232,1.0588,0.6348
692eac515cd6df8b6023caad,690cb8f69adc5c8f26f64201,keep,-0.0972,,,0,185,187,0.9946,,,,-0.0500,0.2513,-0.1601,0.6705,-0.1321
692ea2f8854d0e0793875b45,69070e0b9adc5c8f26f55b5a,keep,-0.0973,,,0,101,103,0.9902,,,,0.3315,0.3697,-0.2309,0.0000,-0.1398
692ea5ffea43f09edf26f592,6846f7cf9cdf020d4a37a294,keep,-0.0974,,,26,184,186,0.8541,,,,-0.6119,0.0683,-0.2505,0.7750,0.9726
692eab3397ffd8ec90340213,69070e0b9adc5c8f26f55b5a,keep,-0.0976,,,3,131,138,0.9343,0.1178,1,0.9373,-0.3028,-0.5357,-0.1588,0.0000,0.7974
692ea1efb0d3d3c9d260698e,6903686e0e94ce070afd1f24,keep,-0.0977,,,1,93,95,0.9787,,,,0.5546,-0.7736,0.4423,0.0000,0.5698
692ea137b77ab81b8b41edd0,68696b41314bde44018fa510,keep,-0.0977,,,0,198,201,0.9900,,,,0.3174,-0.1322,-0.0972,0.0000,0.5033
692e9ab7d3d807884d4dd60d,69150bf42756853dcad943f2,keep,-0.0977,,,0,107,109,0.9907,,,,0.1141,0.2996,-0.0871,0.0000,0.1503
692ea308dbc4294a49cc7233,6871d82a1aaf88556f0c6041,keep,-0.0979,,,0,119,121,0.9917,,,,0.3387,0.1431,0.0395,0.0000,-0.0771
692ea6d81e78e176ba6cf8e9,69070e0b9adc5c8f26f55b5a,keep,-0.0979,,,0,163,165,0.9939,,,,0.8884,-0.2763,0.2691,0.0000,-0.5020
692e98f040338017b7f997db,6871d82a1aaf88556f0c6041,keep,-0.0979,,,0,99,101,0.9900,,,,-0.3706,0.5017,0.5945,0.0000,-0.1056
692ea1ab3b319da763b71a43,69070e0b9adc5c8f26f55b5a,keep,-0.0982,,,9,164,169,0.9226,,,,-0.1887,-0.6595,0.3994,0.8469,0.7135
692eab63424dbf22e75ed0f7,68696b41314bde44018fa510,keep,-0.0983,,,1,213,217,0.9815,,,,0.1013,0.2816,-0.4787,0.0000,0.5922
692e9b9faf371a654ce7fca6,670be6761e62a52f6a35360d,keep,-0.0987,,poor_image,1,227,229,0.9912,,,,1.1266,-0.0309,0.2401,-0.1497,-1.0433
692eac992c8fefa9948e8eb6,6903b590466be157ec64580a,keep,-0.0988,,incomplete,37,191,193,0.8021,,,,0.0615,-0.0195,-0.3668,-0.2128,1.2083
692eacc14e7eab2cafd26a0e,6903686e0e94ce070afd1f24,keep,-0.0988,,,0,104,106,0.9905,,,,0.1748,0.0407,0.1426,0.0000,0.2261
692ea9c11e78e176ba6cf919,6903bd580e94ce070afd33cd,keep,-0.0990,,,0,219,221,0.9955,,,,-0.3974,0.7309,-0.0418,0.4055,-0.1713
692eafd7eee2f8cb10d0f8de,6846f7cf9cdf020d4a37a294,keep,-0.0992,,,0,211,213,0.9953,,,,0.4217,0.1063,-0.3457,0.4234,-0.1757
692ea775dfa41139877769ed,6903686e0e94ce070afd1f24,keep,-0.0993,,,4,94,96,0.9474,,,,-0.3007,0.5638,-0.1589,0.0000,0.4594
692ea32f5aae241ad236ed10,6903686e0e94ce070afd1f24,keep,-0.0994,,incomplete,50,130,132,0.6107,,,,-0.1930,-0.2384,0.2105,0.0000,1.1323
692ea63a3b319da763b71ad9,69070e0b9adc5c8f26f55b5a,keep,-0.0994,,,0,130,132,0.9924,,,,0.4570,-0.5405,0.7482,0.0000,0.0731
692e9fa292a31767e35da234,69150bf42756853dcad943f2,keep,-0.0997,,,21,144,146,0.8483,,,,-0.1407,0.2085,0.1753,0.0000,0.4210
692eaead40338017b7f99a0b,6903686e0e94ce070afd1f24,keep,-0.0997,,,2,115,117,0.9741,,,,0.6306,0.1491,-0.0676,0.0000,-0.4039
692ea775dfa41139877769ea,6903686e0e94ce070afd1f24,keep,-0.0998,,,11,97,99,0.8776,,,,0.4384,0.1167,0.1412,0.0000,-0.2756
692eadecc609aae267b279f7,68bc72d1fcdaacc405e3db53,keep,-0.0998,,,13,152,176,0.7943,,,,0.7191,-0.3426,-0.4080,0.0118,0.5297
692eabd3d52427f961fa15e3,6903686e0e94ce070afd1f24,keep,-0.1003,,,0,112,114,0.9912,,,,0.1649,0.0754,-0.1288,0.0000,0.4705
692eaa846974927fef249d03,6903b590466be157ec64580a,keep,-0.1003,,,6,159,161,0.9563,,,,0.2139,-0.1480,0.4112,0.2979,-0.1054
692e98947641010d04354580,690cb8f69adc5c8f26f64201,keep,-0.1004,,unsteady_camera+hesitant,0,207,212,0.9810,,,,-0.7292,-0.3364,1.2967,1.0176,-0.0132
692eaa88727c13b350cb7d00,690362600e94ce070afd1d30,keep,-0.1005,,poor_image,0,266,270,0.9888,,,,1.0090,-0.0616,0.8593,-0.6342,-0.9424
692eaec5f169106feb26afc2,6871d82a1aaf88556f0c6041,keep,-0.1006,,,0,94,96,0.9895,,,,0.1420,0.6162,-0.2135,0.0000,-0.2197
692ea6ffc621d7f4aac3aaff,68696b41314bde44018fa510,keep,-0.1007,,,1,167,169,0.9881,,,,0.9788,-0.3180,-0.5656,0.0000,0.2788
692e9ab8d3d807884d4dd618,69150bf42756853dcad943f2,keep,-0.1007,,,0,132,135,0.9851,,,,-0.3724,0.6390,-0.1456,0.2418,0.2087
692ea5eb68228e362d909048,6903b590466be157ec64580a,keep,-0.1008,,,50,143,145,0.6458,,,,0.8207,-0.7790,-0.0115,-0.2128,0.8676
692ead5d3019385fbbf56846,6846f7cf9cdf020d4a37a294,keep,-0.1010,,,10,193,195,0.9433,0.0628,3,0.9945,0.2260,-0.2873,0.0007,-0.2443,-0.1460
692eadf9b8797912ff78a896,69036806466be157ec64477f,keep,-0.1011,,,96,197,204,0.4975,,,,0.6138,-0.4250,-0.0700,0.0455,0.4489
692ea9b0b77ab81b8b41eec2,69036806466be157ec64477f,keep,-0.1012,,,81,195,197,0.5816,,,,-0.2503,0.5640,0.5329,0.0739,-0.3687
692ea9feaec602a46af10600,6871d82a1aaf88556f0c6041,keep,-0.1012,,,0,92,94,0.9892,,,,-0.1307,0.5618,0.5235,0.0000,-0.4615
692e984b68bf0a1f462303fc,6871e269bc1991b1a1e463ba,keep,-0.1013,,hesitant,0,215,217,0.9954,,,,-0.4040,0.3492,-0.2125,1.7795,-0.7761
692e94feaf371a654ce7fbec,6871e269bc1991b1a1e463ba,keep,-0.1014,,,0,163,165,0.9939,,,,0.0087,0.5425,-0.4706,0.6568,-0.3033
692ea600ea43f09edf26f59e,6846f7cf9cdf020d4a37a294,keep,-0.1015,,incomplete,79,157,177,0.4432,,,,-0.1027,-0.9780,0.2620,0.0576,2.0119
692e9a5a2fa9ba56c08f804d,6903686e0e94ce070afd1f24,keep,-0.1017,,unsteady_camera,8,93,95,0.9043,0.1162,2,0.4774,0.2220,-0.4490,1.0749,0.0000,-0.4586
692eac0839719ab57395b96f,6903b590466be157ec64580a,keep,-0.1017,,,1,197,199,0.9899,,,,0.0000,0.1650,0.2527,0.1532,0.0584
692ef220b07e0e30ff11327f,690cb8f69adc5c8f26f64201,keep,-0.1018,,,0,200,202,0.9950,,,,-0.1511,0.0331,-0.0446,0.9995,-0.0655
692ea4c4b05428c72fb37529,6871d6cd07c5fd75be83e337,keep,-0.1021,,jittery+unsteady_camera,0,220,222,0.9955,,,,-0.8900,1.4162,1.0681,-0.2684,-0.8745
692e9d4839719ab57395b800,6903bd580e94ce070afd33cd,keep,-0.1023,,hesitant,0,146,174,0.8439,,,,-0.8824,0.2277,-0.0042,1.1884,0.5140
692ea2d6c7cb0e94dc84bb68,69070e0b9adc5c8f26f55b5a,keep,-0.1024,,hesitant,1,100,102,0.9802,,,,0.3197,0.1423,0.5077,1.1427,-1.6266
692eaead40338017b7f99a0d,6903686e0e94ce070afd1f24,keep,-0.1025,,poor_image,6,101,103,0.9314,,,,1.2189,-0.3921,-0.1548,0.0000,-0.3681
692ea2f9854d0e0793875b49,69070e0b9adc5c8f26f55b5a,keep,-0.1025,,,3,95,97,0.9583,,,,-0.0659,0.9679,0.0598,0.0000,-0.6951
692ea97bea43f09edf26f5fa,6903686e0e94ce070afd1f24,keep,-0.1026,,,2,122,124,0.9756,,,,0.2035,0.4455,0.0175,0.0000,-0.2730
692ea165e2322e3b092b5de0,6871d82a1aaf88556f0c6041,keep,-0.1027,,incomplete,0,100,104,0.9709,,,,0.7469,-0.8655,-0.2054,0.0000,1.1021
692eafd4ffdc0ca6345c438f,69070e0b9adc5c8f26f55b5a,keep,-0.1028,,,2,143,149,0.9527,,,,0.1962,-0.3571,-0.1535,0.9613,0.1531
692ef634b07e0e30ff1132cd,69036806466be157ec64477f,keep,-0.1029,,,62,196,224,0.6009,,,,-0.0570,-0.0732,-0.1205,0.7365,0.2995
692e98ef40338017b7f997d3,6871d82a1aaf88556f0c6041,keep,-0.1029,,,0,117,119,0.9915,,,,-0.1739,0.4847,0.8790,0.0000,-0.6249
692eaff4e2322e3b092b5fb3,6846f7cf9cdf020d4a37a294,keep,-0.1029,,unsteady_camera,0,180,182,0.9945,,,,-0.1521,-0.2582,2.0804,-0.7063,-0.0381
692eae3f3b319da763b71bba,6846f7cf9cdf020d4a37a294,keep,-0.1032,,,2,226,228,0.9868,,,,0.9238,-0.6166,-0.2093,0.1060,0.3648
692ea6ffc621d7f4aac3ab01,68696b41314bde44018fa510,keep,-0.1032,,,0,195,197,0.9949,,,,0.3084,0.0051,0.2473,0.0000,0.0050
692eace31e78e176ba6cf95e,6903bd580e94ce070afd33cd,keep,-0.1034,,poor_image,8,137,146,0.8897,,,,1.7907,-0.9795,0.8470,0.1370,-1.4773
692ea8f4c621d7f4aac3ab7b,6903b590466be157ec64580a,keep,-0.1035,,incomplete,8,196,226,0.8356,,,,-0.1886,-0.4407,-0.0781,0.6129,1.1336
692ea5c8d3d807884d4dd763,68bc72d1fcdaacc405e3db53,keep,-0.1039,,hesitant,53,153,207,0.4854,,,,-1.2899,0.1036,0.8498,1.0790,0.5775
692e9b2caf371a654ce7fc8e,6903bd580e94ce070afd33cd,keep,-0.1040,,,0,161,166,0.9758,,,,-0.1441,0.6073,-0.1720,0.0556,0.1492
692eafd4ffdc0ca6345c4391,69070e0b9adc5c8f26f55b5a,keep,-0.1041,,,2,146,149,0.9730,,,,-0.1896,0.1832,0.4548,0.4807,-0.1975
692eabd5c621d7f4aac3abb0,68bc72d1fcdaacc405e3db53,keep,-0.1041,,,17,184,186,0.9027,,,,-0.3674,0.4384,0.7524,0.2416,-0.3719
692eb3e16974927fef249d99,6903686e0e94ce070afd1f24,keep,-0.1041,,,0,107,112,0.9640,,,,0.4878,-0.4679,0.0207,0.0000,0.6781
692ea63b3b319da763b71ade,69070e0b9adc5c8f26f55b5a,keep,-0.1044,,,3,121,123,0.9672,,,,-0.4525,0.6919,0.5136,0.5831,-0.7254
692ea94ca0e165ab2e42e4de,6903b590466be157ec64580a,keep,-0.1044,,incomplete,30,219,235,0.8077,,,,0.2743,-0.4426,0.1715,-0.2128,1.0244
692ea8a096d2056439f01885,6903b590466be157ec64580a,keep,-0.1044,,,1,187,189,0.9894,,,,0.6050,0.1113,0.3324,-0.2128,-0.4633
692e9b37b77ab81b8b41ed25,6903bd580e94ce070afd33cd,keep,-0.1045,,jittery,0,195,197,0.9949,,,,-0.3195,1.5249,0.8143,-0.3013,-1.5892
692ea30640338017b7f998d9,6903686e0e94ce070afd1f24,keep,-0.1046,,incomplete,46,114,116,0.5913,,,,-0.4837,0.0880,0.1828,0.0000,1.1429
692ea672dbc4294a49cc7281,6871e269bc1991b1a1e463ba,keep,-0.1047,,,0,194,196,0.9949,,,,-0.3010,-0.0326,0.3383,0.5524,0.3422
692eae5895aad87d3e3446d8,69036806466be157ec64477f,keep,-0.1050,,unsteady_camera,0,188,190,0.9947,,,,0.2245,0.0610,1.2250,-0.0523,-0.8658
692ea8fb727c13b350cb7cc2,6903bd580e94ce070afd33cd,keep,-0.1052,,,0,157,159,0.9937,,,,0.4310,0.8907,0.0725,-0.2453,-1.0736
692ea16696d2056439f017e0,6903686e0e94ce070afd1f24,keep,-0.1053,,,9,102,104,0.9029,,,,-0.0641,0.1192,0.5457,0.0000,0.1085
692ef6050ba268eb16564b1c,6903bd580e94ce070afd33cd,keep,-0.1054,,hesitant,0,221,226,0.9822,,,,-0.4741,0.1871,0.0849,1.0469,0.0363
692eb303ea43f09edf26f6a9,6871d82a1aaf88556f0c6041,keep,-0.1058,,,0,93,95,0.9894,,,,0.6248,0.0619,-0.1923,0.0000,-0.0971
692eac7474b24813e7597623,68bc72d1fcdaacc405e3db53,keep,-0.1058,,,6,199,203,0.9554,,,,0.2396,0.5742,-0.0652,-0.3737,-0.0409
692ea30740338017b7f998dc,6903686e0e94ce070afd1f24,keep,-0.1059,,unsteady_camera,0,92,94,0.9892,,,,-0.3983,-0.9645,1.6535,0.8311,0.3006
692eaa10424dbf22e75ed0dc,6846f7cf9cdf020d4a37a294,keep,-0.1060,,,0,178,180,0.9944,,,,0.1632,0.7610,-0.3829,0.3526,-0.6144
692eaea840338017b7f999fc,6903686e0e94ce070afd1f24,keep,-0.1060,,,0,99,103,0.9706,,,,0.5067,0.0239,0.0692,0.0000,-0.1231
692ef6060ba268eb16564b1e,6903bd580e94ce070afd33cd,keep,-0.1061,,,0,179,204,0.8818,,,,-0.0537,0.1600,0.1512,0.1998,0.2323
692ea7b368228e362d90908c,6871d6cd07c5fd75be83e337,keep,-0.1065,,,0,206,208,0.9952,0.0778,2,0.7774,-0.1570,0.4707,-0.4691,-0.2684,0.0161
692e9d4839719ab57395b801,6903bd580e94ce070afd33cd,keep,-0.1066,,unsteady_camera,0,142,161,0.8875,,,,-0.0627,-0.1940,1.8938,0.3215,-1.0843
692ea26aaf371a654ce7fd39,68696b41314bde44018fa510,keep,-0.1069,,hesitant,0,177,179,0.9944,,,,-0.4905,-0.0860,-0.2610,2.0000,-0.1256
692eac88eee2f8cb10d0f8ac,6903b590466be157ec64580a,keep,-0.1071,,,0,184,186,0.9946,,,,0.3230,0.4330,-0.0943,-0.2128,-0.0770
692e98ee40338017b7f997c7,6871d82a1aaf88556f0c6041,keep,-0.1071,,,0,119,121,0.9917,,,,-0.2033,0.2916,0.4585,0.0000,0.1591
692ea3315aae241ad236ed34,6903686e0e94ce070afd1f24,keep,-0.1075,,,10,122,124,0.9106,,,,0.5649,-0.1297,0.2140,0.0000,-0.1140
692eac8692a31767e35da3ad,69070e0b9adc5c8f26f55b5a,keep,-0.1076,,unsteady_camera,8,128,130,0.9302,,,,-0.3022,-0.4802,1.7987,0.0000,0.1284
692eab0bb0d3d3c9d2606a6d,68bc72d1fcdaacc405e3db53,keep,-0.1079,,,65,155,157,0.5769,,,,-0.2132,-0.0396,-0.0505,0.5179,0.6670
692eabd2d52427f961fa15de,6903686e0e94ce070afd1f24,keep,-0.1082,,,11,121,123,0.9016,,,,0.1704,0.3541,-0.0965,0.6335,-0.5665
692ea3b895aad87d3e3445cc,6871d82a1aaf88556f0c6041,keep,-0.1084,,unsteady_camera,0,110,112,0.9910,,,,-0.4279,-0.4745,1.8558,0.0000,0.2564
692ef163f2e4e72c033b9b2e,690cb8f69adc5c8f26f64201,keep,-0.1084,,,0,163,165,0.9939,,,,0.2165,-0.0431,0.0050,0.3802,0.1136
692ea22db0d3d3c9d26069a3,68bc72d1fcdaacc405e3db53,keep,-0.1087,,jittery,1,164,166,0.9879,,,,0.2964,1.0822,-0.2701,0.3927,-1.4299
692ea8122fa9ba56c08f818d,69070e0b9adc5c8f26f55b5a,keep,-0.1090,,,4,133,135,0.9627,,,,-0.2705,0.6835,-0.1270,0.0000,0.2704
692ef1f7245e91872900710b,6846f7cf9cdf020d4a37a294,keep,-0.1093,,,0,206,208,0.9952,,,,0.3783,0.1050,-0.0087,-0.0568,0.1059
692ea6d81e78e176ba6cf8e5,69070e0b9adc5c8f26f55b5a,keep,-0.1094,,,2,170,172,0.9825,,,,-0.2611,0.8163,-0.2024,0.0000,0.1354
692ea5377641010d043546ca,6871d82a1aaf88556f0c6041,keep,-0.1096,,,0,106,108,0.9907,,,,0.0558,0.5128,0.0731,0.0000,-0.1587
692eb00f1e78e176ba6cf9b0,6846f7cf9cdf020d4a37a294,keep,-0.1100,,jittery,0,212,214,0.9953,,,,-0.2817,1.6186,-0.1711,-0.2855,-0.7789
692eaa846974927fef249d02,6903b590466be157ec64580a,keep,-0.1100,,,0,184,206,0.8976,,,,-0.1960,-0.2100,0.5279,0.3400,0.5109
692eaeae40338017b7f99a0f,6903686e0e94ce070afd1f24,keep,-0.1100,,,18,94,96,0.8000,,,,0.3160,-0.1466,0.1047,0.0000,0.4111
692ea269af371a654ce7fd30,68696b41314bde44018fa510,keep,-0.1101,,unsteady_camera+hesitant,0,210,212,0.9953,,,,-0.3635,0.1147,1.0814,1.1484,-1.0860
692f19fd5cec8e06f0b2dc42,69070e0b9adc5c8f26f55b5a,keep,-0.1101,,,0,184,192,0.9634,,,,0.3127,-0.2383,0.0644,0.0000,0.5945
692ea1ecb0d3d3c9d2606974,6903686e0e94ce070afd1f24,keep,-0.1102,,,0,96,98,0.9897,,,,-0.3639,0.1645,-0.0702,0.7968,0.3438
692eaeacc7cb0e94dc84bc52,6871d6cd07c5fd75be83e337,keep,-0.1105,,hesitant,9,211,213,0.9528,,,,-0.2929,-0.2028,-0.2743,1.1990,0.5926
692eaa04c7cb0e94dc84bbef,68bc72d1fcdaacc405e3db53,keep,-0.1107,,,0,129,174,0.7457,,,,0.1426,-0.1292,-0.7041,0.7961,0.6628
692eb303ea43f09edf26f6a4,6871d82a1aaf88556f0c6041,keep,-0.1108,,,0,93,95,0.9894,,,,0.2400,0.2056,0.0109,0.0000,0.0960
692eae803019385fbbf5686b,690366b20e94ce070afd1e8a,keep,-0.1108,,,22,188,191,0.8737,,,,-0.3456,0.1756,0.3710,0.4907,0.1689
692ea8fa727c13b350cb7cae,6903bd580e94ce070afd33cd,keep,-0.1110,,,2,136,179,0.7528,,,,0.3676,-0.3904,-0.0063,0.2350,0.5824
692eab3497ffd8ec90340217,69070e0b9adc5c8f26f55b5a,keep,-0.1112,,,3,141,143,0.9718,,,,-0.2492,0.6531,-0.1776,0.0000,0.3501
692ea25ad52427f961fa14d8,6871e269bc1991b1a1e463ba,keep,-0.1112,,,0,160,162,0.9938,,,,0.7967,-0.4004,-0.3968,0.0000,0.5810
692e9ee6c7cb0e94dc84badc,6903686e0e94ce070afd1f24,keep,-0.1113,,,0,104,107,0.9811,,,,0.9184,-0.4254,-0.2310,0.0000,0.2708
692eab3de2322e3b092b5f5f,6903bd580e94ce070afd33cd,keep,-0.1115,,,18,154,157,0.8718,,,,0.2231,0.0441,0.2003,-0.2029,0.3826
692ef548245e918729007150,690cb8f69adc5c8f26f64201,keep,-0.1116,,incomplete,0,138,198,0.7005,,,,-0.7976,-0.4332,0.4895,0.0000,2.1380
692ea51da0e165ab2e42e47d,6871d6cd07c5fd75be83e337,keep,-0.1117,,,0,225,227,0.9956,,,,0.1955,-0.2071,-0.3703,0.4199,0.7498
692e9dc168228e362d908f7e,6903686e0e94ce070afd1f24,keep,-0.1118,,,4,118,120,0.9580,,,,0.6489,0.0320,0.0816,0.0000,-0.3204
692eddda4cbe80983737fe0d,690366b20e94ce070afd1e8a,keep,-0.1120,,incomplete,79,195,200,0.5829,,,,-0.6019,0.8008,-0.2712,-0.2938,1.0504
692e9b451e78e176ba6cf7ab,6903bd580e94ce070afd33cd,keep,-0.1121,,incomplete,53,162,179,0.6124,,,,-0.3844,-0.0881,-0.2580,0.3029,1.4487
692e99db6974927fef249bbb,69150bf42756853dcad943f2,keep,-0.1122,,unsteady_camera,16,131,136,0.8519,,,,-0.5258,-0.1417,1.1385,0.0000,0.6479
692e9d3ea0e165ab2e42e3ca,6903686e0e94ce070afd1f24,keep,-0.1124,,,0,138,140,0.9928,,,,-0.3062,0.4976,-0.1599,0.0000,0.6594
692e9828ea43f09edf26f446,6871e269bc1991b1a1e463ba,keep,-0.1124,,hesitant,2,196,204,0.9557,,,,0.1718,-0.5238,0.1837,1.1338,-0.0028
692ea309dbc4294a49cc723c,6871d82a1aaf88556f0c6041,keep,-0.1125,,,3,105,107,0.9623,,,,-0.1209,0.0967,0.3197,0.0000,0.5040
692ef055245e9187290070d9,6846f7cf9cdf020d4a37a294,keep,-0.1126,,unsteady_camera,3,198,200,0.9799,,,,0.0124,0.6226,1.1233,0.4197,-1.7077
692ea713af371a654ce7fdb5,6871d6cd07c5fd75be83e337,keep,-0.1126,,,0,235,237,0.9958,,,,0.2690,-0.1600,0.2213,0.3907,0.0129
692eac2faec602a46af10678,6903686e0e94ce070afd1f24,keep,-0.1127,,,0,91,93,0.9891,,,,0.3450,-0.1010,-0.1309,0.0000,0.5536
692ea5ffea43f09edf26f593,6846f7cf9cdf020d4a37a294,keep,-0.1128,,,0,186,188,0.9947,,,,-0.3147,0.5349,0.3622,0.2523,-0.1554
692ea479e2322e3b092b5e65,6871d82a1aaf88556f0c6041,keep,-0.1128,,incomplete,6,125,127,0.9444,,,,-0.3431,0.4012,-0.3581,0.0000,1.0606
692ea7e42fa9ba56c08f817c,69038b590e94ce070afd2952,keep,-0.1129,,,19,192,194,0.8964,,,,-0.0209,0.4498,-0.0451,-0.0318,0.2241
692ea7694e86f0c01a207242,6871d82a1aaf88556f0c6041,keep,-0.1135,,,0,112,114,0.9912,,,,0.3304,-0.0277,0.3489,0.0000,-0.0088
692e994d74b24813e7597418,69150bf42756853dcad943f2,keep,-0.1135,,,26,122,127,0.7619,,,,-0.1123,-0.3391,0.5010,0.0000,0.9704
692ef15f45175992cd6a0d32,6871d82a1aaf88556f0c6041,keep,-0.1136,,poor_image,0,106,108,0.9907,,,,1.6488,-0.9296,0.2908,0.0000,-0.5747
692ea775dfa41139877769e7,6903686e0e94ce070afd1f24,keep,-0.1136,,poor_image,3,92,94,0.9570,,,,1.1148,-0.8976,0.1977,0.0000,0.2718
692ea3315aae241ad236ed2a,6903686e0e94ce070afd1f24,keep,-0.1137,,,0,111,113,0.9911,,,,0.4650,-0.2840,-0.0428,0.0000,0.5673
692eac2eaec602a46af10674,6903686e0e94ce070afd1f24,keep,-0.1138,,,1,96,98,0.9794,,,,0.4105,-0.3316,0.1324,0.0000,0.5457
692eaa172fa9ba56c08f81b8,69150bf42756853dcad943f2,keep,-0.1139,,jittery,0,162,164,0.9939,,,,-0.3281,1.1156,0.1774,0.0000,-0.5615
692ea286dfa4113987776970,6871d82a1aaf88556f0c6041,keep,-0.1140,,,0,106,108,0.9907,,,,0.8978,-0.0254,-0.1959,0.0000,-0.3147
692e9fa297ffd8ec9034012f,69150bf42756853dcad943f2,keep,-0.1140,,incomplete,0,93,137,0.6838,,,,0.0729,-0.7455,-0.1343,0.6475,1.2939
692eac992c8fefa9948e8eba,6903b590466be157ec64580a,keep,-0.1147,,,5,159,161,0.9625,,,,0.3011,0.0930,0.4554,-0.2128,-0.0308
692eaf5274b24813e759765e,6846f7cf9cdf020d4a37a294,keep,-0.1147,,unsteady_camera,0,192,194,0.9948,,,,-0.0913,0.0446,1.4006,-0.4741,-0.0532
692eaff5e2322e3b092b5fba,6846f7cf9cdf020d4a37a294,keep,-0.1150,,,21,167,169,0.8690,,,,0.1059,-0.2174,-0.3263,0.4526,0.8461
692ea80f92a31767e35da345,6903686e0e94ce070afd1f24,keep,-0.1150,,,45,116,118,0.6068,,,,0.2196,-0.1882,0.0343,0.0000,0.7240
692eab66d3d807884d4dd7e6,69070e0b9adc5c8f26f55b5a,keep,-0.1151,,,2,155,158,0.9745,,,,0.0122,-0.0157,0.5269,0.0000,0.2844
692ea30740338017b7f998de,6903686e0e94ce070afd1f24,keep,-0.1152,,unsteady_camera,0,97,99,0.9898,,,,-0.2868,-0.5149,1.6902,0.0000,0.3188
692eab64424dbf22e75ed0ff,68696b41314bde44018fa510,keep,-0.1153,,,0,188,190,0.9947,,,,-0.0666,-0.1593,0.8754,0.0000,0.2707
692eeeb00ba268eb16564a8e,69150bf42756853dcad943f2,keep,-0.1153,,,2,159,173,0.9128,,,,0.4612,-0.5495,-0.1121,0.5120,0.5399
692eaa647641010d0435472f,69070e0b9adc5c8f26f55b5a,keep,-0.1156,,,0,105,107,0.9906,,,,0.0513,0.3756,0.4260,0.0000,-0.2571
692ea032424dbf22e75ecfdd,6903bd580e94ce070afd33cd,keep,-0.1157,,hesitant,0,148,169,0.8810,,,,-0.4128,-0.2729,0.0633,1.5474,0.2277
692e9b2daf371a654ce7fc95,6903bd580e94ce070afd33cd,keep,-0.1159,,,0,159,161,0.9938,,,,0.0078,0.2340,0.0579,0.6068,-0.2161
692ea33595aad87d3e3445c4,6903686e0e94ce070afd1f24,keep,-0.1159,,,47,116,118,0.5897,,,,-0.5831,0.5205,-0.3221,0.7933,0.4339
692eaa60d3d807884d4dd7b7,6903686e0e94ce070afd1f24,keep,-0.1161,,,27,98,100,0.7172,,,,-0.0718,-0.0751,0.2943,0.0000,0.7389
692ea40397ffd8ec90340154,6903686e0e94ce070afd1f24,keep,-0.1163,,unsteady_camera,0,101,103,0.9902,,,,0.2289,-0.7776,1.9342,0.0000,-0.2970
692ea4db99488ff84776f932,6903686e0e94ce070afd1f24,keep,-0.1164,,,1,103,105,0.9808,,,,0.5147,-0.6681,0.6529,0.0000,0.3918
692e9a5a2fa9ba56c08f8053,6903686e0e94ce070afd1f24,keep,-0.1164,,,32,89,93,0.6196,,,,0.0923,-0.2494,0.2391,0.0000,0.8116
692e9b2daf371a654ce7fc93,6903bd580e94ce070afd33cd,keep,-0.1167,,,0,133,157,0.8526,,,,0.3260,-0.8097,0.2698,0.7523,0.5201
692ea1d468bf0a1f462304eb,690cb8f69adc5c8f26f64201,keep,-0.1167,,,0,200,210,0.9569,,,,-0.2046,0.1391,0.1896,0.2984,0.4272
692ea306dbc4294a49cc7225,6871d82a1aaf88556f0c6041,keep,-0.1168,,,3,103,105,0.9615,,,,0.3519,-0.2631,0.0318,0.0000,0.6529
692ea306dbc4294a49cc7222,6871d82a1aaf88556f0c6041,keep,-0.1172,,,0,112,114,0.9912,,,,-0.0972,0.4271,0.3506,0.0000,-0.0251
692eaa5fd3d807884d4dd7aa,6903686e0e94ce070afd1f24,keep,-0.1176,,hesitant,0,99,101,0.9900,,,,-0.5040,-0.1315,0.0506,1.5458,0.1800
692ea81392a31767e35da35a,6903686e0e94ce070afd1f24,keep,-0.1176,,,0,105,107,0.9906,,,,-0.0184,0.4092,-0.0113,0.0000,0.2484
692ea33495aad87d3e3445bc,6903686e0e94ce070afd1f24,keep,-0.1177,,,0,112,114,0.9912,,,,-0.2914,0.5596,-0.2345,0.0000,0.6564
692ea700c621d7f4aac3ab03,68696b41314bde44018fa510,keep,-0.1178,,hesitant,0,156,158,0.9936,,,,0.3862,-0.4360,0.0441,1.1245,-0.2695
692eb3e06974927fef249d8f,6903686e0e94ce070afd1f24,keep,-0.1178,,,5,104,106,0.9429,,,,0.3025,-0.3612,0.1596,0.0000,0.7531
692ea9bdf169106feb26af21,68bc72d1fcdaacc405e3db53,keep,-0.1180,,,34,210,212,0.8341,,,,0.3891,0.5245,-0.4922,0.0059,-0.0581
692eac0839719ab57395b96b,6903b590466be157ec64580a,keep,-0.1180,,poor_image,0,159,161,0.9938,,,,1.0797,-0.1752,0.0475,0.6929,-1.2710
692ea4e592a31767e35da2ff,690366b20e94ce070afd1e8a,keep,-0.1180,,incomplete,78,167,183,0.4890,,,,-0.1344,-0.0420,-0.0138,-0.2938,1.3984
692ea99f92a31767e35da377,690364170e94ce070afd1da5,keep,-0.1182,,,13,231,233,0.9397,,,,0.5241,-0.0997,0.1094,-0.1905,0.2717
692ea5f4eee2f8cb10d0f7e1,69150bf42756853dcad943f2,keep,-0.1182,,hesitant,0,125,129,0.9766,,,,0.7209,-0.9714,0.1182,1.3760,-0.2912
692ef547245e918729007145,690cb8f69adc5c8f26f64201,keep,-0.1182,,hesitant,2,208,210,0.9856,,,,-0.6866,-0.2496,-0.1706,2.3531,0.0494
692ea4da74b24813e759755c,690cb8f69adc5c8f26f64201,keep,-0.1187,,unsteady_camera,0,185,191,0.9737,,,,-0.7278,0.0708,1.7052,0.3282,-0.2167
692eac9a2c8fefa9948e8ebd,6903b590466be157ec64580a,keep,-0.1190,,,0,186,188,0.9947,,,,-0.3214,0.4732,0.6746,0.4426,-0.5116
692eabdf4e86f0c01a2072b7,6846f7cf9cdf020d4a37a294,keep,-0.1194,,,31,171,173,0.8140,,,,0.1838,0.0155,-0.2621,0.3658,0.4333
692ea6d099488ff84776f947,69070e0b9adc5c8f26f55b5a,keep,-0.1196,,,0,133,135,0.9925,,,,-0.2891,0.2644,0.0499,0.8613,-0.0370
692eab4368bf0a1f46230594,6904b8d0466be157ec648ef1,keep,-0.1196,,,2,181,183,0.9835,,,,0.6789,0.0427,-0.1880,0.2107,-0.2676
692ea30640338017b7f998da,6903686e0e94ce070afd1f24,keep,-0.1198,,unsteady_camera,0,101,103,0.9902,,,,-0.3945,-0.1641,1.1896,0.0000,0.4867
692ea671dbc4294a49cc727c,6871e269bc1991b1a1e463ba,keep,-0.1198,,incomplete,0,223,225,0.9955,,,,-0.2292,0.0507,-0.2060,0.0000,1.3124
692ea4d974b24813e7597550,690cb8f69adc5c8f26f64201,keep,-0.1199,,,3,213,215,0.9813,,,,-0.0814,0.3334,0.3526,0.0000,0.1089
692ea695727c13b350cb7c8d,69070e0b9adc5c8f26f55b5a,keep,-0.1201,,,5,146,148,0.9592,,,,-0.5857,0.5776,0.0226,0.4839,0.3461
692ea2012c8fefa9948e8dcd,6871d6cd07c5fd75be83e337,keep,-0.1201,,poor_image,0,223,231,0.9696,,,,1.6997,-1.1084,-0.4412,-0.2684,0.6638
692eaa10424dbf22e75ed0de,6846f7cf9cdf020d4a37a294,keep,-0.1203,,,0,191,193,0.9948,,,,0.3192,0.9567,0.0168,-0.2395,-0.8492
692ea0bc727c13b350cb7bdc,6903686e0e94ce070afd1f24,keep,-0.1203,,,7,93,95,0.9149,,,,0.2364,0.8216,-0.2106,0.0000,-0.5343
692ea30440338017b7f998c7,6903686e0e94ce070afd1f24,keep,-0.1204,,incomplete,47,116,118,0.5897,,,,-0.3048,0.1425,-0.0503,0.0000,1.1365
692e9829ea43f09edf26f453,6871e269bc1991b1a1e463ba,keep,-0.1204,,,0,210,212,0.9953,,,,0.0145,-0.1727,0.5952,0.0000,0.4849
692ea487c609aae267b278ea,68bc72d1fcdaacc405e3db53,keep,-0.1205,,incomplete,70,155,157,0.5449,,,,0.2513,-0.4055,-0.1856,0.0588,1.2014
692eb3e26974927fef249d9d,6903686e0e94ce070afd1f24,keep,-0.1205,,,6,95,97,0.9271,,,,0.2635,-0.3821,0.1732,0.9668,-0.1189
692ea32e5aae241ad236ecfb,6903686e0e94ce070afd1f24,keep,-0.1206,,,0,113,115,0.9912,,,,0.4377,-0.3953,0.2995,0.0000,0.4810
692ea4adc609aae267b27902,68696b41314bde44018fa510,keep,-0.1206,,,0,175,177,0.9943,,,,-0.4415,0.6986,0.0731,0.0000,0.3854
692e9fb79cebf0ec017ddc0d,68bc72d1fcdaacc405e3db53,keep,-0.1206,,,1,199,201,0.9900,,,,0.0851,0.3528,0.8479,-0.1419,-0.5185
692eae33aec602a46af106b6,6903686e0e94ce070afd1f24,keep,-0.1208,,,0,105,107,0.9906,,,,-0.2090,0.9583,-0.0886,0.0000,-0.1898
692ea6d91e78e176ba6cf8ed,69070e0b9adc5c8f26f55b5a,keep,-0.1209,,,0,167,169,0.9940,,,,0.0031,-0.1165,0.2523,0.4234,0.3406
692eb06cc7cb0e94dc84bcab,690364170e94ce070afd1da5,keep,-0.1212,,incomplete,84,197,199,0.5707,,,,0.8444,-0.9727,-0.4166,-0.0951,1.5526
692ea1ab3b319da763b71a48,69070e0b9adc5c8f26f55b5a,keep,-0.1212,,incomplete,56,169,171,0.6647,,,,-0.3739,0.3427,-0.1198,0.0000,1.0154
692ea6393b319da763b71acb,69070e0b9adc5c8f26f55b5a,keep,-0.1215,,,0,113,115,0.9912,,,,0.4747,-0.1804,0.7897,0.0000,-0.3805
692e98aa5aae241ad236ebe7,6871d82a1aaf88556f0c6041,keep,-0.1216,,,5,127,129,0.9531,,,,0.4297,-0.3546,0.5738,0.0000,0.1650
692e99e9ba0400c70689fd57,68696b41314bde44018fa510,keep,-0.1217,,,2,181,186,0.9676,,,,-0.7453,0.6850,0.1728,0.0000,0.7694
692eb22ab77ab81b8b41efa1,6903686e0e94ce070afd1f24,keep,-0.1218,,hesitant,0,88,90,0.9888,,,,0.2154,-0.1872,-0.2807,1.0429,0.0483
692ea33595aad87d3e3445c0,6903686e0e94ce070afd1f24,keep,-0.1218,,,0,105,107,0.9906,,,,-0.3491,-0.0573,0.0064,0.7291,0.7268
692eae0597ffd8ec90340263,6846f7cf9cdf020d4a37a294,keep,-0.1220,,,7,222,224,0.9641,,,,-0.3226,0.5147,0.2793,0.3446,-0.0577
692e93d9567c97525f401327,6871d82a1aaf88556f0c6041,keep,-0.1221,,,3,113,115,0.9649,,,,0.4467,0.0749,0.6284,0.0000,-0.5563
692ea7fe4e7eab2cafd2698e,690366b20e94ce070afd1e8a,keep,-0.1223,,,33,179,191,0.7684,,,,-0.0051,0.0865,0.1768,0.0985,0.4587
692eabd2d52427f961fa15d9,6903686e0e94ce070afd1f24,keep,-0.1224,,,0,112,114,0.9912,,,,0.1643,0.3213,-0.1926,0.0000,0.3211
692ea773b77ab81b8b41ee8b,6846f7cf9cdf020d4a37a294,keep,-0.1224,,incomplete,46,153,173,0.6221,,,,0.1281,-1.0297,-0.2217,0.9467,1.4842
692eb1303b319da763b71bfb,6903686e0e94ce070afd1f24,keep,-0.1225,,incomplete,41,132,134,0.6842,,,,-0.3675,0.1087,-0.3933,0.5811,1.0576
692eaae0c609aae267b279b4,69070e0b9adc5c8f26f55b5a,keep,-0.1226,,incomplete,0,80,105,0.7692,,,,0.4319,-0.8579,0.1200,0.0000,1.3771
692eac1ead0c9ef057d41db7,6903b590466be157ec64580a,keep,-0.1226,,unsteady_camera,0,176,179,0.9888,,,,0.3664,-0.5052,1.4905,-0.2128,-0.2114
692eb229b77ab81b8b41ef9d,6903686e0e94ce070afd1f24,keep,-0.1226,,,0,90,92,0.9890,,,,-0.3324,0.6280,0.1601,0.0000,0.2550
692ea306dbc4294a49cc7224,6871d82a1aaf88556f0c6041,keep,-0.1227,,unsteady_camera,0,134,136,0.9926,,,,-0.3321,0.2452,1.1345,0.0000,-0.1453
692ea888e2322e3b092b5ef5,6903b590466be157ec64580a,keep,-0.1227,,,0,168,170,0.9941,,,,0.8223,0.1662,-0.4043,-0.2128,-0.0064
692e9d6b99488ff84776f87f,6871d82a1aaf88556f0c6041,keep,-0.1229,,,0,97,101,0.9700,,,,0.4135,0.0997,0.7428,0.0000,-0.6520
692e98f140338017b7f997de,6871d82a1aaf88556f0c6041,keep,-0.1230,,,0,93,95,0.9894,,,,-0.0414,0.7979,-0.4197,0.0000,0.1461
692eac495aae241ad236edfb,6903bd580e94ce070afd33cd,keep,-0.1232,,,0,188,190,0.9947,,,,0.0902,0.9060,0.0207,-0.2607,-0.3921
692ea777dfa41139877769fa,6903686e0e94ce070afd1f24,keep,-0.1235,,,0,102,104,0.9903,,,,0.7459,0.4271,-0.0240,0.0000,-0.8711
692eadedc609aae267b279fb,68bc72d1fcdaacc405e3db53,keep,-0.1235,,,8,135,137,0.9338,,,,0.8093,0.1444,-0.1856,-0.3737,-0.0069
692e9a5b2fa9ba56c08f8058,6903686e0e94ce070afd1f24,keep,-0.1236,,,0,103,105,0.9904,,,,0.1185,0.1699,0.2687,0.0000,0.1642
692ead1cffdc0ca6345c4361,6846f7cf9cdf020d4a37a294,keep,-0.1238,,jittery,0,224,226,0.9956,,,,-0.1025,1.0208,0.2617,-0.2851,-0.4876
692ea697ad0c9ef057d41d0c,68bc72d1fcdaacc405e3db53,keep,-0.1238,,,24,176,178,0.8588,,,,0.2000,-0.0764,0.6190,-0.1831,0.2454
692eabe14e86f0c01a2072c7,6846f7cf9cdf020d4a37a294,keep,-0.1238,,poor_image,6,174,202,0.8358,,,,1.0944,-0.6647,-0.4786,-0.2092,0.9101
692ea0f3b05428c72fb3748a,690cb8f69adc5c8f26f64201,keep,-0.1239,,,5,178,180,0.9665,0.0592,2,0.9876,-0.2230,-0.1656,0.4988,0.6968,0.2542
692ea164e2322e3b092b5ddc,6871d82a1aaf88556f0c6041,keep,-0.1239,,,0,94,96,0.9895,,,,0.3572,-0.4498,0.8661,0.0000,0.1401
692eac495aae241ad236edfc,6903bd580e94ce070afd33cd,keep,-0.1240,,incomplete,51,156,196,0.5385,,,,0.2024,-0.3672,-0.1657,-0.3001,1.5808
692eb01bad0c9ef057d41e15,690366b20e94ce070afd1e8a,keep,-0.1240,,jittery,1,195,201,0.9700,,,,0.1624,1.0448,-0.3887,0.0789,-0.6331
692e9f8e40338017b7f998a3,6871e269bc1991b1a1e463ba,keep,-0.1243,,hesitant,0,185,187,0.9946,,,,0.4164,-1.3677,0.1616,2.5791,-0.4436
692ea1edb0d3d3c9d2606981,6903686e0e94ce070afd1f24,keep,-0.1243,,,9,109,111,0.9091,,,,0.6460,0.2925,-0.0007,0.0000,-0.5366
692e93dc567c97525f401344,6871d82a1aaf88556f0c6041,keep,-0.1245,,hesitant,0,98,100,0.9899,,,,-0.8494,0.2320,0.6744,1.2814,-0.1580
692ea9995cd6df8b6023ca5d,690364170e94ce070afd1da5,keep,-0.1246,,,2,199,201,0.9850,,,,-0.0888,0.6082,0.4445,-0.3236,-0.0277
692ea0f3b05428c72fb37492,690cb8f69adc5c8f26f64201,keep,-0.1246,,,4,185,187,0.9731,,,,-0.6418,0.2411,0.6229,0.6705,0.1801
692eab62424dbf22e75ed0ee,68696b41314bde44018fa510,keep,-0.1248,,unsteady_camera,0,147,149,0.9932,,,,-0.4496,0.3495,1.0544,0.0000,-0.0309
692ea138b77ab81b8b41edd5,68696b41314bde44018fa510,keep,-0.1249,,poor_image,0,178,180,0.9944,,,,1.0015,-0.5025,-0.1110,0.0000,0.2365
692ea7fe4e7eab2cafd26991,690366b20e94ce070afd1e8a,keep,-0.1249,,,0,185,188,0.9893,,,,-0.3248,0.4518,0.2063,0.8289,-0.3510
692e9ee5c7cb0e94dc84bada,6903686e0e94ce070afd1f24,keep,-0.1252,,,0,93,95,0.9894,,,,0.6327,-0.1152,-0.0566,0.0000,0.1569
692ef185fbcce321dca74ea0,690cb8f69adc5c8f26f64201,keep,-0.1253,,,0,227,229,0.9956,,,,0.2948,-0.4116,0.4808,0.6076,-0.0363
692ea16496d2056439f017c6,6903686e0e94ce070afd1f24,keep,-0.1254,,,35,103,105,0.6538,,,,-0.1998,-0.2073,0.4923,0.0000,0.9960
692e9a5b2fa9ba56c08f805a,6903686e0e94ce070afd1f24,keep,-0.1255,,,1,102,104,0.9806,,,,-0.0349,0.0650,0.2572,0.0000,0.5758
692ea6dcd3d807884d4dd788,690364170e94ce070afd1da5,keep,-0.1255,,,30,197,206,0.8146,,,,0.8523,-0.4255,0.3254,-0.5474,0.4603
692ea697ad0c9ef057d41d07,68bc72d1fcdaacc405e3db53,keep,-0.1255,,hesitant,0,172,174,0.9942,,,,-0.4830,0.1688,-0.0485,1.4781,-0.0796
692ea967727c13b350cb7cd5,6903686e0e94ce070afd1f24,keep,-0.1256,,,0,99,101,0.9900,,,,0.0910,0.2493,0.0477,0.0000,0.3207
692ea8101e78e176ba6cf907,6903b590466be157ec64580a,keep,-0.1258,,,0,238,258,0.9261,,,,0.0004,0.4175,0.3127,-0.2128,0.1541
692eaaac2c8fefa9948e8e91,68bc72d1fcdaacc405e3db53,keep,-0.1259,,,36,193,218,0.7235,,,,0.1672,0.0688,-0.3336,0.1508,0.7098
692ea162e2322e3b092b5dcb,6871d82a1aaf88556f0c6041,keep,-0.1259,,poor_image,0,116,118,0.9915,,,,1.3277,-0.5295,-0.4019,0.0000,0.0857
692eac1fad0c9ef057d41dba,6903b590466be157ec64580a,keep,-0.1262,,,9,143,145,0.9306,,,,-0.3747,0.8715,0.0670,0.0709,0.0002
692f05bbfbcce321dca75024,670be6761e62a52f6a35360d,keep,-0.1262,,,57,390,394,0.8473,,,,-0.0156,0.5550,0.1577,-0.0483,-0.0352
692ef2cdef7557106e6c4c90,69150bf42756853dcad943f2,keep,-0.1262,,,5,116,128,0.8740,,,,-0.2475,-0.0281,0.5206,0.2551,0.5212
692eac86eee2f8cb10d0f89b,6903b590466be157ec64580a,keep,-0.1264,,,0,185,187,0.9946,,,,0.7375,0.0806,-0.6519,0.4461,-0.1370
692ea4d999488ff84776f91f,6903686e0e94ce070afd1f24,keep,-0.1264,,incomplete,57,117,119,0.5085,,,,-0.1586,-0.1692,0.1268,0.0000,1.2498
692eb06cc7cb0e94dc84bca8,690364170e94ce070afd1da5,keep,-0.1269,,,0,228,230,0.9956,,,,0.2304,0.1266,-0.0438,0.2076,0.1890
692e9f65727c13b350cb7bb2,69150bf42756853dcad943f2,keep,-0.1273,,,0,148,152,0.9801,,,,0.2671,0.5083,0.0836,0.5832,-0.9385
692ea672dbc4294a49cc7282,6871e269bc1991b1a1e463ba,keep,-0.1273,,,0,166,168,0.9940,,,,0.8339,-0.9583,0.0507,0.6450,0.3824
692e9748ba0400c70689fcfd,69150bf42756853dcad943f2,keep,-0.1274,,,4,123,126,0.9520,,,,0.4469,-0.2499,0.0172,0.5184,0.0604
692ea92999488ff84776f97f,69070e0b9adc5c8f26f55b5a,keep,-0.1276,,,0,188,190,0.9947,,,,0.6012,0.0661,-0.3968,0.0000,0.2892
692ef720b07e0e30ff1132ef,6904b8d0466be157ec648ef1,keep,-0.1277,,,46,188,190,0.7513,,,,0.5687,-0.2054,0.1662,0.0000,0.1830
692e9d98d3d807884d4dd669,6903686e0e94ce070afd1f24,keep,-0.1282,,hesitant,0,118,120,0.9916,,,,-0.2668,-0.0208,0.2698,1.5599,-0.5008
692e9f65727c13b350cb7bb1,69150bf42756853dcad943f2,keep,-0.1283,,incomplete,7,97,147,0.6164,,,,0.2970,-0.6710,0.0442,0.0000,1.4151
692e98f040338017b7f997da,6871d82a1aaf88556f0c6041,keep,-0.1284,,,0,99,101,0.9900,,,,-0.1128,0.2998,0.8077,0.0000,-0.1896
692f04b55cec8e06f0b2dbcc,69070e0b9adc5c8f26f55b5a,keep,-0.1284,,,0,168,177,0.9545,,,,0.0510,0.5724,-0.2638,0.0000,0.2273
692ea3beffdc0ca6345c4246,690366b20e94ce070afd1e8a,keep,-0.1285,,,1,159,162,0.9814,,,,0.0787,0.4203,0.8320,-0.2938,-0.3874
692ea979ea43f09edf26f5e9,6903686e0e94ce070afd1f24,keep,-0.1285,,,1,113,115,0.9825,,,,0.0666,0.4075,-0.0989,0.0000,0.2871
692ead5d3019385fbbf56840,6846f7cf9cdf020d4a37a294,keep,-0.1285,,unsteady_camera,0,193,195,0.9948,,,,0.2382,0.1652,1.2031,-0.2178,-0.6908
692ea479e2322e3b092b5e60,6871d82a1aaf88556f0c6041,keep,-0.1289,,,0,108,110,0.9908,,,,0.4630,0.4939,-0.5015,0.0000,-0.0316
692ea16596d2056439f017c8,6903686e0e94ce070afd1f24,keep,-0.1289,,incomplete,36,98,100,0.6263,,,,-0.1895,0.1450,-0.0432,0.0000,1.0124
692f49135cec8e06f0b2dc83,690362600e94ce070afd1d30,keep,-0.1289,,hesitant,0,176,215,0.8224,,,,-0.0147,-0.3102,-0.1089,1.2085,0.2904
692ea1aa3b319da763b71a3e,69070e0b9adc5c8f26f55b5a,keep,-0.1290,,jittery,0,142,144,0.9930,,,,-0.4475,1.1485,-0.2650,0.0000,0.1162
692e9ee6b05428c72fb37469,68696b41314bde44018fa510,keep,-0.1290,,hesitant,7,129,131,0.9385,,,,-0.0387,-0.1944,-0.4772,1.8639,-0.1340
692eae813019385fbbf56874,690366b20e94ce070afd1e8a,keep,-0.1293,,,0,186,188,0.9947,,,,0.4211,0.1318,-0.3690,0.8289,-0.3838
692ea76b4e86f0c01a207253,6871d82a1aaf88556f0c6041,keep,-0.1294,,,0,111,113,0.9911,,,,-0.1481,0.6860,-0.3782,0.0000,0.4770
692eabde4e86f0c01a2072ae,6846f7cf9cdf020d4a37a294,keep,-0.1294,,jittery,0,117,119,0.9915,,,,0.4341,1.0099,-0.0113,-0.3265,-0.9222
692e9dbe68228e362d908f65,6903686e0e94ce070afd1f24,keep,-0.1295,,,3,133,135,0.9701,,,,-0.4628,0.7858,0.0418,0.0000,0.3805
692ef4e94215b056bf36e8ad,69150bf42756853dcad943f2,keep,-0.1299,,poor_image,0,125,127,0.9921,,,,1.1233,-0.4594,-0.1647,0.0000,0.0780
692ea1eeb0d3d3c9d2606988,6903686e0e94ce070afd1f24,keep,-0.1299,,,6,114,116,0.9391,,,,-0.0927,0.4912,0.0065,0.0000,0.3050
692eab3497ffd8ec9034021c,69070e0b9adc5c8f26f55b5a,keep,-0.1299,,,10,121,123,0.9098,,,,0.0211,-0.1914,0.6641,0.0000,0.5006
692eb119b8797912ff78a926,6904b8d0466be157ec648ef1,keep,-0.1300,,,3,184,186,0.9784,,,,-0.5001,0.3882,0.0124,0.8292,0.2366
692e9fc15aae241ad236ecc8,690362600e94ce070afd1d30,keep,-0.1301,,,29,368,374,0.9088,,,,0.6133,0.3794,-0.4531,-0.4684,0.3431
692ea0f3b05428c72fb37488,690cb8f69adc5c8f26f64201,keep,-0.1302,,,0,199,202,0.9900,,,,0.1797,0.4183,-0.2108,0.3790,-0.1536
692e9a33ba0400c70689fd6f,68696b41314bde44018fa510,keep,-0.1304,,hesitant,0,171,173,0.9942,,,,0.1207,0.6315,-0.1514,1.0264,-1.0904
692ea9f15aae241ad236edbd,6903b590466be157ec64580a,keep,-0.1304,,,0,202,205,0.9902,,,,-0.2849,0.6006,-0.4246,0.4976,0.3664
692ea6e6aec602a46af105c7,6903b590466be157ec64580a,keep,-0.1305,,,5,220,232,0.9307,,,,0.2989,-0.2653,0.5464,-0.2128,0.5293
692eb1303b319da763b71bf4,6903686e0e94ce070afd1f24,keep,-0.1305,,incomplete,0,95,128,0.7480,,,,0.2579,-0.2343,-0.1298,0.0000,1.0078
692ea700c621d7f4aac3ab07,68696b41314bde44018fa510,keep,-0.1305,,,0,208,210,0.9952,,,,0.2335,0.3526,-0.0527,0.0000,0.0872
692ea2d6c7cb0e94dc84bb65,69070e0b9adc5c8f26f55b5a,keep,-0.1306,,poor_image,0,106,108,0.9907,,,,1.0145,-0.0969,-0.2243,0.0000,-0.2383
692ea4d999488ff84776f920,6903686e0e94ce070afd1f24,keep,-0.1307,,,0,106,108,0.9907,,,,0.5717,-0.3110,-0.0230,0.0000,0.5471
692eac120793395ac4f6ffbf,6903bd580e94ce070afd33cd,keep,-0.1307,,unsteady_camera,0,190,192,0.9948,,,,0.7672,-0.6878,1.8801,-0.5342,-0.5500
692eafd7eee2f8cb10d0f8e4,6846f7cf9cdf020d4a37a294,keep,-0.1308,,hesitant,0,155,157,0.9936,,,,-0.2830,0.4589,0.4674,1.1163,-0.9321
692e9ea6a0e165ab2e42e3e8,6903bd580e94ce070afd33cd,keep,-0.1308,,,1,170,172,0.9883,,,,0.5346,0.3422,-0.2741,0.3018,-0.4270
692e9ea7a0e165ab2e42e3f0,6903bd580e94ce070afd33cd,keep,-0.1310,,,0,131,154,0.8562,,,,0.5715,-0.6114,-0.0626,0.7775,0.2620
692ea2fa854d0e0793875b53,69070e0b9adc5c8f26f55b5a,keep,-0.1311,,poor_image,0,111,113,0.9911,,,,1.0420,-0.1997,-0.2070,0.0000,-0.1385
692ea8fb727c13b350cb7cb8,6903bd580e94ce070afd33cd,keep,-0.1312,,,0,158,160,0.9937,,,,0.2756,0.9336,0.1128,-0.5342,-0.4737
692eac86eee2f8cb10d0f8a0,6903b590466be157ec64580a,keep,-0.1313,,,4,156,158,0.9682,,,,0.3185,0.8132,-0.3851,0.3076,-0.7007
692ea1ab3b319da763b71a49,69070e0b9adc5c8f26f55b5a,keep,-0.1314,,hesitant,0,134,136,0.9926,,,,-0.0393,-0.6065,-0.2853,1.9088,0.2649
692e9cb63b319da763b7199a,6903bd580e94ce070afd33cd,keep,-0.1314,,jittery,3,186,188,0.9786,,,,-0.0824,1.0829,0.2161,-0.0137,-0.7832
692ea53a7641010d043546e4,6871d82a1aaf88556f0c6041,keep,-0.1315,,,2,94,96,0.9684,,,,-0.4594,0.6813,0.4353,0.0000,0.1522
692e9ee5c7cb0e94dc84bad8,6903686e0e94ce070afd1f24,keep,-0.1315,,,0,91,93,0.9891,,,,-0.0803,-0.3781,0.2406,0.8401,0.5275
692e93dd567c97525f40134a,6871d82a1aaf88556f0c6041,keep,-0.1315,,,0,103,107,0.9717,,,,-0.4911,0.1741,0.6492,0.0000,0.7470
692ea2d4c7cb0e94dc84bb59,69070e0b9adc5c8f26f55b5a,keep,-0.1316,,,2,108,110,0.9725,,,,0.6982,-0.2933,0.0714,0.0000,0.2428
692eace6ad0c9ef057d41dc4,6903686e0e94ce070afd1f24,keep,-0.1318,,hesitant,33,103,105,0.6731,,,,0.0078,-0.5915,-0.1659,1.4863,0.4774
692e96d7f169106feb26acb7,6871e269bc1991b1a1e463ba,keep,-0.1320,,hesitant,0,195,202,0.9701,,,,0.1440,-0.2223,-0.0254,1.6810,-0.6141
692eace6ad0c9ef057d41dc8,6903686e0e94ce070afd1f24,keep,-0.1321,,,11,109,112,0.8829,,,,0.9308,0.0778,-0.1325,0.0000,-0.4560
692e994d74b24813e7597416,69150bf42756853dcad943f2,keep,-0.1321,,incomplete,37,113,116,0.6609,,,,-0.6452,-0.0693,0.4037,0.2817,1.3113
692ea479e2322e3b092b5e5e,6871d82a1aaf88556f0c6041,keep,-0.1322,,unsteady_camera,2,125,127,0.9762,,,,-0.3717,0.4056,1.3305,0.0000,-0.4561
692ea1ff2c8fefa9948e8dbd,6871d6cd07c5fd75be83e337,keep,-0.1329,,poor_image,0,156,158,0.9936,0.0262,2,0.0745,1.1977,-0.4258,0.1614,-0.2684,-0.7158
692e9b39b77ab81b8b41ed31,6903bd580e94ce070afd33cd,keep,-0.1329,,,0,139,151,0.9267,,,,-0.3433,0.7189,0.1787,0.4592,-0.2712
692ef2d1ef7557106e6c4ca2,69150bf42756853dcad943f2,keep,-0.1330,,,0,120,122,0.9917,,,,0.3463,0.2267,0.0309,0.0000,0.0408
692e9a5c2fa9ba56c08f8060,6903686e0e94ce070afd1f24,keep,-0.1332,,,0,91,93,0.9891,,,,-0.2012,0.3580,0.0090,0.0000,0.6881
692ea479e2322e3b092b5e5f,6871d82a1aaf88556f0c6041,keep,-0.1332,,incomplete,6,130,133,0.9394,,,,-0.4192,0.3508,-0.0624,0.0000,1.0976
692eb1333b319da763b71c11,6903686e0e94ce070afd1f24,keep,-0.1334,,,0,106,108,0.9907,,,,0.3329,0.7313,-0.1207,0.0000,-0.5421
692ef546245e918729007141,690cb8f69adc5c8f26f64201,keep,-0.1334,,,0,180,199,0.9091,,,,-0.0930,-0.2623,-0.1283,0.7695,0.8257
692ea4d999488ff84776f918,6903686e0e94ce070afd1f24,keep,-0.1335,,,0,108,110,0.9908,,,,0.1612,-0.0666,0.2889,0.0000,0.5035
692eb06bc7cb0e94dc84bca2,690364170e94ce070afd1da5,keep,-0.1337,,,2,189,191,0.9842,,,,0.0430,-0.0707,0.0793,0.8747,0.0233
692ea2002c8fefa9948e8dc4,6871d6cd07c5fd75be83e337,keep,-0.1337,,,14,224,228,0.9251,,,,0.1423,-0.1682,0.6842,-0.2684,0.5589
692ea6a23b319da763b71af6,6903bd580e94ce070afd33cd,keep,-0.1339,,,0,182,204,0.8966,,,,0.4180,0.5243,-0.1066,-0.5342,0.1644
692eac2d4e7eab2cafd269fc,6903bd580e94ce070afd33cd,keep,-0.1339,,,0,187,189,0.9947,,,,-0.1433,0.5378,-0.0531,0.5012,-0.1024
692eb0b3c609aae267b27a4d,6871d82a1aaf88556f0c6041,keep,-0.1340,,incomplete,8,101,103,0.9118,,,,-0.0384,-0.8981,0.6406,0.0000,1.7020
692e9d4839719ab57395b804,6903bd580e94ce070afd33cd,keep,-0.1340,,hesitant,0,165,189,0.8777,,,,-0.8494,-0.3283,-0.0329,2.2648,0.4726
692eaee539719ab57395b989,6903bd580e94ce070afd33cd,keep,-0.1341,,,0,191,193,0.9948,,,,0.7181,-0.3982,0.1971,0.4796,-0.2182
692e9857af371a654ce7fc3c,690cb8f69adc5c8f26f64201,keep,-0.1343,,hesitant,2,209,211,0.9857,,,,0.0211,-0.2944,-0.2185,1.4510,0.1176
692eae32aec602a46af106ad,6903686e0e94ce070afd1f24,keep,-0.1344,,,2,110,112,0.9730,,,,0.1133,0.5481,0.0382,0.6963,-0.7856
692e9c1cc621d7f4aac3a9d6,69150bf42756853dcad943f2,keep,-0.1345,,,24,108,110,0.7706,,,,0.0750,-0.1262,-0.2172,0.2973,0.9382
692ea0eead0c9ef057d41c97,68bc72d1fcdaacc405e3db53,keep,-0.1345,,,23,148,189,0.6649,,,,-0.2277,0.4756,-0.1884,-0.0148,0.7731
692e974aba0400c70689fd07,69150bf42756853dcad943f2,keep,-0.1347,,,0,115,117,0.9914,,,,-0.3513,0.6463,0.4167,0.0000,0.0833
692ea1efb0d3d3c9d2606995,6903686e0e94ce070afd1f24,keep,-0.1348,,,6,92,94,0.9247,,,,0.8595,-0.1629,0.5017,0.0000,-0.6031
692ea696727c13b350cb7c97,69070e0b9adc5c8f26f55b5a,keep,-0.1349,,,0,152,154,0.9935,,,,-0.3559,0.1268,0.2059,0.7543,0.3274
692ea9bcf169106feb26af1e,68bc72d1fcdaacc405e3db53,keep,-0.1350,,,77,188,190,0.5873,,,,-0.0186,-0.4222,0.4840,0.6523,0.4697
692e98f240338017b7f997e7,6871d82a1aaf88556f0c6041,keep,-0.1350,,,0,120,122,0.9917,,,,-0.3816,0.6293,0.1099,0.0000,0.4635
692eac2baec602a46af10658,6903686e0e94ce070afd1f24,keep,-0.1351,,,0,102,104,0.9903,0.0859,3,0.3882,0.1302,-0.3878,0.1366,0.0000,0.5311
692ea33395aad87d3e3445b8,6903686e0e94ce070afd1f24,keep,-0.1352,,hesitant,2,117,119,0.9746,,,,-0.7365,0.1868,-0.1798,1.3100,0.6409
692eace31e78e176ba6cf95b,6903bd580e94ce070afd33cd,keep,-0.1356,,,8,231,233,0.9612,,,,0.2029,0.9395,0.4261,0.3309,-1.5211
692ea30940338017b7f998ee,6903686e0e94ce070afd1f24,keep,-0.1356,,,2,99,101,0.9700,,,,0.3608,-0.5270,0.3624,0.0000,0.8364
692eaaa6dbc4294a49cc72c7,69070e0b9adc5c8f26f55b5a,keep,-0.1357,,,0,141,143,0.9930,,,,0.0922,0.4333,0.0691,0.0000,0.0925
692eb119b8797912ff78a923,6904b8d0466be157ec648ef1,keep,-0.1358,,,6,230,232,0.9697,,,,-0.6774,0.7845,0.2680,0.2459,0.2762
692ea889e2322e3b092b5ef7,6903b590466be157ec64580a,keep,-0.1359,,,2,208,210,0.9856,,,,0.0491,-0.0270,0.3763,0.3294,0.2123
692ead83a0e165ab2e42e555,690cb8f69adc5c8f26f64201,keep,-0.1362,,,4,212,214,0.9765,0.0835,2,0.9926,-0.2159,0.1272,0.0408,0.8783,0.1671
692eaff4e2322e3b092b5fb5,6846f7cf9cdf020d4a37a294,keep,-0.1362,,hesitant,0,191,193,0.9948,,,,0.0194,0.1779,-0.3777,1.3217,-0.2864
692e9a592fa9ba56c08f8044,6903686e0e94ce070afd1f24,keep,-0.1363,,,4,91,93,0.9457,,,,-0.1229,0.1433,-0.2778,0.8401,0.3612
692eaf2d4e86f0c01a2072ea,69070e0b9adc5c8f26f55b5a,keep,-0.1365,,,0,156,158,0.9936,,,,0.3635,0.4899,-0.1618,0.0000,-0.1631
692e93dd567c97525f401349,6871d82a1aaf88556f0c6041,keep,-0.1368,,poor_image,0,104,106,0.9905,,,,1.9510,-0.5077,0.2263,0.0000,-1.4339
692e9b6768228e362d908f14,6903bd580e94ce070afd33cd,keep,-0.1368,,jittery,1,171,173,0.9884,,,,-0.6684,1.7951,0.2645,-0.2689,-0.7283
692ef6379ca48e15a25b2a83,69150bf42756853dcad943f2,keep,-0.1369,,incomplete,25,110,118,0.7265,,,,0.2251,-0.8069,-0.0453,0.7527,1.1234
692eac2caec602a46af10664,6903686e0e94ce070afd1f24,keep,-0.1369,,,6,109,111,0.9364,,,,-0.2607,-0.0791,-0.0559,0.7026,0.8215
692ea22eb0d3d3c9d26069b1,68bc72d1fcdaacc405e3db53,keep,-0.1371,,,0,165,167,0.9940,,,,0.3222,0.6023,-0.4010,0.3120,-0.3379
692e9829ea43f09edf26f44c,6871e269bc1991b1a1e463ba,keep,-0.1373,,hesitant,0,194,196,0.9949,,,,-0.1049,-0.2461,-0.1632,2.1221,-0.4716
692e99dd6974927fef249bca,69150bf42756853dcad943f2,keep,-0.1373,,,0,143,146,0.9862,,,,0.4195,0.3691,0.0746,0.2235,-0.5201
692ee6275cec8e06f0b2da7c,6903a36c466be157ec64562d,keep,-0.1373,,hesitant,0,278,280,0.9964,,,,-0.2005,-0.0846,0.2402,1.0103,0.1381
692eb119b8797912ff78a929,6904b8d0466be157ec648ef1,keep,-0.1373,,,0,233,235,0.9957,,,,-0.3450,0.1337,0.7389,0.4066,0.1328
692eddd94cbe80983737fdfa,690366b20e94ce070afd1e8a,keep,-0.1374,,,0,203,205,0.9951,,,,-0.0042,0.7230,0.3674,0.0716,-0.5555
692eae803019385fbbf5686a,690366b20e94ce070afd1e8a,keep,-0.1374,,incomplete,76,189,192,0.5916,,,,0.2732,-0.2671,-0.1786,0.0964,1.0351
692eae07424dbf22e75ed142,6846f7cf9cdf020d4a37a294,keep,-0.1375,,,0,218,224,0.9776,,,,-0.2062,0.4948,0.0628,0.2985,0.1680
692eae30aec602a46af1069f,6903686e0e94ce070afd1f24,keep,-0.1377,,,0,109,111,0.9909,,,,0.2476,0.6343,-0.1544,0.7026,-0.9074
692e9f8f39719ab57395b843,6871e269bc1991b1a1e463ba,keep,-0.1377,,hesitant,0,185,187,0.9946,,,,-0.5073,0.1983,0.2795,1.2374,-0.0894
692eb1303b319da763b71bf6,6903686e0e94ce070afd1f24,keep,-0.1378,,,0,125,127,0.9921,,,,0.1283,0.1276,-0.1274,0.0000,0.7081
692e9d45ba0400c70689fdc4,6903bd580e94ce070afd33cd,keep,-0.1379,,,1,159,183,0.8681,,,,0.1466,-0.0620,0.0485,0.3178,0.4721
692eadebc609aae267b279f0,68bc72d1fcdaacc405e3db53,keep,-0.1381,,,20,146,148,0.8571,,,,0.8082,-0.3737,0.8648,-0.0583,-0.4914
692eaeab40338017b7f99a04,6903686e0e94ce070afd1f24,keep,-0.1382,,,1,98,103,0.9510,,,,0.7079,-0.0512,0.0155,0.0000,-0.0332
692eaee339719ab57395b97f,6903bd580e94ce070afd33cd,keep,-0.1383,,incomplete,34,146,176,0.6400,,,,-0.2470,-0.5392,0.4557,0.5435,1.1483
692eb04f3019385fbbf56881,69070e0b9adc5c8f26f55b5a,keep,-0.1384,,unsteady_camera+hesitant,0,145,147,0.9932,,,,-0.4128,-0.5895,1.5995,1.4618,-0.5888
692e9cb73b319da763b7199b,6903bd580e94ce070afd33cd,keep,-0.1386,,,48,182,184,0.7322,,,,-0.3520,0.3009,0.2773,-0.0024,0.7718
692ea9bbf169106feb26af10,68bc72d1fcdaacc405e3db53,keep,-0.1387,,,19,171,214,0.7136,,,,0.5048,-0.4029,-0.1651,0.8932,0.0899
692e99e9ba0400c70689fd55,68696b41314bde44018fa510,keep,-0.1389,,incomplete,0,200,211,0.9524,,,,-0.1916,-0.3873,0.3831,0.0000,1.4575
692eaa60d3d807884d4dd7b2,6903686e0e94ce070afd1f24,keep,-0.1391,,,0,95,98,0.9794,,,,-0.1882,-0.0608,0.2860,0.7968,0.2642
692ea47ae2322e3b092b5e66,6871d82a1aaf88556f0c6041,keep,-0.1392,,,0,121,123,0.9918,,,,0.7036,-0.1686,0.5093,0.0000,-0.3374
692e9a582fa9ba56c08f8039,6903686e0e94ce070afd1f24,keep,-0.1394,,incomplete,37,104,106,0.6381,,,,-0.3072,-0.1190,0.6112,0.0000,1.0038
692eb12174b24813e7597685,6846f7cf9cdf020d4a37a294,keep,-0.1395,,hesitant,5,173,182,0.9282,,,,0.2877,-0.8756,0.1452,1.4450,0.2681
692e9a592fa9ba56c08f804b,6903686e0e94ce070afd1f24,keep,-0.1395,,unsteady_camera+incomplete,42,96,99,0.5510,,,,-0.5294,-0.7934,1.7889,0.0000,1.1717
692f19fd5cec8e06f0b2dc3e,69070e0b9adc5c8f26f55b5a,keep,-0.1397,,,6,116,123,0.9016,,,,-0.0949,-0.2576,0.5399,0.0000,0.9665
692ea4adc609aae267b27903,68696b41314bde44018fa510,keep,-0.1398,,,0,150,152,0.9934,0.1142,2,0.0610,0.9194,-1.0813,-0.5710,0.0000,-0.5042
692eaa77dfa4113987776a5e,6871e269bc1991b1a1e463ba,keep,-0.1401,,,0,208,210,0.9952,,,,-0.3279,0.4845,0.8461,0.0000,-0.0999
692ea4d43b319da763b71ab8,69150bf42756853dcad943f2,keep,-0.1402,,,0,170,172,0.9942,,,,0.5992,0.3518,-0.1155,0.1895,-0.5192
692eac0839719ab57395b971,6903b590466be157ec64580a,keep,-0.1405,,poor_image,0,171,173,0.9942,,,,1.0535,-0.1790,0.8476,0.2085,-1.3843
692eb12074b24813e7597683,6846f7cf9cdf020d4a37a294,keep,-0.1407,,hesitant,13,172,176,0.9086,,,,0.2345,-0.6648,-0.2649,1.4894,0.4055
692e9b6868228e362d908f1d,6903bd580e94ce070afd33cd,keep,-0.1408,,,2,162,185,0.8696,,,,-0.1922,-0.0443,0.1501,0.7717,0.4185
692ea7529cebf0ec017ddccd,69036806466be157ec64477f,keep,-0.1410,,jittery,0,228,230,0.9956,,,,-0.2224,1.2336,0.0782,0.4867,-1.0950
692e98ad5aae241ad236ebff,6871d82a1aaf88556f0c6041,keep,-0.1411,,unsteady_camera,0,105,107,0.9906,,,,0.4359,0.0300,1.7080,0.0000,-1.4194
692ea02f424dbf22e75ecfc9,6903bd580e94ce070afd33cd,keep,-0.1411,,hesitant,0,137,152,0.9073,,,,-0.5383,-0.3058,-0.1822,2.3061,0.1302
692ea97dea43f09edf26f607,6903686e0e94ce070afd1f24,keep,-0.1412,,,0,108,110,0.9908,,,,0.1846,0.5004,-0.1342,0.0000,0.0951
692eac0992a31767e35da3a1,6846f7cf9cdf020d4a37a294,keep,-0.1412,,jittery,1,206,208,0.9903,,,,0.0359,1.0599,0.3300,-0.4650,-0.5200
692e99e8ba0400c70689fd4c,68696b41314bde44018fa510,keep,-0.1413,,,0,184,186,0.9946,,,,-0.2517,0.5307,0.6957,0.0000,-0.1253
692ea776dfa41139877769f5,6903686e0e94ce070afd1f24,keep,-0.1413,,,0,95,97,0.9896,,,,-0.3451,0.8549,-0.2297,0.0000,0.4543
692ea30740338017b7f998dd,6903686e0e94ce070afd1f24,keep,-0.1413,,,35,99,101,0.6400,,,,0.5525,-0.3108,-0.2674,0.0000,0.8942
692e9f66727c13b350cb7bc6,69150bf42756853dcad943f2,keep,-0.1415,,unsteady_camera,2,105,131,0.7923,0.0229,3,0.6267,-0.1471,-0.5091,1.2796,0.0000,0.0697
692ea71f40338017b7f9994b,690366b20e94ce070afd1e8a,keep,-0.1417,,,21,167,186,0.7892,0.2372,2,0.0322,0.8143,-0.1046,0.5480,0.8411,0.3985
692eaa58a0e165ab2e42e50e,690362600e94ce070afd1d30,keep,-0.1417,,,2,179,185,0.9620,,,,0.7271,0.4748,-0.4940,-0.6342,0.3169
692eab66d3d807884d4dd7e5,69070e0b9adc5c8f26f55b5a,keep,-0.1417,,incomplete,66,140,142,0.5248,,,,-0.3884,-0.3930,0.1174,0.0000,2.0467
692ea0bb727c13b350cb7bd4,6903686e0e94ce070afd1f24,keep,-0.1419,,,32,92,94,0.6452,,,,0.1477,0.1660,-0.1060,0.0000,0.6285
692eaa647641010d04354734,69070e0b9adc5c8f26f55b5a,keep,-0.1419,,,0,107,109,0.9907,,,,0.2094,0.1820,0.2447,0.0000,0.1618
692ed3f9f2e4e72c033b9977,6871e269bc1991b1a1e463ba,keep,-0.1420,,,2,201,203,0.9851,,,,0.2927,0.2412,0.1326,0.0000,0.0608
692ea6fec621d7f4aac3aafa,68696b41314bde44018fa510,keep,-0.1422,,unsteady_camera,0,198,200,0.9950,,,,-0.0747,0.2970,1.2825,0.0000,-0.6208
692eaa8ac7cb0e94dc84bc17,6903bd580e94ce070afd33cd,keep,-0.1423,,,14,170,172,0.9123,,,,-0.4096,0.5231,0.3606,0.3018,0.1636
692eac4f5cd6df8b6023ca9e,690cb8f69adc5c8f26f64201,keep,-0.1424,,,0,185,187,0.9946,,,,0.3186,0.0342,0.0106,0.6705,-0.2137
692eaa5d7641010d04354700,69070e0b9adc5c8f26f55b5a,keep,-0.1424,,,0,113,115,0.9912,,,,-0.0952,0.8104,-0.2586,0.0000,0.1826
692eaf7768228e362d909159,6903bd580e94ce070afd33cd,keep,-0.1425,,hesitant,0,165,172,0.9649,,,,0.0589,-0.2943,0.0329,1.5462,-0.2288
692e9c1bc621d7f4aac3a9d0,69150bf42756853dcad943f2,keep,-0.1427,,,25,109,111,0.7636,,,,0.2225,-0.5232,0.5861,0.0000,0.8635
692ed684952b26f4cc71a440,690366b20e94ce070afd1e8a,keep,-0.1429,,,41,182,197,0.7194,,,,0.0239,0.1769,0.5572,-0.2938,0.4354
692ea9c31e78e176ba6cf928,6903bd580e94ce070afd33cd,keep,-0.1430,,hesitant,0,155,222,0.7014,,,,-0.1336,-0.5925,0.1856,1.3244,0.5801
692ea97bea43f09edf26f5f5,6903686e0e94ce070afd1f24,keep,-0.1431,,,0,105,107,0.9906,,,,-0.2169,0.3020,-0.2015,0.8756,0.1997
692ea3beffdc0ca6345c4244,690366b20e94ce070afd1e8a,keep,-0.1431,,,0,160,166,0.9697,,,,0.8172,0.0135,0.4580,-0.2938,-0.4083
692eb301ea43f09edf26f693,6871d82a1aaf88556f0c6041,keep,-0.1432,,,6,119,121,0.9417,,,,0.4269,0.1977,-0.4345,0.0000,0.5004
692ea487c609aae267b278ef,68bc72d1fcdaacc405e3db53,keep,-0.1433,,,0,145,147,0.9932,,,,0.5099,0.3087,0.5991,-0.3737,-0.4505
692eabd1d52427f961fa15d4,6903686e0e94ce070afd1f24,keep,-0.1439,,hesitant,0,116,118,0.9915,,,,-0.1590,0.5375,0.0414,1.3212,-0.9228
692eb3e36974927fef249da6,6903686e0e94ce070afd1f24,keep,-0.1440,,,0,99,101,0.9900,,,,0.7486,-0.3974,-0.1761,0.0000,0.6570
692ea031424dbf22e75ecfda,6903bd580e94ce070afd33cd,keep,-0.1441,,,0,145,175,0.8333,,,,0.0942,0.0578,0.0891,-0.0096,0.7015
692eac4f5cd6df8b6023ca9f,690cb8f69adc5c8f26f64201,keep,-0.1442,,,0,183,186,0.9892,,,,0.1141,0.3703,0.1283,0.4118,-0.2577
692ea476e2322e3b092b5e46,6871d82a1aaf88556f0c6041,keep,-0.1442,,,0,123,125,0.9919,,,,-0.1251,0.5511,-0.0953,0.0000,0.4656
692ea698ad0c9ef057d41d0d,68bc72d1fcdaacc405e3db53,keep,-0.1443,,,0,195,197,0.9949,,,,0.9006,-0.1798,0.2322,0.0349,-0.3384
692ea39fa0e165ab2e42e457,690364170e94ce070afd1da5,keep,-0.1445,,,38,237,239,0.8361,,,,-0.1741,0.2737,0.3057,0.1737,0.3824
692e94ffaf371a654ce7fbef,6871e269bc1991b1a1e463ba,keep,-0.1448,,,0,192,194,0.9948,,,,-0.0776,0.7503,-0.7889,0.0000,0.7934
692e9e50b8797912ff78a769,6903bd580e94ce070afd33cd,keep,-0.1449,,,29,169,171,0.8235,,,,-0.8696,0.8748,0.1233,0.2712,0.6120
692edf7a4215b056bf36e76c,690362600e94ce070afd1d30,keep,-0.1450,,,0,293,295,0.9966,,,,0.4965,0.3118,0.3302,-0.4676,-0.0604
692ea69eaec602a46af105a8,6903686e0e94ce070afd1f24,keep,-0.1450,,,9,104,106,0.9048,,,,0.2474,-0.1249,0.1299,0.0000,0.7013
692eac485aae241ad236edf9,6903bd580e94ce070afd33cd,keep,-0.1452,,,0,207,209,0.9952,,,,-0.0407,0.6418,0.0252,0.4016,-0.3119
692eb0ac7641010d043547fd,690364170e94ce070afd1da5,keep,-0.1453,,poor_image,1,189,191,0.9895,,,,1.5732,-0.1785,-0.1335,0.8860,-1.8270
692e9ee5c7cb0e94dc84bad5,6903686e0e94ce070afd1f24,keep,-0.1454,,,34,98,100,0.6465,,,,0.0961,-0.0321,0.1539,0.0000,0.7678
692eeefeef7557106e6c4c66,68bc72d1fcdaacc405e3db53,keep,-0.1455,,,24,163,166,0.8424,,,,0.1171,-0.3744,0.4829,0.6484,0.2729
692ef220b07e0e30ff11327e,690cb8f69adc5c8f26f64201,keep,-0.1455,,,0,183,185,0.9946,,,,0.3050,0.1102,-0.1073,0.4140,0.0890
692eb00f1e78e176ba6cf9b3,6846f7cf9cdf020d4a37a294,keep,-0.1456,,,2,176,178,0.9831,,,,0.6222,-0.0336,-0.2772,0.1404,0.2728
692ef4e84215b056bf36e8a9,69150bf42756853dcad943f2,keep,-0.1456,,jittery,5,151,153,0.9605,,,,-0.2708,1.1273,-0.0564,0.0000,-0.2090
692eab66d3d807884d4dd7e9,69070e0b9adc5c8f26f55b5a,keep,-0.1456,,,17,110,112,0.8378,,,,0.0530,-0.6158,0.9525,0.0000,0.9109
692eafd4ffdc0ca6345c438d,69070e0b9adc5c8f26f55b5a,keep,-0.1461,,,3,197,199,0.9798,,,,0.3169,0.7142,-0.0665,0.0000,-0.4571
692eaa617641010d0435471c,69070e0b9adc5c8f26f55b5a,keep,-0.1462,,,0,100,102,0.9901,,,,0.2875,0.1944,-0.0061,0.0000,0.3068
692eabd6c621d7f4aac3abb4,68bc72d1fcdaacc405e3db53,keep,-0.1463,,,93,178,180,0.4749,,,,-0.4200,0.5366,0.0553,0.1916,0.6019
692eb3df6974927fef249d88,6903686e0e94ce070afd1f24,keep,-0.1463,,,2,105,107,0.9717,,,,0.1470,-0.0398,-0.1259,0.8756,0.1138
692ea6d099488ff84776f94b,69070e0b9adc5c8f26f55b5a,keep,-0.1463,,,0,132,134,0.9925,,,,0.0366,0.4167,0.7764,0.0000,-0.4319
692f04b55cec8e06f0b2dbd2,69070e0b9adc5c8f26f55b5a,keep,-0.1466,,,1,150,152,0.9868,,,,-0.2507,0.7429,-0.2813,0.0000,0.5690
692eaa627641010d04354723,69070e0b9adc5c8f26f55b5a,keep,-0.1466,,,0,113,115,0.9912,,,,0.6279,0.1623,0.1030,0.0000,-0.2618
692eaa55a0e165ab2e42e4ee,690362600e94ce070afd1d30,keep,-0.1467,,,0,193,197,0.9847,,,,0.3758,-0.0043,-0.2728,0.2468,0.4956
692eaa5f7641010d04354717,69070e0b9adc5c8f26f55b5a,keep,-0.1468,,,0,108,110,0.9908,,,,0.8495,0.5675,0.5138,0.0000,-1.6115
692ea33395aad87d3e3445ba,6903686e0e94ce070afd1f24,keep,-0.1469,,,3,118,120,0.9664,,,,-0.5688,0.4384,-0.1264,0.6495,0.7005
692ea600ea43f09edf26f5a0,6846f7cf9cdf020d4a37a294,keep,-0.1471,,incomplete,68,192,194,0.6425,,,,-0.2967,-0.1938,-0.2171,0.0436,1.9387
692ea6a33b319da763b71afb,6903bd580e94ce070afd33cd,keep,-0.1473,,unsteady_camera,0,179,189,0.9521,,,,-0.2753,-0.6376,2.1110,0.4690,-0.1795
692ea1ab3b319da763b71a47,69070e0b9adc5c8f26f55b5a,keep,-0.1473,,incomplete,22,168,172,0.8538,,,,-0.1419,-0.0778,0.2384,0.0000,1.1224
692eaae1c609aae267b279b8,69070e0b9adc5c8f26f55b5a,keep,-0.1475,,poor_image,0,106,108,0.9907,,,,1.8861,-1.2260,0.1762,0.0000,-0.1341
692ea6ffc621d7f4aac3ab00,68696b41314bde44018fa510,keep,-0.1475,,,0,176,179,0.9888,,,,0.5546,0.0311,-0.3613,0.9918,-0.4766
692eab67d3d807884d4dd7ee,69070e0b9adc5c8f26f55b5a,keep,-0.1476,,unsteady_camera,0,155,157,0.9936,,,,0.1251,-0.0287,1.1219,0.0000,-0.2335
692eab0cb0d3d3c9d2606a71,68bc72d1fcdaacc405e3db53,keep,-0.1478,,,54,169,188,0.6150,,,,-0.2759,0.0040,-0.0379,0.6180,0.8624
692eac0b96d2056439f01913,6871d82a1aaf88556f0c6041,keep,-0.1478,,incomplete,3,88,90,0.9551,,,,-0.0639,0.3630,-0.5684,0.0000,1.1542
692ea7674e86f0c01a207238,6871d82a1aaf88556f0c6041,keep,-0.1478,,incomplete,4,128,130,0.9612,,,,0.0397,-0.0421,-0.1760,0.0000,1.2144
692e993af169106feb26ad05,6903686e0e94ce070afd1f24,keep,-0.1481,,,1,90,98,0.9175,,,,0.7855,-0.4096,-0.0666,0.0000,0.5393
692ea23dc621d7f4aac3aaa4,690366b20e94ce070afd1e8a,keep,-0.1481,,poor_image,0,95,97,0.9896,,,,1.8352,-1.5358,0.8586,0.4115,-0.6826
692ee6265cec8e06f0b2da7a,6903a36c466be157ec64562d,keep,-0.1483,,,6,235,237,0.9703,,,,0.1243,0.2194,0.1313,0.0792,0.3119
692e9b2daf371a654ce7fc98,6903bd580e94ce070afd33cd,keep,-0.1485,,hesitant,0,187,201,0.9350,,,,-0.2547,-0.1868,0.2630,1.1841,0.2548
692e9b62c7cb0e94dc84baa4,690cb8f69adc5c8f26f64201,keep,-0.1487,,,0,221,223,0.9955,0.0915,2,0.9567,-0.1662,0.4411,0.0232,0.2809,-0.0842
692ea16696d2056439f017eb,6903686e0e94ce070afd1f24,keep,-0.1488,,hesitant,0,99,101,0.9900,,,,-0.0298,-0.4120,-0.2528,1.5458,0.4111
692eaaa2dbc4294a49cc72b5,69070e0b9adc5c8f26f55b5a,keep,-0.1489,,,0,129,131,0.9923,,,,0.1223,0.2970,0.4537,0.0000,-0.0407
692eac0a96d2056439f01905,6871d82a1aaf88556f0c6041,keep,-0.1490,,hesitant,0,105,107,0.9906,,,,-0.1543,0.4198,-0.3023,1.1967,-0.2498
692eaec4f169106feb26afb6,6871d82a1aaf88556f0c6041,keep,-0.1492,,,0,94,96,0.9895,,,,0.1714,0.2486,0.7663,0.0000,-0.3520
692eb0b2c609aae267b27a4a,6871d82a1aaf88556f0c6041,keep,-0.1492,,,0,136,138,0.9927,,,,0.0580,0.7487,0.2324,0.0000,-0.3981
692ea601ea43f09edf26f5a8,6846f7cf9cdf020d4a37a294,keep,-0.1493,,,0,174,176,0.9943,,,,0.2391,0.1230,0.7302,-0.4209,0.1927
692e994c74b24813e7597413,69150bf42756853dcad943f2,keep,-0.1494,,,3,113,115,0.9649,,,,-0.3604,0.8513,0.1292,0.0000,0.1802
692ead83a0e165ab2e42e558,690cb8f69adc5c8f26f64201,keep,-0.1496,,poor_image,2,169,171,0.9824,,,,1.1213,-0.0799,0.2176,0.3668,-1.0996
692eac8592a31767e35da3a9,69070e0b9adc5c8f26f55b5a,keep,-0.1496,,,4,132,134,0.9624,,,,-0.3000,0.8653,-0.1350,0.0000,0.3342
692ea4d974b24813e7597556,690cb8f69adc5c8f26f64201,keep,-0.1497,,,0,224,238,0.9451,,,,-0.0156,0.4300,0.2643,0.0000,0.1624
692ea6d299488ff84776f959,69070e0b9adc5c8f26f55b5a,keep,-0.1501,,,0,102,104,0.9903,,,,0.0083,0.4262,-0.1014,0.0000,0.5006
692e9fa092a31767e35da228,69150bf42756853dcad943f2,keep,-0.1504,,,13,137,140,0.8921,,,,-0.0209,0.6524,-0.1171,0.0000,0.2225
692eae07424dbf22e75ed144,6846f7cf9cdf020d4a37a294,keep,-0.1507,,unsteady_camera,14,213,215,0.9299,,,,-0.0401,-0.1776,1.2061,0.1314,0.0440
692e99e8ba0400c70689fd4d,68696b41314bde44018fa510,keep,-0.1513,,incomplete,13,215,220,0.9224,,,,-0.8608,-0.1007,-0.2079,0.8062,1.9030
692e98ac5aae241ad236ebf1,6871d82a1aaf88556f0c6041,keep,-0.1513,,,0,116,118,0.9915,,,,0.9378,-0.4756,0.5903,0.0000,-0.2242
692eae803019385fbbf56867,690366b20e94ce070afd1e8a,keep,-0.1514,,,24,199,201,0.8750,,,,0.1338,-0.1074,0.4985,0.7219,-0.2000
692e9a5a2fa9ba56c08f804c,6903686e0e94ce070afd1f24,keep,-0.1514,,,4,101,103,0.9510,,,,0.1181,0.0671,0.2875,0.0000,0.4948
692eaa5f7641010d04354718,69070e0b9adc5c8f26f55b5a,keep,-0.1517,,,0,107,109,0.9907,,,,0.0125,0.4564,0.4914,0.0000,-0.1332
692eab4368bf0a1f46230592,6904b8d0466be157ec648ef1,keep,-0.1517,,,4,191,193,0.9740,,,,-0.1790,0.0017,0.3577,0.8874,0.0828
692eac4b5aae241ad236ee06,6903bd580e94ce070afd33cd,keep,-0.1519,,hesitant+incomplete,21,148,189,0.6755,,,,-0.5608,-0.3604,-0.1365,1.5043,1.0774
692ead81a0e165ab2e42e544,690cb8f69adc5c8f26f64201,keep,-0.1520,,jittery,0,180,182,0.9945,,,,0.0406,1.0247,-0.3262,0.0000,-0.2075
692ea6a13b319da763b71aed,6903bd580e94ce070afd33cd,keep,-0.1521,,,0,230,233,0.9914,,,,0.0987,0.9097,-0.0533,-0.1408,-0.2542
692eb108567c97525f4015e9,6846f7cf9cdf020d4a37a294,keep,-0.1521,,,14,215,217,0.9306,,,,-0.5242,0.4155,0.4995,0.1474,0.5807
692eaa5e7641010d04354709,69070e0b9adc5c8f26f55b5a,keep,-0.1521,,,0,101,103,0.9902,,,,-0.3814,0.3414,0.3641,0.6974,0.0633
692e977d74b24813e7597400,69150bf42756853dcad943f2,keep,-0.1521,,,0,117,119,0.9915,,,,0.2543,0.2399,0.2261,0.0000,0.0977
692e977774b24813e75973e3,6871e269bc1991b1a1e463ba,keep,-0.1522,,,0,200,202,0.9950,,,,0.3147,0.3448,0.6775,0.0000,-0.6015
692ea4d43b319da763b71abb,69150bf42756853dcad943f2,keep,-0.1523,,incomplete,42,138,140,0.6906,,,,-0.1725,0.2738,-0.1633,0.0000,1.0771
692ea6d71e78e176ba6cf8df,69070e0b9adc5c8f26f55b5a,keep,-0.1524,,,0,153,155,0.9935,,,,0.5692,0.1079,0.0989,0.0000,-0.0481
692eae32aec602a46af106af,6903686e0e94ce070afd1f24,keep,-0.1524,,,1,100,102,0.9802,,,,0.5309,0.6772,0.0672,0.0000,-0.8126
692eac86eee2f8cb10d0f899,6903b590466be157ec64580a,keep,-0.1525,,,6,167,169,0.9583,,,,0.2329,0.7963,-0.0580,0.2185,-0.6363
692e993bf169106feb26ad0c,6903686e0e94ce070afd1f24,keep,-0.1528,,,3,103,109,0.9259,,,,0.8950,-0.3693,0.0291,0.0000,0.2520
692e99dc6974927fef249bc6,69150bf42756853dcad943f2,keep,-0.1529,,,0,148,152,0.9801,,,,0.7523,-0.4325,0.0392,0.5832,-0.0320
692ea308dbc4294a49cc7231,6871d82a1aaf88556f0c6041,keep,-0.1532,,,0,101,103,0.9902,,,,0.1305,0.3228,0.4633,0.0000,-0.0708
692e98927641010d0435456d,690cb8f69adc5c8f26f64201,keep,-0.1533,,poor_image,0,180,200,0.9045,,,,1.2207,-0.7348,-0.2226,0.0000,0.5668
692ea3305aae241ad236ed20,6903686e0e94ce070afd1f24,keep,-0.1533,,incomplete,67,126,128,0.4646,,,,-0.5740,-0.1269,0.2768,0.0000,1.8480
692ea700c621d7f4aac3ab06,68696b41314bde44018fa510,keep,-0.1534,,,1,195,197,0.9898,,,,0.2808,0.0625,0.8254,0.0000,-0.2668
692eabd14e86f0c01a207282,6903686e0e94ce070afd1f24,keep,-0.1537,,,0,101,103,0.9902,,,,0.5693,0.2197,0.0062,0.0000,-0.1139
692eaf2b4e86f0c01a2072dd,69070e0b9adc5c8f26f55b5a,keep,-0.1539,,,0,167,169,0.9940,,,,-0.3676,0.5320,0.4330,0.4234,-0.0258
692e9ab7d3d807884d4dd611,69150bf42756853dcad943f2,keep,-0.1543,,hesitant,0,124,126,0.9920,,,,-0.1922,0.3262,-0.2013,2.0000,-0.9197
692e9d98d3d807884d4dd66b,6903686e0e94ce070afd1f24,keep,-0.1544,,,0,98,100,0.9899,,,,0.6226,0.6237,-0.1890,0.0000,-0.6000
692ea7f4f169106feb26aed4,6903686e0e94ce070afd1f24,keep,-0.1544,,,8,97,100,0.8990,0.0377,2,0.9239,0.6115,-0.2268,-0.1317,0.0000,-0.4638
692ee11af2e4e72c033b99fe,690366b20e94ce070afd1e8a,keep,-0.1544,,,26,229,264,0.7719,,,,-0.0106,0.3529,0.1011,-0.0104,0.4768
692ea2d3c7cb0e94dc84bb4c,69070e0b9adc5c8f26f55b5a,keep,-0.1545,,,0,112,114,0.9912,,,,0.1345,0.3339,0.2535,0.0000,0.1255
692ea3beffdc0ca6345c4247,690366b20e94ce070afd1e8a,keep,-0.1545,,,32,172,179,0.7865,,,,-0.5959,0.4491,0.3815,0.5053,0.4151
692ea8fa727c13b350cb7cab,6903bd580e94ce070afd33cd,keep,-0.1546,,hesitant+incomplete,39,147,194,0.5596,,,,-0.3546,-0.5261,-0.0949,1.2777,1.2204
692eadddad0c9ef057d41dfa,690364170e94ce070afd1da5,keep,-0.1547,,unsteady_camera,0,215,217,0.9954,,,,-0.3104,0.1666,1.6321,-0.5619,0.2281
692eabd44e86f0c01a20729a,6903686e0e94ce070afd1f24,keep,-0.1548,,,6,93,96,0.9158,,,,0.0745,0.4704,0.1014,0.0000,0.1648
692eaa172fa9ba56c08f81ba,69150bf42756853dcad943f2,keep,-0.1549,,,0,130,159,0.8228,,,,-0.0244,0.7311,-0.1037,0.4101,-0.2826
692eeeaf0ba268eb16564a85,69150bf42756853dcad943f2,keep,-0.1551,,,0,138,152,0.9139,,,,0.0207,-0.1670,0.9853,0.0000,0.3195
692ea0bd727c13b350cb7bee,6903686e0e94ce070afd1f24,keep,-0.1551,,,10,102,104,0.8932,,,,0.2313,0.2750,0.4274,0.0000,-0.1009
692e9d6899488ff84776f863,6871d82a1aaf88556f0c6041,keep,-0.1552,,unsteady_camera,1,90,92,0.9780,,,,0.9820,0.0081,1.0179,0.0000,-1.4163
692f04b55cec8e06f0b2dbc7,69070e0b9adc5c8f26f55b5a,keep,-0.1554,,hesitant,3,131,137,0.9412,,,,0.1214,0.0332,-0.6447,1.8948,-0.3943
692e9857af371a654ce7fc38,690cb8f69adc5c8f26f64201,keep,-0.1555,,hesitant,0,206,208,0.9952,,,,-0.5122,-0.0053,0.7242,1.2050,-0.0645
692eadf5d52427f961fa1618,69036806466be157ec64477f,keep,-0.1557,,,100,201,215,0.4720,,,,-0.1272,0.0172,0.2374,0.3987,0.6189
692eac130793395ac4f6ffcc,6903bd580e94ce070afd33cd,keep,-0.1557,,,44,214,216,0.7907,,,,-0.2819,0.6797,0.2218,0.4274,-0.1559
692e8c90aec602a46af102f0,6904b8d0466be157ec648ef1,keep,-0.1559,,,10,195,197,0.9439,,,,-0.0880,-0.1176,0.1651,0.6811,0.5537
692f0723ef7557106e6c4e0b,6846f7cf9cdf020d4a37a294,keep,-0.1560,,,0,208,210,0.9952,,,,0.4627,0.6843,0.0184,-0.0138,-0.6333
692e98ac5aae241ad236ebf6,6871d82a1aaf88556f0c6041,keep,-0.1560,,hesitant,0,115,117,0.9914,,,,-0.4044,0.3648,0.4325,1.0936,-0.3743
692ef056245e9187290070e0,6846f7cf9cdf020d4a37a294,keep,-0.1561,,,0,184,186,0.9946,,,,0.0020,0.0839,-0.1487,0.8306,0.2823
692ea030424dbf22e75ecfcc,6903bd580e94ce070afd33cd,keep,-0.1561,,,2,168,170,0.9822,,,,-0.0889,0.1947,0.0301,0.8518,0.0524
692eeeb20ba268eb16564a9c,69150bf42756853dcad943f2,keep,-0.1563,,,0,145,161,0.9062,,,,0.2749,0.3370,-0.1891,0.0000,0.3653
692eaeab40338017b7f99a06,6903686e0e94ce070afd1f24,keep,-0.1566,,,0,100,102,0.9901,,,,0.8889,-0.4055,0.2066,0.0000,0.1647
692ea5f3eee2f8cb10d0f7d5,69150bf42756853dcad943f2,keep,-0.1567,,,0,113,115,0.9912,,,,0.0827,-0.0408,0.4264,0.7725,-0.1649
692ef164f2e4e72c033b9b35,690cb8f69adc5c8f26f64201,keep,-0.1568,,,0,188,190,0.9947,,,,0.7387,-0.2868,0.6976,0.3299,-0.6081
692eabd44e86f0c01a20729d,6903686e0e94ce070afd1f24,keep,-0.1568,,,0,89,91,0.9889,,,,0.1687,0.5372,0.6012,0.0000,-0.5624
692e9500af371a654ce7fbf6,6871e269bc1991b1a1e463ba,keep,-0.1568,,,1,198,200,0.9899,,,,0.2044,-0.3354,0.6428,0.3076,0.3437
692ed683952b26f4cc71a43e,690366b20e94ce070afd1e8a,keep,-0.1571,,hesitant,54,198,200,0.7236,,,,-0.4620,0.3807,-0.1601,1.5445,-0.1629
692ea8122fa9ba56c08f8190,69070e0b9adc5c8f26f55b5a,keep,-0.1571,,,0,147,149,0.9932,,,,0.6526,-0.2643,0.5460,0.0000,-0.0288
692eb1303b319da763b71bf9,6903686e0e94ce070afd1f24,keep,-0.1571,,,6,137,139,0.9493,,,,0.3829,0.3882,-0.1750,0.0000,0.1184
692ef2cfef7557106e6c4c9c,69150bf42756853dcad943f2,keep,-0.1572,,jittery,0,171,173,0.9942,,,,-0.4364,1.6235,0.1010,0.0000,-0.7813
692e9c1cc621d7f4aac3a9d8,69150bf42756853dcad943f2,keep,-0.1573,,hesitant+incomplete,34,113,117,0.6810,,,,-0.5964,-0.2396,-0.2723,1.5184,1.1091
692ea3c0ffdc0ca6345c425a,690366b20e94ce070afd1e8a,keep,-0.1573,,poor_image,5,160,167,0.9337,,,,1.5314,-0.3409,-0.1928,-0.2938,-0.1978
692ea30440338017b7f998c5,6903686e0e94ce070afd1f24,keep,-0.1574,,unsteady_camera,1,115,117,0.9828,,,,0.5857,-0.4291,1.2385,0.0000,-0.3712
692ea25bf169106feb26ae06,6871e269bc1991b1a1e463ba,keep,-0.1575,,hesitant,0,178,180,0.9944,,,,-0.4160,0.3836,0.1024,1.2858,-0.2370
692ea8fb727c13b350cb7cbe,6903bd580e94ce070afd33cd,keep,-0.1578,,,3,168,170,0.9763,,,,0.2061,0.4240,0.1186,0.8161,-0.7752
692eac2c4e7eab2cafd269f4,6903bd580e94ce070afd33cd,keep,-0.1579,,hesitant,26,139,158,0.7197,,,,-0.1841,-0.4352,-0.2768,1.4410,0.8701
692eaaa3dbc4294a49cc72bb,69070e0b9adc5c8f26f55b5a,keep,-0.1579,,,0,174,176,0.9943,,,,1.0000,-0.0522,-0.0369,0.0000,-0.2792
692ea6d299488ff84776f958,69070e0b9adc5c8f26f55b5a,keep,-0.1580,,poor_image,0,148,150,0.9933,,,,1.0651,-0.0842,0.0037,0.0000,-0.3688
692eddda4cbe80983737fdff,690366b20e94ce070afd1e8a,keep,-0.1581,,,40,182,184,0.7760,,,,0.0953,0.4871,0.1652,-0.2938,0.3613
692ea4db99488ff84776f930,6903686e0e94ce070afd1f24,keep,-0.1582,,unsteady_camera,0,106,108,0.9907,,,,0.1266,-0.5038,1.1902,0.0000,0.4832
692eaa88c7cb0e94dc84bc08,6903bd580e94ce070afd33cd,keep,-0.1586,,,14,179,181,0.9167,,,,-0.3415,0.6597,0.4539,-0.0271,0.2059
692eac8892a31767e35da3bf,69070e0b9adc5c8f26f55b5a,keep,-0.1586,,incomplete,42,110,112,0.6126,,,,0.7094,-0.4715,-0.3515,0.0000,1.1051
692eac2c4e7eab2cafd269f5,6903bd580e94ce070afd33cd,keep,-0.1586,,jittery,0,183,185,0.9946,,,,-0.0698,1.7814,-0.1813,-0.2533,-1.0223
692ea968727c13b350cb7ced,6903686e0e94ce070afd1f24,keep,-0.1588,,,0,100,102,0.9901,,,,0.4116,-0.3155,0.4616,0.0000,0.5054
692eaabec621d7f4aac3ab91,6903b590466be157ec64580a,keep,-0.1589,,,0,199,227,0.8805,,,,0.2491,0.1152,-0.2486,0.4284,0.3860
692eae33aec602a46af106b4,6903686e0e94ce070afd1f24,keep,-0.1590,,,0,104,106,0.9905,,,,-0.5790,0.7358,-0.1963,0.7361,0.3380
692ef6040ba268eb16564b10,6903bd580e94ce070afd33cd,keep,-0.1590,,,0,211,214,0.9906,,,,0.3649,0.8840,-0.1299,-0.5342,-0.0960
692eae403b319da763b71bc1,6846f7cf9cdf020d4a37a294,keep,-0.1593,,hesitant+incomplete,38,193,205,0.7598,,,,-0.0674,-0.7960,-0.2616,1.1772,1.4947
692ea305dbc4294a49cc721c,6871d82a1aaf88556f0c6041,keep,-0.1596,,poor_image,0,121,123,0.9918,,,,1.0623,-0.4158,0.3300,0.0000,-0.1824
692eac8792a31767e35da3b6,69070e0b9adc5c8f26f55b5a,keep,-0.1597,,,0,171,176,0.9771,,,,0.1117,0.1488,-0.1483,0.6595,0.2160
692ea2305cd6df8b6023c99e,6871e269bc1991b1a1e463ba,keep,-0.1597,,,0,193,195,0.9948,,,,0.6107,-0.0347,0.5481,0.0000,-0.2940
692ea4db99488ff84776f92c,6903686e0e94ce070afd1f24,keep,-0.1598,,unsteady_camera,1,102,104,0.9806,,,,-0.5348,-0.2409,1.8625,0.0000,0.4193
692ea7f6f169106feb26aedf,6903686e0e94ce070afd1f24,keep,-0.1598,,,0,126,128,0.9921,,,,-0.0159,0.5434,-0.0256,0.0000,0.3531
692ea773b77ab81b8b41ee8d,6846f7cf9cdf020d4a37a294,keep,-0.1600,,,7,171,178,0.9266,,,,0.5444,-0.6943,0.7502,0.1404,0.4543
692ea33195aad87d3e3445a9,6903686e0e94ce070afd1f24,keep,-0.1602,,,22,103,106,0.7714,,,,-0.0204,0.1480,-0.1347,0.8839,0.1806
692eace41e78e176ba6cf967,6903bd580e94ce070afd33cd,keep,-0.1602,,,17,203,205,0.9118,,,,0.7773,-0.0426,0.6189,-0.2808,-0.3189
692ea1f0b0d3d3c9d2606999,6903686e0e94ce070afd1f24,keep,-0.1603,,,33,87,92,0.5934,,,,0.2116,-0.0906,0.2169,0.0000,0.7236
692eac2d4e7eab2cafd269fa,6903bd580e94ce070afd33cd,keep,-0.1604,,,0,153,193,0.7969,,,,0.3735,-0.6764,0.1983,0.7173,0.6614
692e9d3ca0e165ab2e42e3b9,6903686e0e94ce070afd1f24,keep,-0.1605,,,25,132,134,0.8045,,,,-0.0451,0.4161,-0.2529,0.5811,0.2384
692eb3e26974927fef249da1,6903686e0e94ce070afd1f24,keep,-0.1606,,,0,98,100,0.9899,,,,0.1287,0.6138,0.1637,0.0000,-0.1533
692ef4c89ca48e15a25b2a5e,690cb8f69adc5c8f26f64201,keep,-0.1610,,,1,234,236,0.9915,,,,-0.3874,0.4361,0.3595,0.6483,0.0462
692eadecc609aae267b279f3,68bc72d1fcdaacc405e3db53,keep,-0.1612,,,3,140,142,0.9716,,,,0.4230,0.2947,0.2540,0.3440,-0.5460
692eada5c609aae267b279dc,690cb8f69adc5c8f26f64201,keep,-0.1612,,incomplete,1,135,176,0.7657,,,,0.2086,-0.9574,-0.0730,0.4353,1.8895
692eab65d3d807884d4dd7dc,69070e0b9adc5c8f26f55b5a,keep,-0.1613,,,45,119,121,0.6167,,,,-0.5293,0.2284,0.9749,0.0000,0.6058
692e9e7cea43f09edf26f503,69036806466be157ec64477f,keep,-0.1613,,,57,160,168,0.6168,,,,0.4284,0.4029,-0.2800,0.0100,0.1524
692e9d97d3d807884d4dd666,6903686e0e94ce070afd1f24,keep,-0.1617,,,3,105,107,0.9623,,,,0.1637,0.0034,0.4732,0.0000,0.4080
692ea6fc4e86f0c01a20722e,6903bd580e94ce070afd33cd,keep,-0.1619,,,0,176,178,0.9944,,,,0.7090,0.3662,0.3516,0.3077,-1.1387
692eae17f169106feb26afa5,6903b590466be157ec64580a,keep,-0.1619,,,19,228,236,0.8894,,,,0.1660,0.1963,-0.2440,0.0956,0.7383
692ef055245e9187290070d7,6846f7cf9cdf020d4a37a294,keep,-0.1622,,,10,189,191,0.9421,0.1449,1,0.9761,0.1552,0.7961,-0.0044,-0.7063,-1.1454
692e9cb53b319da763b7198f,6903bd580e94ce070afd33cd,keep,-0.1622,,incomplete,60,178,210,0.5646,,,,-0.2582,-0.2748,-0.0971,0.3393,1.6927
692eac4a5aae241ad236ee03,6903bd580e94ce070afd33cd,keep,-0.1622,,,0,139,141,0.9929,,,,-0.0462,0.5970,-0.1795,0.8561,-0.3673
692ea8f4c621d7f4aac3ab7c,6903b590466be157ec64580a,keep,-0.1627,,unsteady_camera,17,218,238,0.8481,,,,0.2608,-0.8402,1.4455,0.2653,0.2968
692ead1bffdc0ca6345c4357,6846f7cf9cdf020d4a37a294,keep,-0.1630,,incomplete,37,225,230,0.8210,,,,-0.1051,-0.4949,0.1018,0.6636,1.2757
692ea8fb727c13b350cb7cb2,6903bd580e94ce070afd33cd,keep,-0.1631,,jittery,0,174,176,0.9943,,,,0.2007,1.0509,0.1475,-0.2389,-0.6447
692e9ee6c7cb0e94dc84badd,6903686e0e94ce070afd1f24,keep,-0.1631,,,44,104,106,0.5714,,,,0.0830,-0.1771,0.2907,0.0000,0.9922
692ea7fe4e7eab2cafd2698d,690366b20e94ce070afd1e8a,keep,-0.1631,,hesitant,9,200,204,0.9409,,,,-0.3414,0.4305,-0.1994,1.4747,-0.2669
692e9a592fa9ba56c08f8045,6903686e0e94ce070afd1f24,keep,-0.1632,,,3,92,94,0.9570,,,,0.6119,-0.5079,0.3560,0.9980,-0.3678
692ea80e1e78e176ba6cf8fc,6903b590466be157ec64580a,keep,-0.1633,,incomplete,23,219,235,0.8376,,,,0.1014,-0.0245,-0.0791,-0.0382,1.1452
692ea697ad0c9ef057d41d09,68bc72d1fcdaacc405e3db53,keep,-0.1634,,hesitant,19,123,189,0.5532,,,,-0.0162,-0.3576,0.1208,1.0387,0.5453
692eb227b77ab81b8b41ef8c,6903686e0e94ce070afd1f24,keep,-0.1635,,hesitant,3,89,91,0.9556,,,,0.2529,-0.2166,-0.1331,1.7175,-0.4944
692eafd5ffdc0ca6345c4397,69070e0b9adc5c8f26f55b5a,keep,-0.1635,,,0,137,144,0.9580,,,,-0.0049,0.2930,0.0297,0.0000,0.6828
692ea02f424dbf22e75ecfc5,6903bd580e94ce070afd33cd,keep,-0.1637,,hesitant,0,160,162,0.9938,,,,0.1486,-0.2619,-0.0365,1.3168,0.0355
692eb0503019385fbbf5688f,69070e0b9adc5c8f26f55b5a,keep,-0.1637,,,1,146,148,0.9864,,,,-0.0707,-0.2348,0.7162,0.7851,0.1027
692eb00d1e78e176ba6cf9a4,6846f7cf9cdf020d4a37a294,keep,-0.1639,,jittery,0,218,220,0.9954,,,,0.3685,1.0739,0.0659,-0.0689,-1.0136
692ea97dea43f09edf26f60b,6903686e0e94ce070afd1f24,keep,-0.1639,,,0,113,115,0.9912,,,,0.3591,0.4136,-0.0742,0.0000,0.0622
692eb226b77ab81b8b41ef7c,6903686e0e94ce070afd1f24,keep,-0.1639,,,17,101,103,0.8235,,,,-0.7084,0.2524,0.8166,0.7577,0.2569
692eacc44e7eab2cafd26a28,6903686e0e94ce070afd1f24,keep,-0.1641,,,0,98,100,0.9899,,,,-0.2947,0.4684,0.5452,0.0000,0.3426
692e9a9cc621d7f4aac3a9b6,6904b8d0466be157ec648ef1,keep,-0.1641,,incomplete,5,115,197,0.5612,,,,-0.2039,-0.5492,-0.1540,0.2898,2.1422
692ea7f6f169106feb26aee1,6903686e0e94ce070afd1f24,keep,-0.1642,,,2,135,137,0.9779,,,,0.4397,-0.0544,-0.1328,0.0000,0.7040
692e980a4e86f0c01a2070d7,68696b41314bde44018fa510,keep,-0.1643,,,0,206,208,0.9952,,,,0.8039,-0.0120,-0.4081,0.8529,-0.4827
692e99db6974927fef249bbd,69150bf42756853dcad943f2,keep,-0.1644,,incomplete,52,151,153,0.6513,,,,-0.6079,0.5156,-0.1864,0.0000,1.4755
692ea1d668bf0a1f462304fb,690cb8f69adc5c8f26f64201,keep,-0.1644,,,0,229,231,0.9957,,,,0.1465,0.1085,-0.1608,0.8735,0.0558
692eae3f3b319da763b71bbd,6846f7cf9cdf020d4a37a294,keep,-0.1646,,,0,202,223,0.9099,,,,0.6999,-0.3308,-0.0843,0.3262,0.3567
692eace21e78e176ba6cf950,6903bd580e94ce070afd33cd,keep,-0.1648,,jittery+hesitant,0,171,174,0.9884,,,,-0.5966,1.6324,0.2164,1.0836,-1.7004
692eae08424dbf22e75ed149,6846f7cf9cdf020d4a37a294,keep,-0.1649,,jittery,22,221,223,0.8964,,,,0.0998,1.4203,-0.1347,-0.4813,-0.5101
692eaf7668228e362d909154,6903bd580e94ce070afd33cd,keep,-0.1649,,,0,178,195,0.9175,,,,0.2375,0.1503,0.0079,0.2651,0.2996
692eac52f169106feb26af87,69038b590e94ce070afd2952,keep,-0.1651,,,13,230,232,0.9394,,,,0.3003,0.1287,0.0517,0.6274,-0.1669
692ed683952b26f4cc71a43c,690366b20e94ce070afd1e8a,keep,-0.1652,,,70,192,194,0.6321,,,,-0.1634,0.5733,-0.4475,0.8294,0.1597
692e9b61c7cb0e94dc84baa0,690cb8f69adc5c8f26f64201,keep,-0.1654,,,0,226,229,0.9912,,,,0.1085,0.1645,0.0245,0.5470,0.1768
692eac495aae241ad236edfe,6903bd580e94ce070afd33cd,keep,-0.1655,,incomplete,44,160,177,0.6591,,,,0.2700,-0.7328,-0.1496,0.8654,1.1369
692e9ee6b05428c72fb3747f,68696b41314bde44018fa510,keep,-0.1656,,unsteady_camera,0,162,164,0.9939,,,,-0.1732,0.0729,1.9034,0.0000,-0.5934
692f49d2f59fd218b1be02aa,6904b8d0466be157ec648ef1,keep,-0.1657,,,17,211,213,0.9151,,,,0.4575,-0.2838,0.0091,0.4488,0.4412
692eaee339719ab57395b97d,6903bd580e94ce070afd33cd,keep,-0.1657,,,0,179,181,0.9944,,,,0.2055,0.4298,-0.2268,0.5472,-0.1134
692ea16496d2056439f017c0,6903686e0e94ce070afd1f24,keep,-0.1662,,incomplete,37,100,102,0.6238,,,,-0.2808,0.0356,0.4181,0.0000,1.1130
692e8e504e86f0c01a207006,6904b8d0466be157ec648ef1,keep,-0.1662,,,20,226,229,0.9035,,,,0.9587,0.4437,-0.0448,0.3364,-1.2321
692ea698ad0c9ef057d41d12,68bc72d1fcdaacc405e3db53,keep,-0.1664,,,97,203,205,0.5196,0.3154,0,0.9924,-0.5694,0.7032,-0.1757,-0.1464,0.9873
692eac485aae241ad236edf6,6903bd580e94ce070afd33cd,keep,-0.1665,,,0,187,194,0.9689,,,,0.3527,0.4162,-0.0781,0.4117,-0.3217
692eaff3e2322e3b092b5fac,6846f7cf9cdf020d4a37a294,keep,-0.1666,,incomplete,47,194,198,0.7462,,,,0.0534,0.3628,-0.3762,-0.2513,1.1692
692eacc14e7eab2cafd26a0f,6903686e0e94ce070afd1f24,keep,-0.1666,,,0,108,110,0.9908,,,,-0.0320,0.7682,0.5848,0.0000,-0.5232
692ea76a4e86f0c01a207250,6871d82a1aaf88556f0c6041,keep,-0.1668,,,0,112,114,0.9912,,,,0.0250,0.5054,-0.0779,0.0000,0.4500
692ef6369ca48e15a25b2a7f,69150bf42756853dcad943f2,keep,-0.1668,,,5,110,118,0.8974,,,,0.8166,-0.6994,0.5020,0.0000,0.4898
692ea22cb0d3d3c9d260699f,68bc72d1fcdaacc405e3db53,keep,-0.1670,,,27,231,233,0.8793,,,,0.1696,0.3692,0.7360,-0.1738,-0.2014
692eac2daec602a46af10668,6903686e0e94ce070afd1f24,keep,-0.1670,,,0,91,93,0.9891,,,,0.4446,0.2352,-0.0310,0.0000,0.1802
692eabd34e86f0c01a207293,6903686e0e94ce070afd1f24,keep,-0.1671,,,2,90,92,0.9670,,,,0.5638,0.2692,0.4427,0.0000,-0.5222
692eaaa1dbc4294a49cc72ad,69070e0b9adc5c8f26f55b5a,keep,-0.1671,,jittery,9,175,177,0.9432,0.4299,1,0.3594,0.4515,1.0186,0.5920,0.8084,0.0360
692ea307dbc4294a49cc722c,6871d82a1aaf88556f0c6041,keep,-0.1671,,,2,113,115,0.9737,,,,0.0763,0.3396,0.3868,0.0000,0.1593
692eaee396d2056439f01947,68696b41314bde44018fa510,keep,-0.1675,,unsteady_camera,0,229,231,0.9957,,,,-0.3986,-0.0896,1.2726,0.7676,-0.1358
692e9f8e39719ab57395b83e,6871e269bc1991b1a1e463ba,keep,-0.1675,,,0,203,205,0.9951,,,,-0.2324,0.6372,-0.2233,0.3001,0.4887
692ea308dbc4294a49cc7235,6871d82a1aaf88556f0c6041,keep,-0.1679,,unsteady_camera,0,124,126,0.9920,,,,-0.1891,0.0105,1.7168,0.0000,-0.2738
692eabd1d52427f961fa15d0,6903686e0e94ce070afd1f24,keep,-0.1680,,,2,109,112,0.9640,,,,0.0887,0.5826,-0.1909,0.8362,-0.4765
692eaec4f169106feb26afba,6871d82a1aaf88556f0c6041,keep,-0.1680,,jittery,1,112,114,0.9823,,,,-0.4691,1.1187,0.0739,0.0000,0.1275
692efd0445175992cd6a0e3b,690362600e94ce070afd1d30,keep,-0.1682,,unsteady_camera+hesitant,27,232,234,0.8798,,,,0.7554,-0.7725,1.0093,1.0029,-0.8091
692e9f8f40338017b7f998a5,6871e269bc1991b1a1e463ba,keep,-0.1686,,,0,203,206,0.9902,,,,0.1471,0.4442,0.3372,0.0000,-0.0438
692e9ea5a0e165ab2e42e3e0,6903bd580e94ce070afd33cd,keep,-0.1686,,,6,155,196,0.7641,,,,0.3274,-0.0787,0.4800,-0.3001,0.6275
692e9d3ea0e165ab2e42e3c8,6903686e0e94ce070afd1f24,keep,-0.1687,,,0,130,132,0.9924,,,,-0.3115,0.3314,-0.1250,0.5900,0.6858
692eada6c609aae267b279e5,690cb8f69adc5c8f26f64201,keep,-0.1689,,,0,200,202,0.9950,,,,0.8977,0.0283,-0.0875,0.3102,-0.4291
692f19fd5cec8e06f0b2dc39,69070e0b9adc5c8f26f55b5a,keep,-0.1691,,jittery,3,182,184,0.9781,,,,-0.7258,1.2232,-0.4064,0.6307,0.2131
692ea6d81e78e176ba6cf8eb,69070e0b9adc5c8f26f55b5a,keep,-0.1691,,,0,212,214,0.9953,,,,0.4030,0.2987,-0.1411,0.0000,0.2722
692eb0819cebf0ec017ddddc,69070e0b9adc5c8f26f55b5a,keep,-0.1691,,poor_image,0,121,129,0.9453,,,,1.2259,-0.4275,0.4947,0.0000,-0.5083
692ea701c621d7f4aac3ab0a,68696b41314bde44018fa510,keep,-0.1693,,poor_image,0,167,169,0.9940,,,,1.0619,-0.1503,0.1759,0.0000,-0.3583
692ef3e1f2e4e72c033b9b55,6904b8d0466be157ec648ef1,keep,-0.1693,,,0,210,214,0.9859,,,,0.4595,0.2922,-0.2056,0.1801,0.0829
692e9b3b68bf0a1f4623045b,6871e269bc1991b1a1e463ba,keep,-0.1694,,,3,182,184,0.9781,,,,-0.1696,0.0540,0.6091,0.0000,0.7500
692eaa172fa9ba56c08f81bc,69150bf42756853dcad943f2,keep,-0.1694,,hesitant,0,136,171,0.8000,,,,-0.3717,0.4437,-0.3056,1.0361,0.3473
692eb1475aae241ad236ee7a,68bc72d1fcdaacc405e3db53,keep,-0.1694,,,2,160,162,0.9814,,,,0.2236,0.7641,-0.3561,0.2022,-0.1418
692ea7684e86f0c01a20723b,6871d82a1aaf88556f0c6041,keep,-0.1696,,jittery,0,139,141,0.9929,,,,-0.8830,1.2451,0.4504,0.0000,0.1935
692ea5e4854d0e0793875b7c,6903bd580e94ce070afd33cd,keep,-0.1699,,,3,182,197,0.9133,,,,0.3799,0.0503,-0.0722,0.3972,0.2189
692eab66d3d807884d4dd7eb,69070e0b9adc5c8f26f55b5a,keep,-0.1699,,,12,132,135,0.8955,,,,0.3810,-0.2411,0.0872,0.0000,0.8921
692eb0b3c609aae267b27a4b,6871d82a1aaf88556f0c6041,keep,-0.1699,,,0,109,111,0.9909,,,,-0.1111,0.7106,0.0759,0.0000,0.2141
692eac0992a31767e35da39c,6846f7cf9cdf020d4a37a294,keep,-0.1702,,incomplete,50,226,230,0.7686,,,,0.1174,-0.1662,-0.1700,0.0765,1.3578
692ea1d568bf0a1f462304f1,690cb8f69adc5c8f26f64201,keep,-0.1702,,unsteady_camera,9,191,201,0.9100,,,,-0.2827,-0.7126,1.8915,0.0000,0.7926
692e977c74b24813e75973f9,69150bf42756853dcad943f2,keep,-0.1703,,incomplete,33,115,121,0.6833,,,,-0.0463,-0.2329,0.0704,0.2700,1.2705
692ef164f2e4e72c033b9b37,690cb8f69adc5c8f26f64201,keep,-0.1703,,hesitant,0,184,186,0.9946,0.1964,2,0.2976,0.3568,0.0099,-0.2021,1.3483,-0.3787
692eaa5e7641010d0435470a,69070e0b9adc5c8f26f55b5a,keep,-0.1706,,,4,120,123,0.9508,,,,0.0829,0.0836,0.7743,0.0000,0.1700
692eaa59a0e165ab2e42e512,690362600e94ce070afd1d30,keep,-0.1707,,incomplete,16,176,178,0.9040,,,,0.2636,-0.1279,-0.6020,0.4725,1.1208
692ea97cea43f09edf26f5ff,6903686e0e94ce070afd1f24,keep,-0.1707,,poor_image,3,93,95,0.9574,,,,1.1142,-0.2937,-0.2654,0.8222,-0.5927
692ea168e2322e3b092b5df7,6871d82a1aaf88556f0c6041,keep,-0.1707,,hesitant,0,91,93,0.9891,,,,-0.0329,-0.5715,0.2265,2.0000,-0.1247
692ea63a3b319da763b71ad4,69070e0b9adc5c8f26f55b5a,keep,-0.1709,,unsteady_camera,30,100,102,0.6931,,,,-0.1461,-0.1663,1.2478,0.0000,0.4172
692eaa62d3d807884d4dd7c4,6903686e0e94ce070afd1f24,keep,-0.1711,,unsteady_camera,0,104,106,0.9905,,,,-0.2501,-0.2336,1.5113,0.0000,0.4118
692eb1edd52427f961fa166e,69070e0b9adc5c8f26f55b5a,keep,-0.1711,,,2,106,108,0.9720,,,,0.7082,-0.5737,0.9781,0.0000,0.0178
692ea30740338017b7f998e2,6903686e0e94ce070afd1f24,keep,-0.1711,,,0,97,99,0.9898,,,,0.6363,0.0056,-0.0130,0.0000,0.2480
692ea166e2322e3b092b5de5,6871d82a1aaf88556f0c6041,keep,-0.1711,,,0,106,108,0.9907,,,,0.5349,-0.2101,0.2136,0.0000,0.4971
692f05bbfbcce321dca75025,670be6761e62a52f6a35360d,keep,-0.1712,,,28,332,334,0.9129,,,,-0.3460,0.4465,0.2632,0.9731,-0.1890
692ea8004e7eab2cafd2699c,690366b20e94ce070afd1e8a,keep,-0.1715,,incomplete,76,171,185,0.5163,,,,-0.1856,-0.4878,0.2714,0.8843,1.0549
692e9d98d3d807884d4dd667,6903686e0e94ce070afd1f24,keep,-0.1716,,,0,100,102,0.9901,,,,0.2651,0.3340,0.0952,0.7652,-0.5580
692ea16596d2056439f017d3,6903686e0e94ce070afd1f24,keep,-0.1717,,,0,111,113,0.9911,,,,0.1716,-0.0898,-0.1507,0.6901,0.5398
692ea031424dbf22e75ecfdb,6903bd580e94ce070afd33cd,keep,-0.1718,,hesitant,0,151,157,0.9679,,,,0.2601,-0.6465,-0.2600,2.2926,-0.2505
692ee8694215b056bf36e819,6846f7cf9cdf020d4a37a294,keep,-0.1719,,jittery,0,192,194,0.9948,,,,0.5813,1.2341,-0.2951,-0.7063,-0.5182
692eaebb9cebf0ec017ddd41,690366b20e94ce070afd1e8a,keep,-0.1720,,,70,225,233,0.6681,,,,0.1694,-0.2032,0.5286,-0.0019,0.7279
692eaa08c7cb0e94dc84bc01,68bc72d1fcdaacc405e3db53,keep,-0.1720,,poor_image,0,113,157,0.7244,,,,1.5909,-1.2102,0.9282,-0.3737,0.0785
692eab65d3d807884d4dd7dd,69070e0b9adc5c8f26f55b5a,keep,-0.1721,,hesitant,0,149,154,0.9739,,,,-0.2087,-0.1892,0.5365,1.2193,0.0457
692eaf995aae241ad236ee61,690364170e94ce070afd1da5,keep,-0.1721,,,64,267,284,0.7173,,,,0.0939,-0.4187,0.3343,0.6537,0.7037
692ea69faec602a46af105b2,6903686e0e94ce070afd1f24,keep,-0.1722,,,4,104,106,0.9524,,,,0.1620,0.2051,0.1496,0.0000,0.5055
692ea1efb0d3d3c9d2606993,6903686e0e94ce070afd1f24,keep,-0.1725,,jittery,0,118,120,0.9916,,,,0.0291,1.1752,0.1752,0.0000,-0.7739
692e993af169106feb26ad08,6903686e0e94ce070afd1f24,keep,-0.1725,,,0,100,105,0.9615,,,,0.6154,0.2643,0.1873,0.0000,-0.2991
692ea30840338017b7f998ea,6903686e0e94ce070afd1f24,keep,-0.1726,,,1,110,112,0.9820,,,,0.2299,-0.0266,0.4148,0.0000,0.4881
692eb3df6974927fef249d83,6903686e0e94ce070afd1f24,keep,-0.1727,,,0,104,106,0.9905,,,,0.3880,0.0478,0.0958,0.0000,0.4592
692ea40297ffd8ec90340151,6903686e0e94ce070afd1f24,keep,-0.1727,,unsteady_camera,9,97,99,0.8980,,,,-0.0025,-0.1845,1.5803,0.0000,-0.0910
692ea7ff4e7eab2cafd26998,690366b20e94ce070afd1e8a,keep,-0.1728,,,32,182,184,0.8197,,,,-0.2109,0.7711,0.2406,0.4462,-0.3177
692e9749ba0400c70689fcff,69150bf42756853dcad943f2,keep,-0.1729,,jittery,2,129,131,0.9769,,,,-0.1302,1.0637,-0.1047,0.0000,-0.0851
692eafb4dbc4294a49cc731b,69070e0b9adc5c8f26f55b5a,keep,-0.1731,,,21,180,182,0.8785,,,,-0.1661,0.5227,-0.0491,0.0000,0.7256
692eb1313b319da763b71c01,6903686e0e94ce070afd1f24,keep,-0.1732,,,0,115,117,0.9914,,,,0.5582,0.6859,-0.2471,0.0000,-0.4069
692ea40597ffd8ec9034016a,6903686e0e94ce070afd1f24,keep,-0.1732,,unsteady_camera,0,90,92,0.9890,,,,-0.2311,0.0105,1.0158,0.0000,0.5274
692eac2c4e7eab2cafd269f1,6903bd580e94ce070afd33cd,keep,-0.1733,,,0,159,161,0.9938,,,,0.4034,0.8825,0.0066,0.0741,-0.7965
692e9b38b77ab81b8b41ed2f,6903bd580e94ce070afd33cd,keep,-0.1734,,poor_image+unsteady_camera,0,210,212,0.9953,,,,1.4473,0.1393,1.1709,-0.0443,-2.2929
692eae0697ffd8ec9034026d,6846f7cf9cdf020d4a37a294,keep,-0.1735,,,0,219,221,0.9955,,,,-0.1034,0.6174,0.2745,0.5393,-0.3705
692ea269af371a654ce7fd35,68696b41314bde44018fa510,keep,-0.1735,,,1,183,185,0.9891,,,,0.0313,0.2496,-0.2546,0.9595,0.0881
692ea4e392a31767e35da2ee,690366b20e94ce070afd1e8a,keep,-0.1738,,unsteady_camera,23,218,221,0.8864,0.4547,4,0.5563,-0.4400,0.1688,1.5273,0.0140,0.0821
692ea22db0d3d3c9d26069a4,68bc72d1fcdaacc405e3db53,keep,-0.1738,,,82,206,208,0.5990,,,,-0.4933,0.6661,0.2033,-0.2107,0.9648
692eae403b319da763b71bc2,6846f7cf9cdf020d4a37a294,keep,-0.1739,,poor_image,0,210,220,0.9589,,,,1.5683,-0.6135,-0.2549,-0.2501,0.2901
692e9ee3c7cb0e94dc84bac7,6903686e0e94ce070afd1f24,keep,-0.1739,,,0,102,104,0.9903,,,,0.2604,-0.0400,0.3000,0.9011,-0.3142
692eafd9eee2f8cb10d0f8f9,6846f7cf9cdf020d4a37a294,keep,-0.1741,,poor_image,5,143,145,0.9583,,,,1.2907,-0.2808,0.0263,-0.3594,0.0368
692ea97aea43f09edf26f5f0,6903686e0e94ce070afd1f24,keep,-0.1741,,,16,96,100,0.8081,,,,0.3315,0.2932,0.4279,0.0000,-0.1462
692eaeba9cebf0ec017ddd3c,690366b20e94ce070afd1e8a,keep,-0.1742,,,12,218,227,0.9115,,,,0.4148,0.2199,0.4067,0.0360,-0.1755
692eb0513019385fbbf56897,69070e0b9adc5c8f26f55b5a,keep,-0.1743,,,0,123,125,0.9919,,,,0.5526,0.1969,-0.4044,0.5737,-0.0734
692eac182fa9ba56c08f81f2,690364170e94ce070afd1da5,keep,-0.1744,,,0,192,194,0.9948,,,,-0.3288,0.1027,0.4054,0.8418,0.3131
692ea1ebb0d3d3c9d2606970,6903686e0e94ce070afd1f24,keep,-0.1745,,,0,97,99,0.9898,,,,-0.1020,0.6398,-0.2112,0.0000,0.6261
692ea967727c13b350cb7ccc,6903686e0e94ce070afd1f24,keep,-0.1746,,hesitant,0,119,121,0.9917,,,,-0.4973,0.6937,0.2355,1.2881,-0.5963
692eac4e5cd6df8b6023ca97,690cb8f69adc5c8f26f64201,keep,-0.1751,,,0,177,179,0.9944,,,,0.0771,0.6292,-0.1183,0.4280,-0.1437
692e993bf169106feb26ad10,6903686e0e94ce070afd1f24,keep,-0.1753,,,14,112,115,0.8596,,,,0.4821,-0.1120,0.3902,0.0000,0.2815
692eae0697ffd8ec90340268,6846f7cf9cdf020d4a37a294,keep,-0.1754,,,29,212,214,0.8592,,,,0.3651,0.2966,0.2199,0.6527,-0.6370
692e977d74b24813e75973fe,69150bf42756853dcad943f2,keep,-0.1755,,,0,133,135,0.9925,,,,0.3044,0.2660,0.0375,0.0000,0.3353
692eabd1d52427f961fa15cf,6903686e0e94ce070afd1f24,keep,-0.1757,,,1,107,109,0.9815,,,,-0.0687,0.1156,-0.0885,0.8594,0.3885
692eaf2b4e86f0c01a2072d9,69070e0b9adc5c8f26f55b5a,keep,-0.1758,,,0,185,187,0.9946,,,,-0.1131,0.6674,-0.0229,0.7649,-0.3429
692eadeec609aae267b27a04,68bc72d1fcdaacc405e3db53,keep,-0.1758,,,15,148,150,0.8926,,,,0.1912,-0.0944,0.5283,0.5598,-0.0024
692e9dc168228e362d908f7c,6903686e0e94ce070afd1f24,keep,-0.1759,,,3,124,126,0.9680,,,,0.7193,-0.0542,-0.0555,0.0000,0.2888
692ea0bc727c13b350cb7be5,6903686e0e94ce070afd1f24,keep,-0.1762,,hesitant,0,89,91,0.9889,,,,0.4628,-0.3432,0.0192,1.0313,0.0034
692eae813019385fbbf5686e,690366b20e94ce070afd1e8a,keep,-0.1763,,,66,198,200,0.6633,,,,0.5683,-0.6027,-0.1573,0.8298,0.6129
692eae56c621d7f4aac3abe1,6846f7cf9cdf020d4a37a294,keep,-0.1764,,poor_image,0,190,192,0.9948,,,,1.0890,-0.8518,0.2586,0.7554,-0.1347
692ea031424dbf22e75ecfd6,6903bd580e94ce070afd33cd,keep,-0.1765,,,2,167,191,0.8684,,,,-0.3678,0.0815,0.6264,0.5539,0.4848
692e9d46ba0400c70689fdca,6903bd580e94ce070afd33cd,keep,-0.1766,,,0,210,212,0.9953,,,,0.1242,0.3394,0.4997,0.1147,-0.0736
692ea9bbf169106feb26af11,68bc72d1fcdaacc405e3db53,keep,-0.1766,,,40,186,191,0.7684,,,,0.3644,-0.5028,0.2018,0.5804,0.6619
692e977774b24813e75973e7,6871e269bc1991b1a1e463ba,keep,-0.1766,,hesitant,0,220,228,0.9692,,,,-0.1872,-0.0758,0.4660,1.2187,-0.0538
692eae803019385fbbf5686c,690366b20e94ce070afd1e8a,keep,-0.1768,,,73,206,208,0.6425,,,,0.3351,-0.0029,0.1134,-0.2938,0.9195
692ea2c5dfa41139877769ac,6904b8d0466be157ec648ef1,keep,-0.1769,,,0,198,206,0.9659,,,,-0.0374,0.2893,0.3375,0.5541,-0.0315
692e90002fa9ba56c08f7f83,6904b8d0466be157ec648ef1,keep,-0.1772,,,1,126,135,0.9328,,,,0.5353,-0.8093,0.6884,0.2862,0.6766
692ea9995cd6df8b6023ca5e,690364170e94ce070afd1da5,keep,-0.1773,,,39,213,218,0.8018,,,,0.1055,-0.1959,0.1586,0.6835,0.5345
692eacf799488ff84776f9fc,6846f7cf9cdf020d4a37a294,keep,-0.1773,,,20,172,174,0.8786,,,,-0.4700,0.4616,0.3516,0.6484,0.2539
692ea6fc4e86f0c01a207231,6903bd580e94ce070afd33cd,keep,-0.1775,,,27,159,170,0.7811,,,,0.1939,-0.0848,0.2270,0.2760,0.5758
692eb226b77ab81b8b41ef83,6903686e0e94ce070afd1f24,keep,-0.1775,,,0,94,96,0.9895,,,,-0.4231,0.4585,-0.1223,0.9770,0.3348
692ea8112fa9ba56c08f8186,69070e0b9adc5c8f26f55b5a,keep,-0.1776,,poor_image,0,160,162,0.9938,,,,1.0613,-0.0782,0.2287,0.0000,-0.4599
692ea33595aad87d3e3445c1,6903686e0e94ce070afd1f24,keep,-0.1779,,,0,119,121,0.9917,,,,-0.2176,0.6270,0.0555,0.0000,0.5758
692eacc24e7eab2cafd26a1b,6903686e0e94ce070afd1f24,keep,-0.1783,,,1,111,113,0.9821,,,,0.3601,0.3182,-0.1110,0.8287,-0.4868
692eacc44e7eab2cafd26a25,6903686e0e94ce070afd1f24,keep,-0.1783,,,0,119,121,0.9917,,,,0.7891,0.2612,0.0007,0.0000,-0.3278
692e9a32ba0400c70689fd65,68696b41314bde44018fa510,keep,-0.1785,,unsteady_camera,0,168,170,0.9941,0.1956,1,0.8744,-0.5900,-0.0990,1.2381,0.0000,-0.7428
692e9fc15aae241ad236ecca,690362600e94ce070afd1d30,keep,-0.1786,,,0,322,324,0.9969,,,,0.4646,0.4307,0.2422,-0.0277,-0.3073
692ea1ac3b319da763b71a4b,69070e0b9adc5c8f26f55b5a,keep,-0.1788,,hesitant,2,164,166,0.9818,,,,-0.4730,-0.6184,0.7854,1.5617,0.5414
692ea3fa3b319da763b71a9b,6871e269bc1991b1a1e463ba,keep,-0.1788,,incomplete,0,228,230,0.9956,,,,0.6104,-0.3163,-0.4843,0.2673,1.0275
692ea75274b24813e75975a3,6904b8d0466be157ec648ef1,keep,-0.1789,,,0,203,205,0.9951,0.4383,2,0.1061,0.4959,0.9432,0.0528,0.8424,0.0689
692eae0697ffd8ec90340271,6846f7cf9cdf020d4a37a294,keep,-0.1790,,unsteady_camera,12,159,172,0.8596,,,,-0.7818,-0.1785,2.0348,0.0799,0.5789
692eaff5e2322e3b092b5fbd,6846f7cf9cdf020d4a37a294,keep,-0.1791,,,2,189,191,0.9842,,,,0.7260,0.8529,-0.0449,-0.1805,-0.8894
692eb0503019385fbbf5688a,69070e0b9adc5c8f26f55b5a,keep,-0.1791,,,2,175,177,0.9830,,,,0.1377,-0.2548,0.2551,0.8084,0.3657
692ea7ff4e7eab2cafd26996,690366b20e94ce070afd1e8a,keep,-0.1792,,,77,177,179,0.5618,,,,-0.0520,0.1267,0.0664,0.1249,0.9512
692e984a68bf0a1f462303f2,6871e269bc1991b1a1e463ba,keep,-0.1795,,,0,227,229,0.9956,,,,0.9735,0.0718,-0.4947,0.0000,0.1831
692ea9c11e78e176ba6cf916,6903bd580e94ce070afd33cd,keep,-0.1799,,,4,183,231,0.7783,0.1306,1,0.9835,-0.3409,-0.3646,-0.2074,-0.1373,0.6183
692e94935aae241ad236eb9b,68696b41314bde44018fa510,keep,-0.1800,,,0,182,184,0.9945,,,,0.6836,-0.2037,0.2759,0.0000,0.2643
692ea8fb727c13b350cb7cbd,6903bd580e94ce070afd33cd,keep,-0.1801,,,40,181,183,0.7747,,,,-0.2765,0.4717,-0.0358,0.5021,0.5018
692ea23dc621d7f4aac3aaa1,690366b20e94ce070afd1e8a,keep,-0.1806,,poor_image+unsteady_camera,0,87,91,0.9667,,,,2.1450,-1.6559,1.7367,-0.2938,-0.9126
692eabd44e86f0c01a207296,6903686e0e94ce070afd1f24,keep,-0.1807,,,0,95,97,0.9896,,,,-0.2880,0.8781,0.0202,0.0000,0.3598
692eb0101e78e176ba6cf9b7,6846f7cf9cdf020d4a37a294,keep,-0.1808,,,0,209,211,0.9952,,,,0.3752,0.7059,-0.1802,-0.2795,0.1034
692ea5377641010d043546cb,6871d82a1aaf88556f0c6041,keep,-0.1808,,,0,96,98,0.9897,,,,-0.6521,0.4742,0.8931,0.0000,0.6396
692eae45854d0e0793875c5d,6903b590466be157ec64580a,keep,-0.1810,,,3,185,200,0.9146,,,,-0.2525,0.0493,0.0263,0.8137,0.7321
692eaf7768228e362d909157,6903bd580e94ce070afd33cd,keep,-0.1814,,,0,119,130,0.9225,,,,0.9782,-0.4844,0.1036,0.8809,-0.4551
692eb226b77ab81b8b41ef84,6903686e0e94ce070afd1f24,keep,-0.1816,,hesitant,0,106,108,0.9907,,,,-0.1387,0.3257,-0.0905,1.7348,-0.6539
692ea767d52427f961fa1581,68696b41314bde44018fa510,keep,-0.1817,,,0,233,235,0.9957,,,,-0.5345,0.3363,0.4688,0.7545,0.3460
692eb12897ffd8ec903402a2,6846f7cf9cdf020d4a37a294,keep,-0.1818,,,0,184,186,0.9946,,,,0.3620,-0.5241,0.3160,0.8028,0.3972
692e9ee7c7cb0e94dc84bae9,6903686e0e94ce070afd1f24,keep,-0.1819,,,42,113,115,0.6228,,,,0.3982,-0.0676,-0.1199,0.0000,0.8975
692ea69daec602a46af105a4,6903686e0e94ce070afd1f24,keep,-0.1819,,,5,105,107,0.9434,,,,-0.2231,-0.0069,0.0765,0.8756,0.6666
692e98094e86f0c01a2070cf,68696b41314bde44018fa510,keep,-0.1820,,,0,206,214,0.9671,,,,-0.2040,0.3832,0.2548,0.0000,0.7506
692eb1303b319da763b71bf5,6903686e0e94ce070afd1f24,keep,-0.1822,,incomplete,37,117,119,0.6780,,,,-0.4066,0.2076,0.3360,0.0000,1.2379
692ea33195aad87d3e3445a7,6903686e0e94ce070afd1f24,keep,-0.1822,,,31,111,113,0.7143,,,,-0.5200,0.8723,0.4568,0.0000,0.2901
692e9ed421fc595fbe6f9464,6871e269bc1991b1a1e463ba,keep,-0.1822,,,0,226,228,0.9956,,,,0.8633,-0.3977,0.1134,0.4745,-0.0108
692ea0c7727c13b350cb7c00,670be6761e62a52f6a35360d,keep,-0.1824,,unsteady_camera,1,420,423,0.9929,,,,0.2746,0.3609,1.2643,-0.0986,-0.8422
692eae81d52427f961fa1638,690362600e94ce070afd1d30,keep,-0.1827,,,0,205,207,0.9951,,,,0.1620,0.8833,-0.4663,0.4418,-0.2643
692eb1303b319da763b71bfa,6903686e0e94ce070afd1f24,keep,-0.1828,,incomplete,0,75,131,0.5769,,,,-0.3711,0.1118,-0.1571,0.0000,1.8255
692eabd64e86f0c01a2072a9,6903686e0e94ce070afd1f24,keep,-0.1829,,,2,99,101,0.9700,,,,0.6827,0.1854,0.6479,0.0000,-0.6699
692eac0a96d2056439f01910,6871d82a1aaf88556f0c6041,keep,-0.1832,,,2,115,117,0.9741,,,,0.3179,0.5074,-0.0378,0.0000,0.0825
692eac0a96d2056439f0190c,6871d82a1aaf88556f0c6041,keep,-0.1833,,,1,119,121,0.9833,,,,0.5721,0.1883,0.5959,0.0000,-0.4535
692e98af5aae241ad236ec04,6871d82a1aaf88556f0c6041,keep,-0.1833,,,0,97,99,0.9898,,,,0.0165,0.0671,0.7055,0.0000,0.4520
692ea30540338017b7f998cb,6903686e0e94ce070afd1f24,keep,-0.1833,,,33,101,103,0.6667,,,,-0.1121,-0.1621,0.0239,0.9099,0.7609
692e94925aae241ad236eb91,68696b41314bde44018fa510,keep,-0.1834,,poor_image,0,147,149,0.9932,,,,1.1684,-0.4267,0.5804,0.0000,-0.4093
692ee1574215b056bf36e793,690364170e94ce070afd1da5,keep,-0.1835,,,0,232,234,0.9957,,,,0.0119,-0.0863,0.5207,0.5686,0.3067
692ea4d874b24813e759754a,690cb8f69adc5c8f26f64201,keep,-0.1836,,,0,223,230,0.9738,,,,0.6484,-0.0838,0.1508,0.0000,0.2871
692eeb1b4215b056bf36e83a,6903a36c466be157ec64562d,keep,-0.1836,,,1,210,212,0.9905,,,,0.1030,0.2819,0.6434,-0.0324,0.0970
692ea7f3f169106feb26aec8,6903686e0e94ce070afd1f24,keep,-0.1837,,,37,114,116,0.6696,,,,0.0796,-0.0728,0.0491,0.6721,0.5545
692ea166e2322e3b092b5de9,6871d82a1aaf88556f0c6041,keep,-0.1838,,unsteady_camera,0,94,99,0.9592,,,,0.6569,-0.8581,1.0645,0.0000,0.5240
692ea32f5aae241ad236ed04,6903686e0e94ce070afd1f24,keep,-0.1842,,,38,117,119,0.6695,,,,0.1317,0.0807,0.1573,0.0000,0.8136
692ea16696d2056439f017e1,6903686e0e94ce070afd1f24,keep,-0.1843,,,1,93,95,0.9787,,,,0.2001,0.1491,0.3022,0.0000,0.4638
692ead0cd3d807884d4dd80d,670be6761e62a52f6a35360d,keep,-0.1843,,,6,373,378,0.9735,,,,0.4680,0.2802,-0.2249,0.1793,0.2137
692edf7a4215b056bf36e76b,690362600e94ce070afd1d30,keep,-0.1844,,,9,276,278,0.9639,,,,0.7383,0.0272,0.0833,-0.1876,0.2467
692eaa5e7641010d0435470b,69070e0b9adc5c8f26f55b5a,keep,-0.1845,,unsteady_camera,0,109,111,0.9909,,,,-0.1331,0.6718,1.0261,0.0000,-0.5424
692eb29effdc0ca6345c43d6,69070e0b9adc5c8f26f55b5a,keep,-0.1846,,hesitant,3,99,101,0.9600,,,,0.2824,-0.2276,0.2204,1.1541,-0.1649
692ef773fbcce321dca74f28,69150bf42756853dcad943f2,keep,-0.1849,,poor_image,8,106,112,0.8829,,,,1.3213,-0.8826,0.0346,0.0000,0.6015
692eafd5ffdc0ca6345c4395,69070e0b9adc5c8f26f55b5a,keep,-0.1850,,,13,161,163,0.9136,,,,0.1936,0.1436,0.2410,0.0000,0.5482
692ea4852fa9ba56c08f8112,6903bd580e94ce070afd33cd,keep,-0.1851,,,23,171,173,0.8605,0.2605,0,0.2771,-0.5304,0.3604,0.6404,0.2970,-0.0140
692e9d3da0e165ab2e42e3be,6903686e0e94ce070afd1f24,keep,-0.1852,,,10,118,120,0.9076,,,,-0.0548,0.3762,-0.1159,0.0000,0.9302
692eeeb10ba268eb16564a98,69150bf42756853dcad943f2,keep,-0.1854,,,10,127,137,0.8603,,,,0.7845,-0.3920,-0.2080,0.2382,0.6786
692eafd5ffdc0ca6345c439c,69070e0b9adc5c8f26f55b5a,keep,-0.1854,,,0,174,178,0.9831,,,,-0.0794,0.7203,0.0641,0.0000,0.2725
692ea8f2c621d7f4aac3ab70,6903b590466be157ec64580a,keep,-0.1859,,unsteady_camera,21,203,226,0.8089,,,,0.4367,-0.9701,1.2729,0.4724,0.3558
692e9d99d3d807884d4dd675,6903686e0e94ce070afd1f24,keep,-0.1859,,jittery,0,104,106,0.9905,,,,-0.1861,1.2675,0.1889,0.0000,-0.5100
692ea8fb727c13b350cb7cbc,6903bd580e94ce070afd33cd,keep,-0.1866,,jittery,0,143,145,0.9931,,,,-0.0063,2.0224,0.0060,-0.2173,-1.5068
692ea7f6f169106feb26aee3,6903686e0e94ce070afd1f24,keep,-0.1868,,,0,93,95,0.9894,,,,0.9642,-0.5630,0.1277,0.9874,-0.4096
692e9d6799488ff84776f85f,6871d82a1aaf88556f0c6041,keep,-0.1868,,,2,119,121,0.9750,,,,0.9620,0.2478,0.2413,0.0000,-0.7480
692e9a582fa9ba56c08f8042,6903686e0e94ce070afd1f24,keep,-0.1870,,,6,93,95,0.9255,,,,0.8287,-0.1468,0.0404,0.0000,0.2459
692ef6379ca48e15a25b2a87,69150bf42756853dcad943f2,keep,-0.1872,,,37,156,163,0.7346,,,,-0.1359,0.2520,0.3470,0.0000,0.7893
692ea1eeb0d3d3c9d2606985,6903686e0e94ce070afd1f24,keep,-0.1874,,unsteady_camera,0,99,101,0.9900,,,,0.4403,0.0639,1.2550,0.0000,-0.6997
692eaeaa40338017b7f999ff,6903686e0e94ce070afd1f24,keep,-0.1875,,hesitant,0,117,119,0.9915,,,,0.8820,-0.2663,-0.0797,1.3100,-0.8414
692ea671dbc4294a49cc727d,6871e269bc1991b1a1e463ba,keep,-0.1876,,,0,204,208,0.9855,,,,-0.3298,-0.0729,0.9476,0.8872,0.0824
692eb1313b319da763b71c04,6903686e0e94ce070afd1f24,keep,-0.1877,,,0,124,126,0.9920,,,,0.0138,0.2723,-0.2228,0.7425,0.3649
692eaebc74b24813e7597651,690362600e94ce070afd1d30,keep,-0.1878,,,0,304,306,0.9967,,,,-0.1576,0.4191,0.8914,0.0081,0.0230
692ef2ceef7557106e6c4c96,69150bf42756853dcad943f2,keep,-0.1878,,,19,122,124,0.8374,,,,0.4365,0.0265,0.1554,0.0000,0.4649
692eb0819cebf0ec017dddcd,69070e0b9adc5c8f26f55b5a,keep,-0.1879,,hesitant,2,124,129,0.9531,,,,-0.2910,0.0121,-0.1108,1.4574,0.3868
692ea81092a31767e35da34d,6903686e0e94ce070afd1f24,keep,-0.1879,,jittery,14,118,120,0.8739,,,,0.1908,1.0683,0.0193,0.0000,-0.5927
692eac4a5aae241ad236ee04,6903bd580e94ce070afd33cd,keep,-0.1879,,,36,160,162,0.7702,,,,0.1989,-0.0270,-0.1023,0.4289,0.7308
692e977974b24813e75973ed,6871e269bc1991b1a1e463ba,keep,-0.1880,,hesitant,0,195,198,0.9898,,,,0.2974,-0.7340,0.6695,2.0258,-0.7240
692e9749ba0400c70689fd01,69150bf42756853dcad943f2,keep,-0.1881,,,0,122,124,0.9919,,,,-0.2875,0.8496,0.2213,0.7903,-0.5382
692ea139b77ab81b8b41eddb,68696b41314bde44018fa510,keep,-0.1881,,,0,209,211,0.9952,,,,0.7231,-0.1859,0.5367,0.0000,-0.0255
692ed52f245e918729006f3a,690362600e94ce070afd1d30,keep,-0.1882,,incomplete,1,164,206,0.7951,,,,0.1305,0.0109,-0.1556,-0.0936,1.3548
692eace31e78e176ba6cf95c,6903bd580e94ce070afd33cd,keep,-0.1884,,poor_image,0,160,164,0.9816,,,,1.3141,0.4169,0.4527,-0.5342,-1.1965
692ea2fe526b2c3ac5f5b48a,670be6761e62a52f6a35360d,keep,-0.1885,,,42,377,404,0.8313,,,,0.0869,0.2637,0.0839,-0.2499,0.9597
692eafd5ffdc0ca6345c4396,69070e0b9adc5c8f26f55b5a,keep,-0.1885,,,9,179,186,0.9189,,,,-0.2225,0.5996,0.1358,0.0000,0.6180
692eb3e16974927fef249d95,6903686e0e94ce070afd1f24,keep,-0.1886,,,3,107,112,0.9369,,,,0.2519,-0.1083,0.3037,0.0000,0.8009
692e96d6f169106feb26acae,6871e269bc1991b1a1e463ba,keep,-0.1886,,,0,225,229,0.9868,,,,-0.0617,0.7258,-0.1183,0.0000,0.4425
692ea698ad0c9ef057d41d10,68bc72d1fcdaacc405e3db53,keep,-0.1886,,,79,198,201,0.5950,,,,-0.3497,0.3404,-0.1299,0.4904,0.9740
692ea6a13b319da763b71af1,6903bd580e94ce070afd33cd,keep,-0.1886,,jittery,0,192,199,0.9697,,,,0.0211,1.1325,-0.1507,-0.0732,-0.1861
692ea031424dbf22e75ecfd4,6903bd580e94ce070afd33cd,keep,-0.1886,,incomplete,72,179,196,0.5487,,,,-0.0120,0.1415,-0.1653,-0.5342,1.8259
692eaf2c4e86f0c01a2072e6,69070e0b9adc5c8f26f55b5a,keep,-0.1889,,jittery,0,170,172,0.9942,,,,0.2555,1.2902,-0.5424,0.0000,-0.4538
692ea53d7641010d043546f1,6871d82a1aaf88556f0c6041,keep,-0.1889,,,0,97,100,0.9798,,,,0.4330,-0.2063,0.1560,0.0000,0.8266
692ea2d5c7cb0e94dc84bb5a,69070e0b9adc5c8f26f55b5a,keep,-0.1890,,hesitant,2,111,113,0.9732,,,,-0.1849,-0.0933,-0.1664,2.0000,-0.0931
692ea97aea43f09edf26f5f1,6903686e0e94ce070afd1f24,keep,-0.1891,,,0,102,104,0.9903,,,,-0.1110,0.8188,-0.1204,0.0000,0.3820
692ea967727c13b350cb7cd9,6903686e0e94ce070afd1f24,keep,-0.1892,,,0,104,106,0.9905,,,,0.5201,0.1448,-0.1386,0.0000,0.4654
692ea298727c13b350cb7c31,69150bf42756853dcad943f2,keep,-0.1893,,,52,141,143,0.6268,,,,0.3557,-0.1987,0.7022,0.0000,0.3871
692eabd34e86f0c01a20728e,6903686e0e94ce070afd1f24,keep,-0.1897,,,0,107,109,0.9907,,,,0.2562,0.3710,0.4943,0.0000,-0.1074
692e9a9cc621d7f4aac3a9b7,6904b8d0466be157ec648ef1,keep,-0.1898,,poor_image,6,179,184,0.9454,,,,1.1537,-0.4307,-0.0534,0.0000,0.2973
692ea3526974927fef249c57,6871d6cd07c5fd75be83e337,keep,-0.1899,,unsteady_camera,2,234,236,0.9872,,,,-0.0986,-0.2231,1.3855,0.3935,0.0327
692ea6d81e78e176ba6cf8e7,69070e0b9adc5c8f26f55b5a,keep,-0.1903,,,0,173,175,0.9943,,,,-0.1966,0.9347,0.3316,0.0000,-0.1069
692eae5895aad87d3e3446d9,69036806466be157ec64477f,keep,-0.1905,,,82,198,209,0.5577,,,,-0.1092,0.7565,-0.0499,0.0508,0.3616
692eace21e78e176ba6cf953,6903bd580e94ce070afd33cd,keep,-0.1905,,,47,215,217,0.7778,,,,0.0393,0.2356,-0.0569,0.6062,0.3718
692eaea740338017b7f999f8,6903686e0e94ce070afd1f24,keep,-0.1906,,,0,112,114,0.9912,,,,0.2942,0.7670,-0.2529,0.0000,-0.0050
692e9859af371a654ce7fc48,690cb8f69adc5c8f26f64201,keep,-0.1906,,hesitant,0,195,197,0.9949,,,,-0.9342,0.4323,0.4641,1.4842,0.1388
692ea888e2322e3b092b5ef1,6903b590466be157ec64580a,keep,-0.1907,,,0,162,164,0.9939,,,,0.1954,0.1422,0.5957,0.4824,-0.2499
692ef1f7245e918729007107,6846f7cf9cdf020d4a37a294,keep,-0.1907,,incomplete,0,165,194,0.8549,,,,0.3284,0.2885,-0.4069,-0.1886,1.0051
692eb22ab77ab81b8b41efa3,6903686e0e94ce070afd1f24,keep,-0.1908,,,0,99,101,0.9900,,,,0.0397,0.8259,-0.1153,0.0000,0.1522
692e977874b24813e75973e8,6871e269bc1991b1a1e463ba,keep,-0.1908,,,0,198,204,0.9754,,,,-0.4379,0.6538,0.7993,0.0000,0.2124
692ea2d5c7cb0e94dc84bb5b,69070e0b9adc5c8f26f55b5a,keep,-0.1910,,,2,96,98,0.9691,,,,0.2803,-0.0626,0.6456,0.0000,0.3646
692ea484c609aae267b278d6,68bc72d1fcdaacc405e3db53,keep,-0.1910,,hesitant,18,180,182,0.8950,,,,-0.2562,0.2019,0.2934,1.2797,-0.1547
692f04b55cec8e06f0b2dbca,69070e0b9adc5c8f26f55b5a,keep,-0.1910,,,0,176,178,0.9944,,,,0.5100,0.6602,0.0369,0.0000,-0.4548
692eada4c609aae267b279da,690cb8f69adc5c8f26f64201,keep,-0.1911,,hesitant,0,212,214,0.9953,,,,0.1551,-0.3876,0.0431,1.5287,0.1143
692eb0a21e78e176ba6cf9c4,6846f7cf9cdf020d4a37a294,keep,-0.1911,,unsteady_camera,0,206,208,0.9952,,,,0.1545,0.1299,1.0292,0.0177,-0.1360
692eb12a97ffd8ec903402b2,6846f7cf9cdf020d4a37a294,keep,-0.1912,,,7,166,172,0.9298,,,,0.5471,-0.6665,0.6513,0.4022,0.4641
692ea2fa854d0e0793875b51,69070e0b9adc5c8f26f55b5a,keep,-0.1913,,,0,99,101,0.9900,,,,-0.1373,0.8143,0.2966,0.0000,0.0269
692ea696ad0c9ef057d41cfd,68bc72d1fcdaacc405e3db53,keep,-0.1914,,poor_image,14,151,163,0.8457,,,,1.1002,-0.6308,-0.0303,0.4592,0.2067
692eaff4e2322e3b092b5fb0,6846f7cf9cdf020d4a37a294,keep,-0.1915,,incomplete,70,176,178,0.5989,,,,0.1970,-0.2682,-0.1333,-0.4531,2.0338
692eab3397ffd8ec90340210,69070e0b9adc5c8f26f55b5a,keep,-0.1916,,poor_image,0,155,157,0.9936,,,,1.0862,-0.3029,0.0448,0.0000,0.1211
692e9ee4c7cb0e94dc84bacd,6903686e0e94ce070afd1f24,keep,-0.1916,,incomplete,49,110,112,0.5495,,,,0.0361,-0.4627,-0.0704,0.6963,1.3552
692eae30aec602a46af1069c,6903686e0e94ce070afd1f24,keep,-0.1917,,,0,118,120,0.9916,,,,-0.0279,0.0453,0.0590,0.7800,0.4767
692eb0b3c609aae267b27a4f,6871d82a1aaf88556f0c6041,keep,-0.1917,,,1,114,116,0.9826,,,,-0.1575,0.7152,-0.2658,0.0000,0.7711
692eaa182fa9ba56c08f81c0,69150bf42756853dcad943f2,keep,-0.1919,,,36,122,124,0.6992,,,,0.6384,-0.2064,0.1830,0.0000,0.5121
692ea99f92a31767e35da37a,690364170e94ce070afd1da5,keep,-0.1919,,,0,236,238,0.9958,,,,-0.0012,0.7572,-0.1059,-0.0155,0.3308
692e94feaf371a654ce7fbea,6871e269bc1991b1a1e463ba,keep,-0.1920,,jittery,0,218,220,0.9954,0.7141,4,0.3736,-0.6987,1.1358,0.5093,0.5591,0.2470
692ed52f245e918729006f3e,690362600e94ce070afd1d30,keep,-0.1921,,,3,203,205,0.9804,,,,0.9730,-0.1433,-0.3223,0.0860,0.3363
692eaa162fa9ba56c08f81b1,69150bf42756853dcad943f2,keep,-0.1921,,,17,122,124,0.8537,,,,0.3183,0.2178,-0.0672,0.0000,0.6076
692eaa637641010d0435472c,69070e0b9adc5c8f26f55b5a,keep,-0.1923,,jittery,5,95,97,0.9375,,,,-0.2599,1.2017,0.0568,0.0000,-0.1233
692eaaad2c8fefa9948e8e97,68bc72d1fcdaacc405e3db53,keep,-0.1925,,,6,148,157,0.9103,,,,-0.2611,0.5532,0.4819,0.2207,0.2069
692eae0697ffd8ec90340270,6846f7cf9cdf020d4a37a294,keep,-0.1928,,,3,223,225,0.9821,,,,0.0828,0.3326,0.7690,0.1169,-0.1596
692eae5099488ff84776fa12,69036806466be157ec64477f,keep,-0.1928,,,111,224,235,0.4829,,,,-0.3334,0.6054,0.3488,-0.0125,0.6052
692ea40597ffd8ec90340167,6903686e0e94ce070afd1f24,keep,-0.1930,,unsteady_camera,0,103,105,0.9904,,,,0.2659,0.2464,1.0219,0.0000,-0.4396
692eabd0d52427f961fa15cb,6903686e0e94ce070afd1f24,keep,-0.1931,,,0,122,124,0.9919,,,,0.0518,0.1103,-0.1657,0.7546,0.5194
692ea80f92a31767e35da346,6903686e0e94ce070afd1f24,keep,-0.1935,,,1,119,121,0.9833,,,,0.8916,-0.1686,-0.0684,0.0000,0.3384
692eb1465aae241ad236ee76,68bc72d1fcdaacc405e3db53,keep,-0.1935,,,68,155,157,0.5577,,,,0.1807,-0.1910,-0.0301,0.5179,0.8825
692eac130793395ac4f6ffcf,6903bd580e94ce070afd33cd,keep,-0.1937,,jittery,0,185,191,0.9737,,,,-0.5141,1.6399,0.2919,0.9388,-1.5637
692eff75952b26f4cc71a70d,68bdae5d259c8771eea61c1b,keep,-0.1938,,unsteady_camera,0,237,239,0.9958,,,,-0.2726,0.8094,1.8291,0.0443,-1.3221
692ef1f7245e918729007105,6846f7cf9cdf020d4a37a294,keep,-0.1939,,,0,181,184,0.9891,,,,0.3502,0.8033,-0.0556,-0.4614,0.1443
692e9ee6b05428c72fb3746c,68696b41314bde44018fa510,keep,-0.1941,,hesitant,0,140,143,0.9859,,,,0.1561,-0.3618,-0.2704,1.7064,0.2315
692eeeb10ba268eb16564a96,69150bf42756853dcad943f2,keep,-0.1942,,,5,114,124,0.8862,,,,-0.2320,0.0019,0.8744,0.2634,0.5665
692efd3cef7557106e6c4dd1,6904b8d0466be157ec648ef1,keep,-0.1942,,unsteady_camera+hesitant,1,178,191,0.9316,,,,-0.4629,0.1531,1.1162,1.2111,-0.5032
692eaff3e2322e3b092b5fae,6846f7cf9cdf020d4a37a294,keep,-0.1944,,incomplete,57,174,176,0.6686,,,,0.2958,-0.1104,-0.1960,-0.4502,1.7287
692e93da567c97525f401336,6871d82a1aaf88556f0c6041,keep,-0.1945,,,4,122,124,0.9593,,,,0.8239,0.1110,0.0428,0.0000,-0.0838
692eac130793395ac4f6ffcd,6903bd580e94ce070afd33cd,keep,-0.1945,,jittery,5,211,213,0.9717,,,,0.3550,1.0604,-0.1233,0.1972,-0.8356
692eaa61d3d807884d4dd7c3,6903686e0e94ce070afd1f24,keep,-0.1948,,unsteady_camera,4,103,105,0.9519,,,,0.1580,-0.5990,2.2127,0.0000,-0.1877
692ea69caec602a46af10598,6903686e0e94ce070afd1f24,keep,-0.1949,,incomplete,0,79,98,0.8144,,,,0.3854,-0.2011,0.0092,0.0000,1.0784
692eae0797ffd8ec90340273,6846f7cf9cdf020d4a37a294,keep,-0.1949,,hesitant,29,206,208,0.8551,,,,-0.3651,-0.1506,-0.0001,1.5333,0.6046
692eaec7f169106feb26afd6,6871d82a1aaf88556f0c6041,keep,-0.1949,,,0,92,94,0.9892,,,,0.2571,0.7155,0.1213,0.0000,-0.2155
692ea6d099488ff84776f94e,69070e0b9adc5c8f26f55b5a,keep,-0.1950,,,0,108,110,0.9908,,,,0.1470,0.3843,0.2774,0.0000,0.2906
692ef517f59fd218b1be00e5,69150bf42756853dcad943f2,keep,-0.1952,,,10,159,161,0.9313,,,,0.9306,-0.1523,0.4008,0.0000,-0.2017
692eaaad2c8fefa9948e8e95,68bc72d1fcdaacc405e3db53,keep,-0.1953,,incomplete,57,139,167,0.4940,,,,-0.2478,-0.1591,0.5226,0.0327,1.4221
692f05bcfbcce321dca75027,670be6761e62a52f6a35360d,keep,-0.1955,,jittery+hesitant,21,393,395,0.9442,,,,-0.4998,1.0329,-0.2417,1.0805,-0.2700
692f49135cec8e06f0b2dc93,690362600e94ce070afd1d30,keep,-0.1956,,hesitant,0,212,226,0.9422,0.1327,2,0.9281,-0.0345,-0.0941,-0.0019,1.0152,0.5307
692e980a4e86f0c01a2070da,68696b41314bde44018fa510,keep,-0.1961,,,3,222,224,0.9821,0.4944,1,0.9590,0.4572,0.4617,-0.0237,0.0000,0.7856
692eaf7668228e362d909155,6903bd580e94ce070afd33cd,keep,-0.1961,,,0,157,183,0.8626,,,,0.5535,-0.3904,-0.1370,0.9704,0.2949
692ea16596d2056439f017c9,6903686e0e94ce070afd1f24,keep,-0.1962,,,1,116,118,0.9829,,,,-0.4177,0.8464,0.2555,0.0000,0.4748
692ef71fb07e0e30ff1132ea,6904b8d0466be157ec648ef1,keep,-0.1962,,unsteady_camera,0,235,237,0.9958,,,,-0.6139,0.4699,1.7529,0.0000,-0.1633
692e9d97d3d807884d4dd662,6903686e0e94ce070afd1f24,keep,-0.1964,,,7,108,110,0.9266,,,,0.1996,0.2083,0.2231,0.0000,0.5396
692eae09424dbf22e75ed155,6846f7cf9cdf020d4a37a294,keep,-0.1964,,jittery,0,166,168,0.9940,,,,0.1024,1.3696,0.4549,0.4903,-1.7783
692eaceaad0c9ef057d41de8,6903686e0e94ce070afd1f24,keep,-0.1964,,,1,109,111,0.9818,,,,-0.5035,0.9705,-0.0417,0.0000,0.7164
692ea308dbc4294a49cc7237,6871d82a1aaf88556f0c6041,keep,-0.1967,,,2,142,144,0.9790,,,,0.9356,-0.3573,0.2362,0.0000,0.2735
692f49135cec8e06f0b2dc89,690362600e94ce070afd1d30,keep,-0.1968,,,0,201,203,0.9950,,,,0.2802,-0.1393,0.2205,0.9480,-0.0024
692eac1fad0c9ef057d41db8,6903b590466be157ec64580a,keep,-0.1970,,,0,184,188,0.9840,,,,0.5137,-0.0215,0.0477,0.2242,0.3687
692e98084e86f0c01a2070ce,68696b41314bde44018fa510,keep,-0.1970,,,0,217,219,0.9954,,,,0.6446,0.2825,-0.5775,0.8099,-0.2438
692ea8a096d2056439f01888,6903b590466be157ec64580a,keep,-0.1971,,,24,210,212,0.8815,,,,-0.1108,0.4715,0.1057,0.5617,0.1711
692ea30840338017b7f998e9,6903686e0e94ce070afd1f24,keep,-0.1971,,incomplete,63,127,129,0.5000,0.2500,4,0.9907,0.6417,0.0480,0.3995,0.0000,1.5919
692eb3e06974927fef249d8e,6903686e0e94ce070afd1f24,keep,-0.1972,,,35,105,110,0.6422,,,,0.3720,-0.2805,0.4017,0.0000,0.8416
692eb062d52427f961fa165b,690366b20e94ce070afd1e8a,keep,-0.1972,,incomplete,65,193,212,0.6066,,,,-0.0334,0.1733,-0.2734,0.3480,1.0962
692ea1efb0d3d3c9d2606990,6903686e0e94ce070afd1f24,keep,-0.1973,,,0,100,102,0.9901,,,,0.3823,0.3651,0.3669,0.0000,-0.1072
692ea32f5aae241ad236ed0a,6903686e0e94ce070afd1f24,keep,-0.1974,,,0,115,117,0.9914,,,,0.0033,0.2081,0.4103,0.0000,0.6541
692ee9605cec8e06f0b2daa5,6903a36c466be157ec64562d,keep,-0.1977,,unsteady_camera,2,229,231,0.9870,,,,-0.3225,0.0527,1.1022,0.7188,-0.0321
692ea5eb68228e362d909046,6903b590466be157ec64580a,keep,-0.1979,,poor_image,5,154,156,0.9613,,,,2.3074,-1.1828,-0.5174,-0.2128,0.4283
692ea7694e86f0c01a207247,6871d82a1aaf88556f0c6041,keep,-0.1981,,hesitant,0,101,103,0.9902,,,,0.1252,-0.2626,-0.2764,1.4276,0.4416
692eb1323b319da763b71c09,6903686e0e94ce070afd1f24,keep,-0.1983,,incomplete,31,119,121,0.7333,,,,-0.4079,0.5659,-0.3184,0.0000,1.4694
692e9fa197ffd8ec9034012a,69150bf42756853dcad943f2,keep,-0.1983,,,0,172,174,0.9942,,,,-0.2806,0.4691,0.5456,0.5091,0.0507
692ea8a096d2056439f01890,6903b590466be157ec64580a,keep,-0.1984,,,2,165,167,0.9819,,,,0.3771,0.3541,0.2261,-0.2128,0.2790
692e8c90aec602a46af102f2,6904b8d0466be157ec648ef1,keep,-0.1987,,,1,212,214,0.9906,,,,-0.4578,0.5824,0.0939,0.9003,0.2098
692e9a582fa9ba56c08f8040,6903686e0e94ce070afd1f24,keep,-0.1989,,,3,93,95,0.9574,,,,0.0748,-0.5289,0.7878,0.8222,0.4636
692ea5ffea43f09edf26f598,6846f7cf9cdf020d4a37a294,keep,-0.1994,,,0,208,210,0.9952,,,,-0.0611,0.7086,0.2846,-0.2283,0.3683
692ea887e2322e3b092b5ee9,6903b590466be157ec64580a,keep,-0.1994,,jittery,0,166,168,0.9940,,,,-0.7836,1.1930,-0.1266,0.7104,0.1982
692e9b2baf371a654ce7fc88,6903bd580e94ce070afd33cd,keep,-0.1996,,incomplete,45,143,163,0.6049,,,,-0.4126,0.0180,-0.0280,0.4229,1.5941
692ef4e84215b056bf36e8a2,69150bf42756853dcad943f2,keep,-0.1996,,,0,125,127,0.9921,,,,0.3668,0.4886,-0.0253,0.0000,0.1394
692f06094cbe809837380070,6904b8d0466be157ec648ef1,keep,-0.1997,,,0,191,193,0.9948,,,,0.5380,-0.0266,0.0723,0.5992,-0.0404
692eaa89c7cb0e94dc84bc0e,6903bd580e94ce070afd33cd,keep,-0.1998,,hesitant,0,181,183,0.9945,,,,-0.2981,0.8486,0.1449,1.2211,-0.7931
692ea3a0a0e165ab2e42e45f,690364170e94ce070afd1da5,keep,-0.1998,,,56,217,221,0.7318,,,,0.5909,-0.4101,0.6405,-0.1558,0.6428
692ea6fc4e86f0c01a20722f,6903bd580e94ce070afd33cd,keep,-0.1999,,hesitant,31,195,197,0.8367,,,,-0.5178,-0.0542,-0.2280,2.0053,0.4799
692eeeb10ba268eb16564a93,69150bf42756853dcad943f2,keep,-0.2001,,incomplete,1,98,143,0.6831,0.2730,4,0.9963,-0.1796,-0.2362,0.5179,0.6202,1.0172
692eacc34e7eab2cafd26a1e,6903686e0e94ce070afd1f24,keep,-0.2001,,,0,106,108,0.9907,,,,-0.3707,0.7246,-0.1604,0.7223,0.3081
692eaa836974927fef249cf9,6903b590466be157ec64580a,keep,-0.2003,,jittery,3,179,181,0.9778,,,,-0.1972,1.2392,-0.0723,-0.2128,0.1242
692eaf5474b24813e759766e,6846f7cf9cdf020d4a37a294,keep,-0.2004,,unsteady_camera,0,213,215,0.9953,,,,0.0045,0.4487,1.2039,-0.2635,-0.2174
692ea5f3eee2f8cb10d0f7d4,69150bf42756853dcad943f2,keep,-0.2007,,jittery,0,98,100,0.9899,,,,0.1269,1.3546,0.1352,0.3273,-1.2802
692ede43952b26f4cc71a49d,670be6761e62a52f6a35360d,keep,-0.2008,,unsteady_camera,35,319,326,0.8738,,,,-0.1170,0.8982,1.2759,-0.3463,-0.6961
692eafb5dbc4294a49cc7322,69070e0b9adc5c8f26f55b5a,keep,-0.2008,,,3,147,149,0.9730,,,,0.2412,0.4119,0.8477,0.0000,-0.4219
692ef056245e9187290070e2,6846f7cf9cdf020d4a37a294,keep,-0.2008,,,0,188,190,0.9947,,,,0.7661,0.6146,-0.5797,0.0322,-0.1179
692ed530245e918729006f4a,690362600e94ce070afd1d30,keep,-0.2010,,,6,204,206,0.9659,,,,0.7161,-0.2136,-0.0405,0.4470,0.2466
692ea0f3b05428c72fb37490,690cb8f69adc5c8f26f64201,keep,-0.2010,,,0,197,199,0.9949,,,,0.2571,0.1887,0.2688,0.3847,0.0846
692eae44854d0e0793875c52,6903b590466be157ec64580a,keep,-0.2012,,hesitant+incomplete,15,190,220,0.7991,,,,0.2115,-0.9062,0.1098,1.0086,1.3320
692eb22ab77ab81b8b41efa5,6903686e0e94ce070afd1f24,keep,-0.2012,,,0,93,95,0.9894,,,,0.2711,0.6023,0.1267,0.0000,-0.0282
692eaa0f424dbf22e75ed0d1,6846f7cf9cdf020d4a37a294,keep,-0.2013,,,29,180,182,0.8343,,,,0.5392,0.2045,0.1626,-0.4587,0.5899
692e974aba0400c70689fd0b,69150bf42756853dcad943f2,keep,-0.2016,,,0,130,132,0.9924,,,,0.0391,0.8188,-0.0751,0.0000,0.1996
692e9f8e39719ab57395b83a,6871e269bc1991b1a1e463ba,keep,-0.2016,,jittery,0,178,180,0.9944,0.3828,1,0.0768,-0.2748,1.3336,0.1074,0.6018,0.2236
692eaadfc609aae267b279a6,69070e0b9adc5c8f26f55b5a,keep,-0.2016,,poor_image,1,114,116,0.9826,,,,1.3320,-0.5940,0.4850,0.0000,-0.1805
692eac0a96d2056439f0190a,6871d82a1aaf88556f0c6041,keep,-0.2016,,,1,116,118,0.9829,,,,0.2373,0.8220,0.5164,0.0000,-0.6938
692ea776dfa41139877769f8,6903686e0e94ce070afd1f24,keep,-0.2017,,hesitant,2,91,94,0.9570,,,,-0.0768,0.3296,0.1391,1.6621,-0.7688
692ef720b07e0e30ff1132ee,6904b8d0466be157ec648ef1,keep,-0.2017,,unsteady_camera,3,205,207,0.9806,,,,-0.6899,0.3069,1.7167,0.0000,0.2699
692eac8992a31767e35da3cd,69070e0b9adc5c8f26f55b5a,keep,-0.2018,,unsteady_camera,0,138,140,0.9928,,,,-0.1264,-0.0617,2.3180,0.0000,-0.6231
692eaec4f169106feb26afb7,6871d82a1aaf88556f0c6041,keep,-0.2018,,incomplete,12,91,93,0.8587,,,,-0.3004,-0.0138,-0.0078,0.0000,1.8920
692eaee14e7eab2cafd26a3b,690364170e94ce070afd1da5,keep,-0.2019,,,0,191,193,0.9948,,,,0.7068,0.2377,0.1087,-0.0741,-0.0382
692ea0c7727c13b350cb7bfe,670be6761e62a52f6a35360d,keep,-0.2019,,unsteady_camera,3,361,383,0.9372,,,,0.9421,-0.3909,1.0913,0.3611,-0.8658
692ea30840338017b7f998e6,6903686e0e94ce070afd1f24,keep,-0.2021,,unsteady_camera,4,102,104,0.9515,,,,0.1177,-0.8117,1.9200,0.0000,0.5355
692ef6040ba268eb16564b0b,6903bd580e94ce070afd33cd,keep,-0.2022,,,1,184,188,0.9786,,,,-0.2285,0.9422,0.2355,-0.0137,0.1231
692eaa162fa9ba56c08f81b5,69150bf42756853dcad943f2,keep,-0.2023,,,4,130,141,0.9000,,,,0.5982,0.1333,-0.1257,0.0000,0.4445
692eae31aec602a46af106a6,6903686e0e94ce070afd1f24,keep,-0.2023,,,2,115,117,0.9741,,,,0.4472,0.1438,0.0387,0.0000,0.4910
692e93da567c97525f401337,6871d82a1aaf88556f0c6041,keep,-0.2025,,,0,120,122,0.9917,,,,0.5525,0.7665,0.2745,0.0000,-0.8353
692ea8654e7eab2cafd269ab,69038b590e94ce070afd2952,keep,-0.2027,,,19,221,228,0.8899,,,,0.9768,-0.2860,-0.1494,0.2371,0.2952
692eaa10424dbf22e75ed0d9,6846f7cf9cdf020d4a37a294,keep,-0.2028,,,1,159,181,0.8778,,,,0.3225,0.0929,-0.0432,0.0692,0.7705
692e9d4a39719ab57395b813,6903bd580e94ce070afd33cd,keep,-0.2028,,unsteady_camera,0,133,164,0.8160,,,,0.2765,-0.4001,2.1233,-0.5342,0.0159
692eae53c621d7f4aac3abce,6846f7cf9cdf020d4a37a294,keep,-0.2028,,poor_image,2,191,193,0.9844,,,,1.5256,-0.2966,-0.3675,0.0207,-0.0769
692e9dbf68228e362d908f6f,6903686e0e94ce070afd1f24,keep,-0.2030,,hesitant,12,139,141,0.9071,,,,-0.4713,0.0598,-0.0986,1.2150,0.9215
692eab3397ffd8ec9034020d,69070e0b9adc5c8f26f55b5a,keep,-0.2030,,,0,184,189,0.9787,,,,0.4912,0.2561,-0.3080,0.0000,0.6078
692e9fa297ffd8ec90340130,69150bf42756853dcad943f2,keep,-0.2030,,,0,126,128,0.9921,,,,0.3023,0.6522,0.1458,0.0000,-0.1565
692eac2baec602a46af1065c,6903686e0e94ce070afd1f24,keep,-0.2030,,,6,104,106,0.9333,,,,0.3141,0.4467,0.1097,0.0000,0.1704
692ea600ea43f09edf26f59d,6846f7cf9cdf020d4a37a294,keep,-0.2031,,jittery,0,237,239,0.9958,,,,-0.3801,1.8198,0.6410,-0.4964,-0.8827
692ea26aaf371a654ce7fd3a,68696b41314bde44018fa510,keep,-0.2032,,unsteady_camera+hesitant,2,175,177,0.9830,,,,-0.8827,0.1867,1.1654,2.0000,-0.6991
692e9ab9d3d807884d4dd61b,69150bf42756853dcad943f2,keep,-0.2032,,incomplete,29,110,112,0.7297,,,,0.4683,-0.2867,0.0241,0.0000,1.1256
692eaee639719ab57395b990,6903bd580e94ce070afd33cd,keep,-0.2033,,jittery,0,179,181,0.9944,,,,0.0754,1.2261,-0.1898,0.5136,-0.8529
692ea305dbc4294a49cc721e,6871d82a1aaf88556f0c6041,keep,-0.2033,,unsteady_camera,0,97,99,0.9898,,,,-0.8849,0.7700,1.4421,0.0000,0.1537
692eb225b77ab81b8b41ef78,6903686e0e94ce070afd1f24,keep,-0.2036,,jittery,0,124,126,0.9920,,,,-0.3010,1.0910,0.1567,0.6183,-0.5347
692eaeaa40338017b7f99a00,6903686e0e94ce070afd1f24,keep,-0.2041,,,0,108,110,0.9908,,,,0.4757,0.5663,-0.0934,0.0000,-0.0406
692ead82a0e165ab2e42e54f,690cb8f69adc5c8f26f64201,keep,-0.2042,,hesitant,4,192,194,0.9741,,,,-0.2536,-0.0369,0.8714,1.6155,-0.6218
692ea33495aad87d3e3445be,6903686e0e94ce070afd1f24,keep,-0.2044,,hesitant,0,102,104,0.9903,,,,-0.4011,-0.0783,-0.1572,1.8022,0.5048
692eafdaeee2f8cb10d0f902,6846f7cf9cdf020d4a37a294,keep,-0.2047,,,0,220,227,0.9735,,,,0.8746,-0.1938,0.4429,-0.1114,0.0799
692ea9ffaec602a46af10606,6871d82a1aaf88556f0c6041,keep,-0.2047,,,0,115,117,0.9914,,,,0.0747,0.4712,0.7449,0.0000,-0.1308
692e95ca567c97525f401364,6871e269bc1991b1a1e463ba,keep,-0.2047,,,0,196,198,0.9949,,,,-0.4694,0.8736,0.6528,0.0000,0.1740
692ea69caec602a46af10597,6903686e0e94ce070afd1f24,keep,-0.2049,,poor_image,37,97,99,0.6122,,,,1.3319,-0.5909,-0.2517,0.0000,0.5742
692ea9bcf169106feb26af1a,68bc72d1fcdaacc405e3db53,keep,-0.2050,,hesitant,87,185,187,0.5269,,,,-0.0662,0.0475,-0.4470,1.3032,0.6067
692e94935aae241ad236eb95,68696b41314bde44018fa510,keep,-0.2052,,poor_image,0,231,233,0.9957,,,,1.4834,-0.3618,-0.5708,0.0000,0.3250
692eaee54e7eab2cafd26a5e,6903b590466be157ec64580a,keep,-0.2054,,,1,217,223,0.9730,,,,0.3727,-0.4360,0.5758,0.4817,0.4755
692ea4aec609aae267b27906,68696b41314bde44018fa510,keep,-0.2058,,,2,156,158,0.9809,,,,0.1349,0.3954,-0.0398,0.0000,0.6851
692eaee296d2056439f01937,68696b41314bde44018fa510,keep,-0.2058,,,3,185,187,0.9785,,,,0.9531,-1.0893,0.5151,0.9492,0.1810
692eb3025aae241ad236ee82,6846f7cf9cdf020d4a37a294,keep,-0.2059,,poor_image,0,181,204,0.8916,,,,1.1822,-0.3941,-0.0037,0.0066,0.2560
692ea1eeb0d3d3c9d260698a,6903686e0e94ce070afd1f24,keep,-0.2059,,,0,116,118,0.9915,,,,0.5133,0.2316,-0.2120,0.0000,0.5358
692eb32168228e362d909181,690366b20e94ce070afd1e8a,keep,-0.2059,,hesitant,0,219,221,0.9955,,,,0.2901,0.1019,0.1318,1.2451,-0.5239
692e9d3ca0e165ab2e42e3b8,6903686e0e94ce070afd1f24,keep,-0.2059,,hesitant,6,118,120,0.9412,,,,-0.2463,-0.4928,0.1472,1.5599,0.8428
692eac0a96d2056439f0190f,6871d82a1aaf88556f0c6041,keep,-0.2059,,,0,95,97,0.9896,,,,0.1050,0.0819,0.7137,0.0000,0.4473
692ea97aea43f09edf26f5ee,6903686e0e94ce070afd1f24,keep,-0.2065,,,5,102,104,0.9417,,,,-0.3315,0.9611,0.0160,0.7504,-0.2656
692ea5f5eee2f8cb10d0f7e3,69150bf42756853dcad943f2,keep,-0.2065,,,0,135,137,0.9926,,,,0.7776,0.2121,0.0922,0.0000,-0.1309
692ea16b92a31767e35da262,68bc72d1fcdaacc405e3db53,keep,-0.2066,,,83,172,174,0.5145,,,,0.2232,0.2469,0.4317,0.2842,0.0254
692eaaa2dbc4294a49cc72b1,69070e0b9adc5c8f26f55b5a,keep,-0.2067,,,0,120,122,0.9917,,,,0.0081,-0.0920,0.7208,0.5879,0.2640
692eab3397ffd8ec9034020b,69070e0b9adc5c8f26f55b5a,keep,-0.2068,,,15,145,147,0.8904,,,,0.0035,-0.0070,-0.0216,0.7905,0.6840
692ea8edba0400c70689ff34,6903686e0e94ce070afd1f24,keep,-0.2069,,,0,89,91,0.9889,,,,0.4413,0.8504,-0.0448,0.0000,-0.4445
692eaceaad0c9ef057d41de5,6903686e0e94ce070afd1f24,keep,-0.2070,,incomplete,37,97,99,0.6122,,,,0.6788,-0.4243,-0.0704,0.0000,1.1376
692e9b461e78e176ba6cf7af,6903bd580e94ce070afd33cd,keep,-0.2070,,,0,187,210,0.8947,0.1342,0,0.9941,-0.1802,-0.1226,-0.2132,-0.5342,0.2063
692e8f4aaec602a46af10337,68696b41314bde44018fa510,keep,-0.2072,,,0,205,207,0.9951,,,,0.5225,0.9143,-0.4754,0.0000,-0.2296
692ea69eaec602a46af105ab,6903686e0e94ce070afd1f24,keep,-0.2072,,,9,100,102,0.9010,,,,0.7556,0.4040,0.3563,0.0000,-0.6453
692e9b3b68bf0a1f46230459,6871e269bc1991b1a1e463ba,keep,-0.2072,,,0,182,184,0.9945,,,,0.3045,0.9890,-0.4941,0.0000,0.0046
692eadecc609aae267b279fa,68bc72d1fcdaacc405e3db53,keep,-0.2073,,poor_image,2,116,138,0.8321,,,,1.1626,-0.4099,0.3142,-0.3737,0.3814
692ea33195aad87d3e3445a6,6903686e0e94ce070afd1f24,keep,-0.2074,,hesitant,0,130,132,0.9924,,,,-0.8547,0.7433,-0.0891,1.4170,0.2912
692ea773b77ab81b8b41ee8a,6846f7cf9cdf020d4a37a294,keep,-0.2076,,,7,192,195,0.9536,,,,-0.6149,0.3060,0.7932,0.7593,0.3642
692e9dc068228e362d908f76,6903686e0e94ce070afd1f24,keep,-0.2078,,,63,139,141,0.5429,,,,-0.3481,0.4312,-0.0667,0.5521,0.8445
692e9f65727c13b350cb7bbf,69150bf42756853dcad943f2,keep,-0.2079,,incomplete,1,98,153,0.6382,,,,0.4610,-0.2614,-0.2412,0.0000,1.3971
692e977b74b24813e75973f0,69150bf42756853dcad943f2,keep,-0.2079,,,9,122,125,0.9113,,,,0.1141,0.3095,-0.0495,0.7102,0.1594
692eb062d52427f961fa165a,690366b20e94ce070afd1e8a,keep,-0.2081,,,0,192,221,0.8727,,,,-0.0348,0.3558,0.2713,0.6605,0.0433
692ea963567c97525f401537,69036806466be157ec64477f,keep,-0.2082,,unsteady_camera,8,296,308,0.9381,,,,-0.1480,0.8266,1.5566,-0.3956,-0.7216
692eaa611e78e176ba6cf92d,6903b590466be157ec64580a,keep,-0.2083,,unsteady_camera,4,208,237,0.8644,,,,-0.1645,-0.3965,1.1178,0.4405,0.7415
692ea40397ffd8ec90340155,6903686e0e94ce070afd1f24,keep,-0.2088,,,13,107,109,0.8704,,,,0.6077,0.1494,0.3167,0.0000,0.0093
692e9f8e39719ab57395b83c,6871e269bc1991b1a1e463ba,keep,-0.2088,,jittery,0,207,209,0.9952,,,,-1.0657,1.2442,0.4664,0.5179,0.2095
692eaee296d2056439f01940,68696b41314bde44018fa510,keep,-0.2089,,hesitant,3,211,213,0.9811,,,,-0.2713,-0.0428,0.1272,1.6656,0.1404
692eabd54e86f0c01a20729e,6903686e0e94ce070afd1f24,keep,-0.2090,,,2,95,97,0.9688,,,,0.0984,0.4392,0.6836,0.0000,-0.0272
692e98ad5aae241ad236ebfa,6871d82a1aaf88556f0c6041,keep,-0.2092,,,0,120,123,0.9836,,,,0.3605,0.1967,0.2889,0.0000,0.3399
692ef16045175992cd6a0d40,6871d82a1aaf88556f0c6041,keep,-0.2092,,poor_image,0,120,122,0.9917,,,,1.5871,-1.0223,0.8261,0.0000,-0.2085
692eaa03aec602a46af1062d,6871d82a1aaf88556f0c6041,keep,-0.2094,,,0,88,90,0.9888,,,,0.4611,0.2696,-0.0084,0.0000,0.3782
692e99eaba0400c70689fd5b,68696b41314bde44018fa510,keep,-0.2096,,hesitant+incomplete,8,200,202,0.9552,,,,-0.6834,-0.4369,0.1102,2.0000,1.0372
692ea4db99488ff84776f92e,6903686e0e94ce070afd1f24,keep,-0.2096,,hesitant,3,114,116,0.9652,,,,0.0063,-0.6589,0.2812,1.4792,0.6858
692ea032424dbf22e75ecfe0,6903bd580e94ce070afd33cd,keep,-0.2096,,hesitant,12,163,187,0.8118,,,,-0.0151,-0.2351,0.0827,1.2159,0.5440
692eac8792a31767e35da3b8,69070e0b9adc5c8f26f55b5a,keep,-0.2098,,unsteady_camera+hesitant,0,100,110,0.9174,,,,-0.6340,0.2460,2.6738,1.0588,-1.6820
692ea6fa4e86f0c01a207224,6903bd580e94ce070afd33cd,keep,-0.2103,,jittery,0,193,195,0.9948,,,,0.5157,1.3789,0.2693,-0.5342,-1.1051
692e9fc15aae241ad236eccc,690362600e94ce070afd1d30,keep,-0.2104,,,23,299,301,0.9200,,,,0.7797,0.3245,0.0164,0.1820,-0.3820
692e994e74b24813e7597426,69150bf42756853dcad943f2,keep,-0.2105,,,0,117,119,0.9915,0.2296,4,0.9797,-0.4312,0.5926,0.9993,0.0000,-0.7775
692eb3055aae241ad236ee98,6846f7cf9cdf020d4a37a294,keep,-0.2112,,,0,200,202,0.9950,,,,0.2378,0.4861,-0.2014,0.6827,-0.0884
692eaa89c7cb0e94dc84bc16,6903bd580e94ce070afd33cd,keep,-0.2113,,jittery,0,169,171,0.9941,,,,-0.3977,1.2672,0.2187,0.8081,-0.8520
692ea92999488ff84776f97e,69070e0b9adc5c8f26f55b5a,keep,-0.2114,,,10,113,115,0.9035,,,,0.5915,-0.4546,0.3725,0.6240,0.2778
692ea696727c13b350cb7c94,69070e0b9adc5c8f26f55b5a,keep,-0.2115,,jittery,0,148,151,0.9867,,,,-0.3480,1.6802,-0.0214,0.0000,-0.4962
692eaabfc621d7f4aac3ab97,6903b590466be157ec64580a,keep,-0.2117,,,20,217,238,0.8312,,,,0.5215,-0.4604,-0.1388,0.7824,0.7468
692ea967727c13b350cb7cd3,6903686e0e94ce070afd1f24,keep,-0.2119,,,0,121,123,0.9918,,,,0.7125,-0.4819,0.2897,0.6335,0.2146
692ea0f3b05428c72fb3748b,690cb8f69adc5c8f26f64201,keep,-0.2120,,,0,194,196,0.9949,,,,0.7679,0.3382,0.0882,0.7105,-0.9739
692eabd14e86f0c01a207283,6903686e0e94ce070afd1f24,keep,-0.2122,,,22,93,95,0.7553,,,,-0.0011,0.2481,0.5040,0.0000,0.6106
692eb00e1e78e176ba6cf9ab,6846f7cf9cdf020d4a37a294,keep,-0.2122,,incomplete,70,180,184,0.6011,,,,0.2393,-0.0332,-0.5386,-0.1603,1.8756
692eaee296d2056439f0193f,68696b41314bde44018fa510,keep,-0.2123,,,0,207,209,0.9952,,,,0.9870,0.4208,-0.0292,0.0000,-0.5963
692eab63424dbf22e75ed0f6,68696b41314bde44018fa510,keep,-0.2124,,,1,226,230,0.9825,,,,0.7665,-0.0644,-0.3408,0.0000,0.7745
692ea40297ffd8ec90340148,6903686e0e94ce070afd1f24,keep,-0.2126,,unsteady_camera,0,102,104,0.9903,,,,-0.2201,-0.3848,1.9342,0.0000,0.4615
692ea9feaec602a46af10601,6871d82a1aaf88556f0c6041,keep,-0.2127,,,2,104,106,0.9714,,,,0.3601,-0.1033,0.1254,0.0000,0.9781
692e9d96d3d807884d4dd65b,6903686e0e94ce070afd1f24,keep,-0.2127,,hesitant,11,117,119,0.8983,,,,-0.4326,0.1839,0.1198,2.0000,-0.2581
692e94945aae241ad236eba1,68696b41314bde44018fa510,keep,-0.2127,,,0,176,178,0.9944,,,,0.4602,0.0347,-0.6070,0.9975,0.3563
692ea33195aad87d3e3445a8,6903686e0e94ce070afd1f24,keep,-0.2128,,,6,117,119,0.9407,,,,-0.2369,0.8282,-0.0530,0.0000,0.6555
692eb3035aae241ad236ee8a,6846f7cf9cdf020d4a37a294,keep,-0.2130,,poor_image,1,176,205,0.8578,,,,1.1564,-0.3270,-0.0332,-0.0473,0.3273
692e98ad5aae241ad236ebfe,6871d82a1aaf88556f0c6041,keep,-0.2130,,,0,121,123,0.9918,,,,0.5520,0.5932,-0.2609,0.0000,0.0342
692eaaa3dbc4294a49cc72ba,69070e0b9adc5c8f26f55b5a,keep,-0.2131,,,0,173,175,0.9943,,,,0.5984,-0.2474,0.3591,0.8177,-0.2118
692e9dc068228e362d908f7a,6903686e0e94ce070afd1f24,keep,-0.2134,,,14,127,129,0.8828,,,,0.4019,0.6950,-0.1185,0.0000,-0.0332
692e9749ba0400c70689fd05,69150bf42756853dcad943f2,keep,-0.2135,,,0,115,122,0.9504,,,,0.6123,0.3295,0.0229,0.0000,0.0586
692e93dc567c97525f401343,6871d82a1aaf88556f0c6041,keep,-0.2137,,,2,89,91,0.9667,,,,0.0613,0.9590,0.4744,0.0000,-0.5089
692ea2315cd6df8b6023c9a6,6871e269bc1991b1a1e463ba,keep,-0.2137,,hesitant,0,181,183,0.9945,,,,0.9793,-0.6023,0.5709,1.0091,-0.6494
692e9b3b68bf0a1f46230457,6871e269bc1991b1a1e463ba,keep,-0.2138,,,2,195,197,0.9847,,,,0.2672,0.4216,0.5376,0.0000,-0.0745
692ea94da0e165ab2e42e4e2,6903b590466be157ec64580a,keep,-0.2138,,hesitant+incomplete,20,218,230,0.8646,,,,0.0855,-0.4761,-0.0890,1.0932,1.0780
692ea487c609aae267b278ec,68bc72d1fcdaacc405e3db53,keep,-0.2138,,,32,135,140,0.7410,,,,0.5302,-0.0394,-0.0818,0.1116,0.7304
692eaee539719ab57395b988,6903bd580e94ce070afd33cd,keep,-0.2138,,jittery,4,170,172,0.9708,,,,-0.0874,1.4646,0.3193,-0.2673,-0.6214
692eab63424dbf22e75ed0f8,68696b41314bde44018fa510,keep,-0.2139,,,1,210,212,0.9905,,,,-0.2334,0.9612,-0.2953,0.0000,0.7008
692ea1ab3b319da763b71a44,69070e0b9adc5c8f26f55b5a,keep,-0.2139,,,5,156,158,0.9618,,,,0.0356,0.2882,0.4788,0.4531,0.0798
692ef3f44215b056bf36e88f,6846f7cf9cdf020d4a37a294,keep,-0.2141,,,14,197,201,0.9150,,,,0.3255,-0.5291,0.2527,0.7667,0.7845
692f19fd5cec8e06f0b2dc45,69070e0b9adc5c8f26f55b5a,keep,-0.2143,,,0,125,127,0.9921,,,,-0.0276,0.5723,-0.2038,0.5646,0.3220
692ea286dfa4113987776972,6871d82a1aaf88556f0c6041,keep,-0.2145,,unsteady_camera,1,112,114,0.9823,,,,0.6692,-0.3717,1.7080,0.0000,-0.6529
692f49135cec8e06f0b2dca3,690362600e94ce070afd1d30,keep,-0.2146,,,0,208,210,0.9952,,,,-0.0129,0.4919,-0.1025,0.8950,-0.0086
692ee61db07e0e30ff1131d4,6846f7cf9cdf020d4a37a294,keep,-0.2147,,,1,165,168,0.9820,,,,0.7450,-0.6603,0.1163,0.9962,0.2631
692ea97bea43f09edf26f5f7,6903686e0e94ce070afd1f24,keep,-0.2151,,,0,97,99,0.9898,,,,0.1532,0.5291,0.2866,0.0000,0.1955
692ea0eead0c9ef057d41c99,68bc72d1fcdaacc405e3db53,keep,-0.2155,,hesitant,0,149,198,0.7563,,,,0.0111,-0.1603,0.2443,1.3596,0.1283
692eabd4d52427f961fa15f1,6903686e0e94ce070afd1f24,keep,-0.2159,,,1,110,112,0.9820,,,,-0.0174,0.4499,0.0487,0.6963,0.1174
692ea479e2322e3b092b5e62,6871d82a1aaf88556f0c6041,keep,-0.2159,,,0,119,121,0.9917,,,,0.3994,0.5949,0.0372,0.0000,-0.0175
692f04b55cec8e06f0b2dbc3,69070e0b9adc5c8f26f55b5a,keep,-0.2160,,,8,212,214,0.9577,,,,-0.0102,-0.0161,0.2395,0.6680,0.6441
692ea1d568bf0a1f462304f2,690cb8f69adc5c8f26f64201,keep,-0.2161,,,0,215,227,0.9513,,,,0.7130,-0.3601,0.5082,0.0000,0.4751
692eb228b77ab81b8b41ef91,6903686e0e94ce070afd1f24,keep,-0.2164,,,0,103,105,0.9904,,,,-0.6554,0.7640,0.0415,0.8924,0.4179
692ef163f2e4e72c033b9b2f,690cb8f69adc5c8f26f64201,keep,-0.2167,,hesitant,1,209,211,0.9905,,,,0.6712,-0.4851,-0.1588,1.3852,0.0115
692eb229b77ab81b8b41ef97,6903686e0e94ce070afd1f24,keep,-0.2173,,,3,114,116,0.9652,,,,-0.3500,0.4601,-0.1371,0.8071,0.6859
692ea76b4e86f0c01a20725b,6871d82a1aaf88556f0c6041,keep,-0.2175,,hesitant,0,122,124,0.9919,,,,-0.6052,0.5966,-0.0656,1.0313,0.5699
692eaee339719ab57395b97b,6903bd580e94ce070afd33cd,keep,-0.2177,,incomplete,57,174,215,0.5467,,,,0.5704,-0.7826,0.1430,0.1056,1.5933
692eab62424dbf22e75ed0f0,68696b41314bde44018fa510,keep,-0.2177,,jittery,0,193,195,0.9948,,,,-0.2068,1.2360,-0.4881,0.0000,0.4686
692ef548245e918729007154,690cb8f69adc5c8f26f64201,keep,-0.2181,,,6,205,207,0.9660,,,,0.1682,0.0005,0.8972,0.0000,0.3762
692ef220b07e0e30ff113282,690cb8f69adc5c8f26f64201,keep,-0.2182,,,0,169,171,0.9941,,,,0.2207,0.5651,0.7264,0.0000,-0.3774
692ea486c609aae267b278e0,68bc72d1fcdaacc405e3db53,keep,-0.2189,,incomplete,75,158,170,0.4911,,,,0.5744,-0.3353,0.0510,-0.3737,1.4960
692e9d3ca0e165ab2e42e3b4,6903686e0e94ce070afd1f24,keep,-0.2192,,,8,130,133,0.9242,,,,0.3431,-0.0401,-0.3203,0.5855,0.8143
692ea47ae2322e3b092b5e67,6871d82a1aaf88556f0c6041,keep,-0.2193,,unsteady_camera,0,114,116,0.9913,,,,0.1304,0.3040,1.0041,0.0000,-0.1204
692ea8142fa9ba56c08f81a0,69070e0b9adc5c8f26f55b5a,keep,-0.2194,,jittery,0,139,141,0.9929,,,,-0.1154,1.2478,0.0865,0.0000,-0.2495
692ea9bbf169106feb26af13,68bc72d1fcdaacc405e3db53,keep,-0.2194,,,46,139,141,0.6643,,,,-0.4372,0.9379,-0.1543,0.2886,0.6503
692eb225b77ab81b8b41ef7a,6903686e0e94ce070afd1f24,keep,-0.2195,,,0,99,101,0.9900,,,,0.1423,0.5936,0.1924,0.9281,-0.6881
692ea767d52427f961fa1577,68696b41314bde44018fa510,keep,-0.2196,,poor_image,0,224,226,0.9956,,,,1.5997,-0.2595,-0.4808,0.0000,0.0074
692e93dc567c97525f401340,6871d82a1aaf88556f0c6041,keep,-0.2197,,,1,93,96,0.9684,,,,0.1089,0.5477,0.3955,0.0000,0.1575
692ea7f4f169106feb26aed5,6903686e0e94ce070afd1f24,keep,-0.2198,,,2,121,123,0.9754,,,,0.2271,0.4721,-0.3305,0.0000,0.8203
692ea7694e86f0c01a207249,6871d82a1aaf88556f0c6041,keep,-0.2199,,hesitant,0,138,142,0.9787,,,,-0.2974,0.2718,-0.1975,1.0327,0.7423
692eb22ab77ab81b8b41efa2,6903686e0e94ce070afd1f24,keep,-0.2199,,hesitant,27,93,95,0.7021,,,,-0.2199,0.0453,-0.1092,1.6444,0.2661
692eb29cffdc0ca6345c43bc,69070e0b9adc5c8f26f55b5a,keep,-0.2201,,poor_image,0,113,115,0.9912,,,,2.0308,-0.8022,0.0143,0.0000,-0.3162
692eab3297ffd8ec90340209,69070e0b9adc5c8f26f55b5a,keep,-0.2204,,,2,128,130,0.9767,,,,0.2345,-0.1351,-0.0692,0.8946,0.5685
692ea80f92a31767e35da34a,6903686e0e94ce070afd1f24,keep,-0.2206,,,0,97,99,0.9898,,,,0.1579,0.8427,-0.2128,0.0000,0.2559
692eac7374b24813e7597617,68bc72d1fcdaacc405e3db53,keep,-0.2207,,,5,147,149,0.9595,0.0405,1,0.9919,-0.1899,0.2525,0.2213,-0.3737,-0.3100
692eb119b8797912ff78a931,6904b8d0466be157ec648ef1,keep,-0.2213,,,4,280,282,0.9822,,,,0.3290,0.5455,-0.0463,0.2730,0.0104
692eb108567c97525f4015eb,6846f7cf9cdf020d4a37a294,keep,-0.2214,,incomplete,41,223,225,0.8125,,,,-0.2637,0.1002,0.2254,0.3400,1.2294
692eeeaf0ba268eb16564a89,69150bf42756853dcad943f2,keep,-0.2214,,,9,157,159,0.9367,,,,-0.2320,0.8144,-0.2106,0.5574,0.3296
692ea7e32fa9ba56c08f8174,69038b590e94ce070afd2952,keep,-0.2214,,,37,190,203,0.7574,,,,0.7654,-0.1467,0.2107,-0.0533,0.4645
692eace7ad0c9ef057d41dcc,6903686e0e94ce070afd1f24,keep,-0.2214,,,39,112,114,0.6460,,,,0.6561,0.1730,-0.3064,0.0000,0.6129
692ea81292a31767e35da359,6903686e0e94ce070afd1f24,keep,-0.2215,,hesitant,0,124,126,0.9920,0.2223,3,0.9805,0.6844,0.1224,-0.1566,1.4850,-0.3640
692e99eaba0400c70689fd5c,68696b41314bde44018fa510,keep,-0.2215,,,0,190,192,0.9948,,,,0.8328,0.5213,0.1823,0.0000,-0.6630
692ea967727c13b350cb7cdb,6903686e0e94ce070afd1f24,keep,-0.2224,,,0,110,112,0.9910,,,,0.0964,0.8663,-0.0806,0.0000,0.1936
692eac8a92a31767e35da3d1,69070e0b9adc5c8f26f55b5a,keep,-0.2226,,,2,181,183,0.9835,,,,0.1734,0.4189,0.2970,0.0000,0.3729
692ea2315cd6df8b6023c9a4,6871e269bc1991b1a1e463ba,keep,-0.2226,,,0,202,205,0.9902,,,,0.6318,-0.2701,-0.0248,0.8281,0.2125
692ef162f2e4e72c033b9b2a,690cb8f69adc5c8f26f64201,keep,-0.2228,,hesitant,0,193,195,0.9948,,,,-0.0208,-0.0139,0.5048,1.0356,0.0710
692ea767d52427f961fa157e,68696b41314bde44018fa510,keep,-0.2230,,,0,236,238,0.9958,,,,-0.2438,0.6893,-0.0661,0.7449,0.2138
692ee02d4215b056bf36e786,69038b590e94ce070afd2952,keep,-0.2231,,hesitant,4,302,304,0.9835,,,,0.1002,-0.0959,0.7520,1.0193,-0.2157
692eafaff169106feb26afe8,690cb8f69adc5c8f26f64201,keep,-0.2234,,unsteady_camera,1,215,223,0.9640,,,,-0.4073,-0.1139,1.0630,0.9672,0.3152
692ea04be2322e3b092b5dc1,69150bf42756853dcad943f2,keep,-0.2235,,unsteady_camera,0,107,165,0.6524,,,,0.2972,-0.6729,1.1655,0.0000,0.9625
692eb227b77ab81b8b41ef87,6903686e0e94ce070afd1f24,keep,-0.2235,,,0,96,98,0.9897,,,,-0.0118,0.7752,0.3445,0.0000,0.0750
692ef055245e9187290070d4,6846f7cf9cdf020d4a37a294,keep,-0.2235,,,17,198,200,0.9095,,,,-0.2121,0.1839,0.5968,0.6966,0.3136
692ef773fbcce321dca74f2c,69150bf42756853dcad943f2,keep,-0.2236,,incomplete,64,119,151,0.3667,,,,0.2405,-1.0252,0.0496,0.4320,2.2606
692e9d9ad3d807884d4dd678,6903686e0e94ce070afd1f24,keep,-0.2241,,,3,114,116,0.9652,,,,0.0640,0.3336,0.0189,0.6721,0.2814
692eb00e1e78e176ba6cf9aa,6846f7cf9cdf020d4a37a294,keep,-0.2244,,unsteady_camera,1,192,194,0.9896,,,,-0.5875,0.5727,2.2986,0.2492,-0.9547
692ea8fb727c13b350cb7cb4,6903bd580e94ce070afd33cd,keep,-0.2247,,jittery,0,157,159,0.9937,,,,0.4792,1.2062,0.1354,-0.2071,-0.8835
692ea8a096d2056439f01892,6903b590466be157ec64580a,keep,-0.2248,,,0,184,195,0.9485,,,,0.4918,-0.1426,0.5600,-0.2128,0.7025
692ed684952b26f4cc71a444,690366b20e94ce070afd1e8a,keep,-0.2248,,,37,189,196,0.7795,,,,0.1970,0.3939,0.0802,0.4357,0.1713
692e9d99d3d807884d4dd676,6903686e0e94ce070afd1f24,keep,-0.2249,,,5,99,101,0.9400,,,,-0.1684,0.7293,0.0230,0.0000,0.7101
692ea4acc609aae267b278f9,68696b41314bde44018fa510,keep,-0.2250,,incomplete,16,183,191,0.8789,,,,0.0682,-0.2668,-0.1801,0.0000,2.0531
692ea2d3c7cb0e94dc84bb4f,69070e0b9adc5c8f26f55b5a,keep,-0.2251,,hesitant,0,110,112,0.9910,,,,-0.3346,0.4692,0.2250,1.0397,0.1089
692ea3f93b319da763b71a97,6871e269bc1991b1a1e463ba,keep,-0.2252,,,0,183,185,0.9946,,,,0.7252,-0.5233,0.1715,0.5854,0.5165
692eb119b8797912ff78a92a,6904b8d0466be157ec648ef1,keep,-0.2253,,,0,220,224,0.9865,,,,0.2841,0.8281,-0.1647,0.0000,0.0731
692eaf86526b2c3ac5f5b4f1,6903bd580e94ce070afd33cd,keep,-0.2256,,jittery,0,347,349,0.9971,,,,-0.3465,1.3842,0.5651,-0.2545,-0.2883
692ea69faec602a46af105af,6903686e0e94ce070afd1f24,keep,-0.2258,,,43,101,103,0.5686,,,,0.6715,-0.2572,0.1527,0.0000,0.8062
692eacc34e7eab2cafd26a24,6903686e0e94ce070afd1f24,keep,-0.2259,,hesitant,0,102,104,0.9903,,,,-0.5936,0.2884,0.0432,1.6515,0.3445
692ea775dfa41139877769eb,6903686e0e94ce070afd1f24,keep,-0.2262,,,5,93,95,0.9362,,,,0.6811,-0.0423,0.0953,0.0000,0.5299
692ea4c439719ab57395b8b5,68bc72d1fcdaacc405e3db53,keep,-0.2264,,hesitant,0,163,177,0.9261,,,,0.1057,0.5380,-0.5116,1.1114,0.0192
692eac992c8fefa9948e8ebb,6903b590466be157ec64580a,keep,-0.2264,,,0,207,213,0.9764,,,,-0.0599,0.4210,0.7521,-0.2128,0.5039
692eaf87526b2c3ac5f5b4f6,6903bd580e94ce070afd33cd,keep,-0.2265,,jittery,0,224,226,0.9956,,,,-0.3222,1.4829,0.6470,0.5606,-1.3630
692eb32168228e362d90917f,690366b20e94ce070afd1e8a,keep,-0.2265,,jittery,6,215,218,0.9631,,,,-0.1307,1.7845,0.1372,-0.2938,-0.7384
692eae32aec602a46af106b3,6903686e0e94ce070afd1f24,keep,-0.2266,,,33,106,108,0.6822,,,,-0.2673,0.2304,0.3480,0.7223,0.5711
692e9fa197ffd8ec9034012b,69150bf42756853dcad943f2,keep,-0.2268,,,42,138,140,0.6906,,,,0.9355,-0.7322,0.3133,0.0000,0.9696
692ea40597ffd8ec9034016d,6903686e0e94ce070afd1f24,keep,-0.2271,,poor_image,16,101,103,0.8333,,,,1.1870,-0.7012,-0.0320,0.0000,0.8929
692eb1313b319da763b71c03,6903686e0e94ce070afd1f24,keep,-0.2273,,incomplete,21,134,136,0.8370,,,,0.0506,0.4214,-0.1246,0.0000,1.0078
692ea8142fa9ba56c08f819e,69070e0b9adc5c8f26f55b5a,keep,-0.2275,,,13,133,135,0.8955,,,,0.1474,0.5686,-0.3126,0.0000,0.8308
692ea69caec602a46af10596,6903686e0e94ce070afd1f24,keep,-0.2277,,,2,102,104,0.9709,,,,0.4477,0.2101,0.0813,0.0000,0.5261
692eafd4ffdc0ca6345c438b,69070e0b9adc5c8f26f55b5a,keep,-0.2277,,jittery,0,149,151,0.9933,,,,-0.0900,1.1683,-0.1631,0.0000,0.1398
692ea40397ffd8ec9034015a,6903686e0e94ce070afd1f24,keep,-0.2280,,,0,99,101,0.9900,,,,0.5668,-0.4965,0.9944,0.0000,0.4963
692eadf5d52427f961fa161b,69036806466be157ec64477f,keep,-0.2281,,unsteady_camera,0,159,200,0.7990,0.1628,0,0.1538,-0.0984,-0.7414,1.5565,-0.3435,-0.3749
692ef548245e91872900714d,690cb8f69adc5c8f26f64201,keep,-0.2282,,,0,208,210,0.9952,,,,0.8437,0.1537,0.1188,0.0000,-0.0175
692e98ef40338017b7f997d1,6871d82a1aaf88556f0c6041,keep,-0.2282,,,0,122,124,0.9919,,,,0.0857,0.7326,0.5512,0.0000,-0.1810
692ea9f25aae241ad236edc1,6903b590466be157ec64580a,keep,-0.2283,,,0,206,236,0.8766,,,,-0.2510,0.4512,-0.1368,0.9254,0.5094
692ea2305cd6df8b6023c9a1,6871e269bc1991b1a1e463ba,keep,-0.2285,,,0,209,211,0.9952,0.1277,4,0.5558,-0.0868,0.4065,-0.5550,0.5129,-0.0630
692ea0bc727c13b350cb7bd8,6903686e0e94ce070afd1f24,keep,-0.2285,,,2,97,99,0.9694,,,,0.3115,0.7077,0.5125,0.0000,-0.4415
692ea63a3b319da763b71adb,69070e0b9adc5c8f26f55b5a,keep,-0.2286,,hesitant,0,107,109,0.9907,,,,0.7845,0.1053,-0.4791,1.0686,-0.3239
692eaec5f169106feb26afbd,6871d82a1aaf88556f0c6041,keep,-0.2288,,,0,93,95,0.9894,,,,-0.1731,0.5882,0.4412,0.0000,0.5376
692e93d9567c97525f40132c,6871d82a1aaf88556f0c6041,keep,-0.2292,,,0,146,148,0.9932,,,,0.1376,-0.2139,0.5162,0.8630,0.3396
692eacc24e7eab2cafd26a15,6903686e0e94ce070afd1f24,keep,-0.2292,,,5,106,108,0.9439,,,,-0.2503,0.5731,0.2916,0.8674,-0.0390
692eae08424dbf22e75ed14b,6846f7cf9cdf020d4a37a294,keep,-0.2294,,hesitant,0,187,189,0.9947,0.1677,2,0.8542,-0.4347,0.9725,0.2359,1.5212,-0.6367
692ea8efba0400c70689ff46,6903686e0e94ce070afd1f24,keep,-0.2294,,poor_image,0,87,90,0.9775,,,,1.0200,-0.0110,0.3018,0.0000,-0.2093
692eb04f3019385fbbf56882,69070e0b9adc5c8f26f55b5a,keep,-0.2296,,,0,159,161,0.9938,,,,0.2716,0.2916,0.2799,0.7213,-0.2390
692ea2fa854d0e0793875b4d,69070e0b9adc5c8f26f55b5a,keep,-0.2297,,,3,103,105,0.9615,,,,-0.2255,0.4578,-0.0233,0.6840,0.5989
692ea671dbc4294a49cc727b,6871e269bc1991b1a1e463ba,keep,-0.2298,,,0,232,234,0.9957,,,,-0.0293,0.4493,0.2348,0.5255,0.2183
692e9939f169106feb26acfc,6903686e0e94ce070afd1f24,keep,-0.2298,,,25,97,101,0.7200,,,,0.4604,-0.3972,0.9260,0.0000,0.5879
692ea5c8d3d807884d4dd765,68bc72d1fcdaacc405e3db53,keep,-0.2300,,,91,219,221,0.5818,,,,-0.7108,0.9031,0.9757,-0.1629,0.5089
692ea16596d2056439f017cb,6903686e0e94ce070afd1f24,keep,-0.2305,,,15,131,133,0.8788,,,,-0.0566,-0.1730,0.4868,0.5855,0.8853
692ea69eaec602a46af105a7,6903686e0e94ce070afd1f24,keep,-0.2305,,,36,101,103,0.6373,,,,0.3499,0.3567,0.0289,0.0000,0.5246
692e9a5a9cebf0ec017ddb4d,6904b8d0466be157ec648ef1,keep,-0.2307,,,30,222,224,0.8610,,,,-0.2954,0.5997,-0.0081,0.3440,0.8226
692eaec6f169106feb26afc5,6871d82a1aaf88556f0c6041,keep,-0.2307,,hesitant,0,105,107,0.9906,,,,0.1984,0.0928,0.0567,1.3737,-0.2523
692ef1f8245e918729007113,6846f7cf9cdf020d4a37a294,keep,-0.2307,,incomplete,79,196,198,0.5939,,,,-1.0397,0.4424,-0.0863,0.4573,2.1402
692eed24245e918729007097,6903a36c466be157ec64562d,keep,-0.2310,,,1,390,392,0.9949,,,,0.5661,0.1068,-0.2224,0.4868,0.3434
692eabd54e86f0c01a2072a2,6903686e0e94ce070afd1f24,keep,-0.2315,,,0,89,91,0.9889,,,,0.0478,0.2191,-0.1260,0.8588,0.4871
692ea307dbc4294a49cc722b,6871d82a1aaf88556f0c6041,keep,-0.2315,,,3,117,119,0.9661,,,,0.0959,0.0857,0.6318,0.0000,0.7166
692ea81092a31767e35da34e,6903686e0e94ce070afd1f24,keep,-0.2317,,,0,122,124,0.9919,,,,0.2841,0.7246,0.0999,0.0000,0.0093
692e984a68bf0a1f462303f6,6871e269bc1991b1a1e463ba,keep,-0.2319,,hesitant,0,224,226,0.9956,,,,-0.5408,0.3440,0.3328,1.0229,0.5630
692eac1121fc595fbe6f95a8,690364170e94ce070afd1da5,keep,-0.2324,,jittery,13,406,408,0.9656,,,,-0.3529,1.3111,0.2487,-0.1115,0.0523
692eb0fc4e7eab2cafd26a6e,690364170e94ce070afd1da5,keep,-0.2324,,incomplete,119,225,227,0.4690,,,,-0.1518,0.1946,0.3998,0.0274,1.1357
692ef71fb07e0e30ff1132e7,6904b8d0466be157ec648ef1,keep,-0.2325,,poor_image,0,227,229,0.9956,,,,1.3258,-0.3536,0.4226,0.0000,-0.2531
692eb0a41e78e176ba6cf9d0,6846f7cf9cdf020d4a37a294,keep,-0.2326,,unsteady_camera,0,202,213,0.9528,,,,-0.4924,0.1529,1.2346,0.8705,0.0321
692ea0bd727c13b350cb7bef,6903686e0e94ce070afd1f24,keep,-0.2332,,,4,99,101,0.9500,,,,0.6910,-0.0124,0.6287,0.0000,-0.0143
692eacc34e7eab2cafd26a1f,6903686e0e94ce070afd1f24,keep,-0.2335,,,4,102,104,0.9515,,,,0.6546,0.7165,-0.1762,0.0000,-0.2460
692ea30540338017b7f998cd,6903686e0e94ce070afd1f24,keep,-0.2337,,incomplete,40,102,104,0.6019,,,,0.0023,0.2990,-0.0650,0.0000,1.2491
692ea887e2322e3b092b5eed,6903b590466be157ec64580a,keep,-0.2337,,jittery,2,159,161,0.9813,,,,-0.3749,1.3399,0.3191,-0.2128,0.0823
692eace9ad0c9ef057d41dda,6903686e0e94ce070afd1f24,keep,-0.2338,,hesitant,2,105,107,0.9717,,,,0.8723,-0.2086,0.0714,1.4583,-0.8883
692ea63a3b319da763b71ad7,69070e0b9adc5c8f26f55b5a,keep,-0.2339,,hesitant,0,159,161,0.9938,0.1618,2,0.9956,-0.2174,0.7122,0.1365,1.1659,-0.3193
692eabd3d52427f961fa15df,6903686e0e94ce070afd1f24,keep,-0.2342,,,0,104,106,0.9905,,,,0.2979,0.7596,-0.1945,0.0000,0.2474
692eb3e16974927fef249d9a,6903686e0e94ce070afd1f24,keep,-0.2342,,,43,101,103,0.5686,,,,0.2436,-0.3069,0.0270,0.7577,0.9498
692f19fd5cec8e06f0b2dc3f,69070e0b9adc5c8f26f55b5a,keep,-0.2343,,unsteady_camera,0,136,140,0.9784,,,,0.0281,0.2692,1.0770,0.0000,0.1171
692ead1cffdc0ca6345c4360,6846f7cf9cdf020d4a37a294,keep,-0.2343,,hesitant,0,183,185,0.9946,,,,0.0299,0.3782,0.4176,1.3820,-0.7717
692eacc14e7eab2cafd26a11,6903686e0e94ce070afd1f24,keep,-0.2345,,jittery,1,103,105,0.9808,,,,0.0186,1.1146,0.3707,0.0000,-0.4292
692eb0503019385fbbf56888,69070e0b9adc5c8f26f55b5a,keep,-0.2345,,,0,147,149,0.9932,,,,0.3665,0.9505,0.2964,0.0000,-0.6304
692eab68d3d807884d4dd7f9,69070e0b9adc5c8f26f55b5a,keep,-0.2346,,,2,158,160,0.9811,,,,-0.0250,0.7456,-0.1366,0.0000,0.6978
692eac505cd6df8b6023caa5,690cb8f69adc5c8f26f64201,keep,-0.2350,,hesitant,7,180,183,0.9505,,,,-0.3568,-0.0692,0.4270,1.5983,0.2584
692ea1c5a0e165ab2e42e43c,68696b41314bde44018fa510,keep,-0.2351,,incomplete,9,166,168,0.9401,,,,-0.2926,0.4462,0.2524,0.0000,1.1626
692e9cb53b319da763b7198c,6903bd580e94ce070afd33cd,keep,-0.2351,,hesitant,0,203,205,0.9951,,,,-0.0120,0.4704,0.0674,1.0911,-0.2007
692ea33295aad87d3e3445ac,6903686e0e94ce070afd1f24,keep,-0.2351,,,1,113,115,0.9825,,,,-0.0733,0.6366,0.3552,0.0000,0.4456
692ef7cb0ba268eb16564b2a,68bdae5d259c8771eea61c1b,keep,-0.2352,,hesitant,21,203,218,0.8387,,,,-0.3145,-0.1899,-0.2550,2.1748,0.4835
692ea695ad0c9ef057d41cf9,68bc72d1fcdaacc405e3db53,keep,-0.2353,,,24,156,170,0.7811,0.2092,3,0.9992,0.1873,-0.5919,0.7993,-0.3737,0.3273
692e9dc168228e362d908f7d,6903686e0e94ce070afd1f24,keep,-0.2353,,,1,115,117,0.9828,,,,-0.1742,0.3822,-0.2358,0.8001,0.7711
692eace11e78e176ba6cf94d,6903bd580e94ce070afd33cd,keep,-0.2354,,unsteady_camera,6,221,224,0.9641,,,,0.2784,0.8619,1.0335,-0.5342,-0.5620
692eabd14e86f0c01a20727e,6903686e0e94ce070afd1f24,keep,-0.2356,,,0,103,105,0.9904,,,,0.0431,0.3982,0.1170,0.8924,-0.0221
692e9b3a68bf0a1f46230450,6871e269bc1991b1a1e463ba,keep,-0.2358,,,2,188,190,0.9841,,,,0.0444,-0.0869,0.7628,0.6478,0.3036
692eaaa6dbc4294a49cc72c6,69070e0b9adc5c8f26f55b5a,keep,-0.2360,,hesitant,0,118,120,0.9916,,,,0.5458,-0.5915,0.0604,1.5676,0.0923
692e9ab9d3d807884d4dd620,69150bf42756853dcad943f2,keep,-0.2361,,hesitant,0,106,108,0.9907,,,,-0.1806,-0.1117,0.2115,1.6461,0.2335
692e94935aae241ad236eb9d,68696b41314bde44018fa510,keep,-0.2362,,incomplete,10,165,167,0.9337,,,,0.2226,-0.4539,0.4707,0.0000,1.5294
692eafb1f169106feb26aff6,690cb8f69adc5c8f26f64201,keep,-0.2363,,hesitant,0,190,209,0.9135,,,,0.1516,-0.6267,0.0677,1.4650,0.8340
692e9b2baf371a654ce7fc82,6903bd580e94ce070afd33cd,keep,-0.2364,,,21,178,200,0.7889,,,,0.4294,0.3820,-0.0098,-0.2745,0.7217
692ef4e94215b056bf36e8ac,69150bf42756853dcad943f2,keep,-0.2364,,unsteady_camera,4,108,114,0.9204,,,,0.0137,-0.0500,1.2295,0.0000,0.4798
692eb32168228e362d90917a,690366b20e94ce070afd1e8a,keep,-0.2364,,,0,237,239,0.9958,,,,0.4497,0.0778,0.6281,0.5884,-0.3527
692e9b2caf371a654ce7fc90,6903bd580e94ce070afd33cd,keep,-0.2365,,hesitant,0,144,176,0.8229,,,,-0.3815,0.2837,-0.0873,1.3604,0.5289
692e9ea6a0e165ab2e42e3ec,6903bd580e94ce070afd33cd,keep,-0.2365,,jittery,0,178,180,0.9944,,,,0.3427,1.7116,0.0359,-0.5342,-0.9275
692e9b3a68bf0a1f46230452,6871e269bc1991b1a1e463ba,keep,-0.2367,,,0,200,202,0.9950,,,,0.3314,0.6385,0.0659,0.0000,0.1362
692eab65d3d807884d4dd7e2,69070e0b9adc5c8f26f55b5a,keep,-0.2369,,,1,165,167,0.9880,,,,0.7249,-0.0400,0.6231,0.0000,0.0079
692ea4da99488ff84776f925,6903686e0e94ce070afd1f24,keep,-0.2375,,,23,113,115,0.7895,,,,0.5287,0.2344,0.2576,0.0000,0.2600
692ead5d3019385fbbf56844,6846f7cf9cdf020d4a37a294,keep,-0.2375,,hesitant,1,168,170,0.9882,,,,0.4591,-0.0193,0.2166,1.4152,-0.6288
692e9a5b2fa9ba56c08f805b,6903686e0e94ce070afd1f24,keep,-0.2376,,,13,98,100,0.8586,0.0828,2,0.8556,0.3905,-0.1358,0.2099,0.0000,0.0204
692ea63c3b319da763b71ae4,69070e0b9adc5c8f26f55b5a,keep,-0.2379,,,27,179,181,0.8444,,,,0.5288,-0.1772,-0.0209,0.6412,0.5176
692e994d74b24813e7597417,69150bf42756853dcad943f2,keep,-0.2381,,unsteady_camera,0,138,140,0.9928,,,,-0.0269,0.7662,1.2701,0.0000,-0.7125
692ea97eea43f09edf26f60e,6903686e0e94ce070afd1f24,keep,-0.2382,,,22,102,104,0.7767,,,,0.4492,0.5064,0.0915,0.0000,0.1427
692ea952b77ab81b8b41eeb4,69038b590e94ce070afd2952,keep,-0.2386,,jittery,0,237,240,0.9916,,,,-0.1012,1.0261,-0.2918,0.6548,-0.0805
692e9938f169106feb26acf7,6903686e0e94ce070afd1f24,keep,-0.2386,,,3,107,111,0.9455,,,,0.6373,0.1288,0.1280,0.0000,0.3928
692e94ffaf371a654ce7fbed,6871e269bc1991b1a1e463ba,keep,-0.2386,,incomplete,0,197,200,0.9899,,,,-0.1428,0.4254,-0.3821,0.3076,1.3206
692e993bf169106feb26ad0b,6903686e0e94ce070afd1f24,keep,-0.2388,,,0,91,101,0.9100,,,,0.9193,-0.2256,-0.0241,0.0000,0.6551
692ee89cf59fd218b1bdfff0,69038b590e94ce070afd2952,keep,-0.2388,,hesitant,52,186,192,0.7016,,,,-0.6757,0.2263,0.0902,1.7597,0.4959
692ea967727c13b350cb7cdd,6903686e0e94ce070afd1f24,keep,-0.2388,,,7,114,116,0.9304,,,,0.1611,0.5222,-0.1449,0.6721,0.1198
692eace7ad0c9ef057d41dcf,6903686e0e94ce070afd1f24,keep,-0.2389,,hesitant,2,110,112,0.9730,,,,-0.4997,0.0789,-0.0402,1.6723,0.6717
692ea81292a31767e35da358,6903686e0e94ce070afd1f24,keep,-0.2390,,,0,94,96,0.9895,,,,0.5078,0.0064,-0.1792,0.9770,0.1041
692eb0ac7641010d043547fa,690364170e94ce070afd1da5,keep,-0.2391,,,0,234,236,0.9957,,,,0.4040,0.2430,0.3843,0.1857,0.1334
692eacc24e7eab2cafd26a18,6903686e0e94ce070afd1f24,keep,-0.2392,,jittery,5,114,116,0.9478,,,,-0.6094,1.4482,-0.1478,0.0000,0.5639
692e994f74b24813e7597427,69150bf42756853dcad943f2,keep,-0.2393,,,17,97,100,0.8081,,,,0.5806,0.2128,-0.2271,0.0000,0.7118
692ef1f8245e918729007115,6846f7cf9cdf020d4a37a294,keep,-0.2396,,,0,206,208,0.9952,,,,0.6852,0.3176,0.5897,-0.4650,0.0482
692eaeaf40338017b7f99a18,6903686e0e94ce070afd1f24,keep,-0.2397,,,0,90,92,0.9890,,,,0.3875,0.2569,0.4364,0.0000,0.2748
692ea69caec602a46af10594,6903686e0e94ce070afd1f24,keep,-0.2401,,,0,110,112,0.9910,,,,0.7671,-0.1354,0.0216,0.0000,0.7113
692ea0f3b05428c72fb3748e,690cb8f69adc5c8f26f64201,keep,-0.2402,,unsteady_camera,10,192,196,0.9333,,,,0.4123,-0.3938,1.1163,0.0000,0.5372
692eaa5d7641010d04354708,69070e0b9adc5c8f26f55b5a,keep,-0.2402,,unsteady_camera,0,117,119,0.9915,,,,-0.5007,0.5017,1.1750,0.0000,0.5048
692eb3e16974927fef249d9b,6903686e0e94ce070afd1f24,keep,-0.2402,,,2,99,101,0.9700,,,,0.6134,0.1755,0.2683,0.0000,0.2296
692ea30940338017b7f998ef,6903686e0e94ce070afd1f24,keep,-0.2403,,incomplete,56,123,125,0.5403,,,,0.1025,-0.3791,0.0769,0.0000,2.0204
692eafb4dbc4294a49cc7315,69070e0b9adc5c8f26f55b5a,keep,-0.2405,,,3,204,206,0.9805,0.0567,2,0.9880,-0.3561,0.5526,-0.2369,0.0000,0.5384
692ead5e3019385fbbf5684b,6846f7cf9cdf020d4a37a294,keep,-0.2405,,incomplete,22,187,198,0.8376,,,,0.0435,0.4203,-0.0289,-0.0238,1.0410
692ea6d81e78e176ba6cf8e8,69070e0b9adc5c8f26f55b5a,keep,-0.2406,,jittery,0,155,157,0.9936,,,,0.0894,1.4815,-0.3200,0.0000,-0.3522
692eabe04e86f0c01a2072c2,6846f7cf9cdf020d4a37a294,keep,-0.2406,,jittery,3,182,190,0.9471,,,,0.9917,1.0876,0.3057,0.0050,-1.7455
692ea2d4c7cb0e94dc84bb54,69070e0b9adc5c8f26f55b5a,keep,-0.2408,,unsteady_camera,0,131,133,0.9924,,,,-0.3699,0.4716,1.9131,0.0000,-0.3802
692e9f8f39719ab57395b842,6871e269bc1991b1a1e463ba,keep,-0.2409,,,4,175,177,0.9716,,,,0.0068,0.4147,0.2361,0.0000,0.8178
692eaf2d4e86f0c01a2072e7,69070e0b9adc5c8f26f55b5a,keep,-0.2410,,,0,180,182,0.9945,,,,-0.0088,0.6581,0.0395,0.6376,0.0355
692eaadec609aae267b2799d,69070e0b9adc5c8f26f55b5a,keep,-0.2410,,poor_image,4,113,115,0.9561,,,,1.0436,-0.0464,0.0684,0.0000,0.1227
692ea8ebba0400c70689ff28,6903686e0e94ce070afd1f24,keep,-0.2410,,,0,95,98,0.9794,,,,0.1688,0.6018,0.3384,0.0000,0.1925
692ef1f7245e91872900710a,6846f7cf9cdf020d4a37a294,keep,-0.2410,,jittery+hesitant,0,190,192,0.9948,,,,-0.3538,1.0422,-0.0633,1.3054,-0.5877
692f197f45175992cd6a0ecc,6904b8d0466be157ec648ef1,keep,-0.2411,,unsteady_camera,1,124,126,0.9840,,,,0.6323,-0.8930,1.9024,0.4544,-0.2783
692e9fa192a31767e35da22e,69150bf42756853dcad943f2,keep,-0.2412,,incomplete,34,146,151,0.7467,,,,0.2883,0.2163,-0.0994,0.0000,1.0309
692ea33395aad87d3e3445b7,6903686e0e94ce070afd1f24,keep,-0.2413,,jittery+hesitant,0,99,101,0.9900,,,,-0.6049,1.0612,0.1411,1.5458,-0.6824
692ea5367641010d043546c2,6871d82a1aaf88556f0c6041,keep,-0.2413,,hesitant,0,95,97,0.9896,,,,0.1102,0.4508,-0.1162,1.3214,-0.3576
692ea3b995aad87d3e3445ce,6871d82a1aaf88556f0c6041,keep,-0.2415,,,0,95,97,0.9896,,,,-0.4623,0.7999,0.7989,0.0000,0.3849
692f04b55cec8e06f0b2dbcf,69070e0b9adc5c8f26f55b5a,keep,-0.2417,,incomplete,22,162,182,0.7735,,,,0.2480,-0.0683,-0.0791,0.0000,1.5014
692eac992c8fefa9948e8eb4,6903b590466be157ec64580a,keep,-0.2418,,,0,177,179,0.9944,,,,0.4330,0.4921,0.3646,0.0167,-0.0767
692ea16696d2056439f017e8,6903686e0e94ce070afd1f24,keep,-0.2419,,,12,106,108,0.8785,,,,0.1516,0.5765,0.3418,0.0000,0.2595
692ea63b3b319da763b71ae2,69070e0b9adc5c8f26f55b5a,keep,-0.2422,,,5,121,123,0.9508,,,,-0.0499,0.0799,0.5645,0.9460,0.1400
692ea3516974927fef249c4d,6871d6cd07c5fd75be83e337,keep,-0.2423,,,0,236,238,0.9958,,,,-0.0584,0.2296,0.6999,0.7985,-0.0590
692ea8f3c621d7f4aac3ab72,6903b590466be157ec64580a,keep,-0.2424,,unsteady_camera,14,202,226,0.8356,,,,0.0604,-0.7210,1.4641,0.4313,0.7925
692eae803019385fbbf56866,690366b20e94ce070afd1e8a,keep,-0.2429,,,71,216,220,0.6621,,,,0.4532,-0.0751,-0.1119,0.3869,0.8582
692e9a33ba0400c70689fd6c,68696b41314bde44018fa510,keep,-0.2430,,,1,172,174,0.9884,,,,0.6732,0.3632,-0.2674,0.0000,0.4134
692eb225b77ab81b8b41ef7b,6903686e0e94ce070afd1f24,keep,-0.2430,,,0,95,97,0.9896,,,,-0.5726,0.7354,-0.1063,0.9668,0.5966
692eaec8f169106feb26afdb,6871d82a1aaf88556f0c6041,keep,-0.2431,,,1,111,113,0.9821,,,,0.4364,0.4984,-0.0990,0.0000,0.3983
692eb108567c97525f4015ee,6846f7cf9cdf020d4a37a294,keep,-0.2432,,jittery,15,228,230,0.9301,,,,-0.1346,1.2416,0.6087,-0.0519,-0.5152
692ea1eeb0d3d3c9d2606986,6903686e0e94ce070afd1f24,keep,-0.2433,,,0,109,111,0.9909,,,,-0.0712,0.8877,-0.2526,0.0000,0.7314
692f0723ef7557106e6c4e07,6846f7cf9cdf020d4a37a294,keep,-0.2434,,,0,204,206,0.9951,,,,0.1875,0.6219,-0.4250,0.9494,-0.0350
692eac515cd6df8b6023caac,690cb8f69adc5c8f26f64201,keep,-0.2434,,,4,210,214,0.9671,,,,0.2470,0.2951,0.0709,0.3576,0.4622
692ea487c609aae267b278ee,68bc72d1fcdaacc405e3db53,keep,-0.2437,,,45,152,168,0.6407,,,,-0.2487,0.2200,0.5241,0.4591,0.7657
692eac2c4e7eab2cafd269f6,6903bd580e94ce070afd33cd,keep,-0.2438,,,0,196,198,0.9949,,,,-0.0385,0.6723,0.4194,0.7776,-0.4408
692eb061d52427f961fa1651,690366b20e94ce070afd1e8a,keep,-0.2442,,,60,203,225,0.6384,,,,0.7497,-0.0552,-0.0144,0.0085,0.6734
692eb3035aae241ad236ee8c,6846f7cf9cdf020d4a37a294,keep,-0.2443,,,1,180,199,0.9040,,,,0.5846,-0.0525,0.2994,-0.0013,0.6137
692ea69baec602a46af1058d,6903686e0e94ce070afd1f24,keep,-0.2445,,,6,94,96,0.9263,,,,0.8375,0.4567,0.2029,0.0000,-0.4331
692eace9ad0c9ef057d41ddf,6903686e0e94ce070afd1f24,keep,-0.2446,,hesitant,0,113,115,0.9912,,,,0.7614,-0.5333,-0.0209,2.0000,-0.6089
692e9abad3d807884d4dd622,69150bf42756853dcad943f2,keep,-0.2447,,jittery,0,161,165,0.9817,,,,-0.7418,1.5653,0.4067,0.0000,0.0707
692eb22ab77ab81b8b41efa0,6903686e0e94ce070afd1f24,keep,-0.2447,,hesitant,38,91,93,0.5761,,,,-0.3597,0.3736,-0.0431,1.0089,0.7260
692e994d74b24813e759741a,69150bf42756853dcad943f2,keep,-0.2448,,,1,116,128,0.9055,,,,0.2287,0.4876,0.1551,0.0000,0.4837
692e9fa297ffd8ec9034012d,69150bf42756853dcad943f2,keep,-0.2450,,incomplete,47,121,161,0.4625,,,,0.2682,-0.8105,-0.1638,0.7529,1.9396
692eacb65aae241ad236ee0d,690366b20e94ce070afd1e8a,keep,-0.2451,,,0,195,197,0.9949,0.0644,4,0.9582,-0.2358,0.4577,0.1311,0.0517,-0.9480
692eeeb00ba268eb16564a92,69150bf42756853dcad943f2,keep,-0.2455,,incomplete,25,100,146,0.5172,,,,0.0929,-0.2580,0.1134,0.0000,1.8523
692eafd4ffdc0ca6345c438c,69070e0b9adc5c8f26f55b5a,keep,-0.2456,,hesitant,28,141,143,0.7958,,,,0.2857,-0.0565,-0.4732,1.3137,0.5348
692e9b37b77ab81b8b41ed27,6903bd580e94ce070afd33cd,keep,-0.2458,,jittery,0,186,188,0.9947,,,,0.4939,1.4934,0.6524,-0.5342,-1.3784
692eac2daec602a46af10669,6903686e0e94ce070afd1f24,keep,-0.2463,,,0,102,106,0.9714,,,,0.8408,0.3655,0.3021,0.0000,-0.3877
692ea30740338017b7f998e1,6903686e0e94ce070afd1f24,keep,-0.2463,,incomplete,55,110,112,0.4955,,,,0.1373,0.1159,0.0047,0.0000,1.3396
692ea7694e86f0c01a207243,6871d82a1aaf88556f0c6041,keep,-0.2464,,unsteady_camera,0,121,123,0.9918,,,,-0.7457,0.7167,1.1725,0.0000,0.5956
692eaa60d3d807884d4dd7b3,6903686e0e94ce070afd1f24,keep,-0.2464,,poor_image,24,97,99,0.7449,,,,1.3616,-0.4441,0.1684,0.0000,0.1799
692edcc90ba268eb16564940,69038b590e94ce070afd2952,keep,-0.2466,,,13,229,231,0.9391,,,,0.8796,-0.0030,0.1920,0.1591,0.0603
692eaec5f169106feb26afbe,6871d82a1aaf88556f0c6041,keep,-0.2466,,,0,110,112,0.9910,,,,-0.0960,0.9623,0.5524,0.0000,-0.1255
692e9d99d3d807884d4dd674,6903686e0e94ce070afd1f24,keep,-0.2466,,,5,117,119,0.9492,,,,-0.3438,0.4019,0.4054,0.7866,0.4473
692e9cb63b319da763b71997,6903bd580e94ce070afd33cd,keep,-0.2467,,hesitant+incomplete,47,151,191,0.5474,,,,-0.2682,-0.4283,0.0224,1.0025,1.7465
692ea8004e7eab2cafd269a0,690366b20e94ce070afd1e8a,keep,-0.2469,,hesitant,44,181,183,0.7527,,,,-0.2160,-0.0494,0.7247,1.3442,0.0571
692eb0afc609aae267b27a2e,6871d82a1aaf88556f0c6041,keep,-0.2469,,incomplete,6,136,138,0.9489,,,,0.0298,-0.2431,0.0428,0.9260,1.0794
692eb3e06974927fef249d8d,6903686e0e94ce070afd1f24,keep,-0.2471,,unsteady_camera,0,100,102,0.9901,,,,0.2309,0.0950,1.1241,0.0000,0.1169
692e977d74b24813e75973ff,69150bf42756853dcad943f2,keep,-0.2472,,,0,142,144,0.9930,,,,-0.4856,0.8474,0.8425,0.6158,-0.2704
692ea7684e86f0c01a207240,6871d82a1aaf88556f0c6041,keep,-0.2478,,,0,103,105,0.9904,,,,0.5016,0.6362,-0.1189,0.0000,0.1466
692ea16496d2056439f017c2,6903686e0e94ce070afd1f24,keep,-0.2479,,hesitant,6,111,113,0.9375,,,,0.1710,-0.2053,0.1381,2.0000,-0.3517
692eddda4cbe80983737fe00,690366b20e94ce070afd1e8a,keep,-0.2479,,hesitant,6,202,204,0.9655,,,,-0.0697,0.3044,0.7903,1.1748,-0.5820
692eabd14e86f0c01a207281,6903686e0e94ce070afd1f24,keep,-0.2482,,,0,95,97,0.9896,,,,0.6267,0.9335,0.0004,0.0000,-0.6031
692eabe04e86f0c01a2072c3,6846f7cf9cdf020d4a37a294,keep,-0.2483,,,3,203,205,0.9804,,,,0.2807,0.7058,0.0925,0.0031,0.1624
692ea7980793395ac4f6ffa6,67421681889e906244b520b1,keep,-0.2484,,,8,232,234,0.9614,,,,0.5843,-0.1057,0.4074,0.4777,0.1356
692ea33195aad87d3e3445aa,6903686e0e94ce070afd1f24,keep,-0.2485,,hesitant,0,117,119,0.9915,0.0919,2,0.3974,-0.0192,-0.2026,-0.0211,1.3100,0.4116
692ea6cf99488ff84776f942,69070e0b9adc5c8f26f55b5a,keep,-0.2488,,,8,139,141,0.9357,0.1084,3,0.3054,0.4220,0.4093,-0.0279,0.0000,0.5499
692eaa162fa9ba56c08f81af,69150bf42756853dcad943f2,keep,-0.2488,,,0,131,136,0.9704,,,,0.1563,0.6176,0.1345,0.6523,-0.2057
692ea16596d2056439f017d9,6903686e0e94ce070afd1f24,keep,-0.2491,,,0,111,113,0.9911,,,,0.1569,0.7421,0.0509,0.0000,0.3443
692e977c74b24813e75973fa,69150bf42756853dcad943f2,keep,-0.2492,,unsteady_camera,0,114,116,0.9913,,,,0.4656,0.2498,1.6105,0.0000,-0.9390
692eae5795aad87d3e3446cd,69036806466be157ec64477f,keep,-0.2496,,,108,225,227,0.5177,,,,-0.0657,0.9263,0.4819,0.0000,-0.0251
692eae31aec602a46af106a3,6903686e0e94ce070afd1f24,keep,-0.2499,,,48,117,119,0.5847,,,,0.1959,0.2621,0.0690,0.0000,0.9932
692eb29bffdc0ca6345c43b8,69070e0b9adc5c8f26f55b5a,keep,-0.2499,,hesitant,1,98,100,0.9798,,,,0.1783,-0.6506,0.0284,2.6029,-0.1736
692eae403b319da763b71bc4,6846f7cf9cdf020d4a37a294,keep,-0.2501,,,0,199,201,0.9950,,,,0.6880,-0.0021,0.1496,0.7410,-0.1686
692ea7f3f169106feb26aecd,6903686e0e94ce070afd1f24,keep,-0.2502,,,6,113,115,0.9386,,,,-0.0890,-0.0448,0.4359,0.6780,0.8385
692ea81192a31767e35da351,6903686e0e94ce070afd1f24,keep,-0.2505,,hesitant,0,119,121,0.9917,,,,0.2660,0.4670,-0.0960,1.4175,-0.6677
692ead5d3019385fbbf5683f,6846f7cf9cdf020d4a37a294,keep,-0.2506,,hesitant+incomplete,23,190,197,0.8520,,,,-0.6978,0.1557,0.0412,1.4565,1.0695
692ea5ea68228e362d909040,6903b590466be157ec64580a,keep,-0.2507,,poor_image,0,218,220,0.9954,,,,1.5195,-0.8746,-0.3617,0.6777,0.4712
692eacf699488ff84776f9f3,6846f7cf9cdf020d4a37a294,keep,-0.2507,,,0,182,184,0.9945,,,,-0.4302,0.7320,0.9275,0.5744,-0.1995
692ea8112fa9ba56c08f8183,69070e0b9adc5c8f26f55b5a,keep,-0.2510,,,0,141,148,0.9592,,,,0.3222,0.1012,0.3976,0.0000,0.7242
692eb1313b319da763b71bfc,6903686e0e94ce070afd1f24,keep,-0.2514,,,0,118,122,0.9752,,,,0.2935,0.1929,-0.2077,0.7671,0.4711
692ea6d81e78e176ba6cf8e4,69070e0b9adc5c8f26f55b5a,keep,-0.2516,,jittery,0,166,172,0.9708,,,,-0.4012,1.2661,0.0549,0.0000,0.4090
692e9f64727c13b350cb7baf,69150bf42756853dcad943f2,keep,-0.2518,,hesitant+incomplete,49,137,139,0.6377,,,,0.1687,-0.4541,-0.2657,1.1077,1.3487
692ea6e5aec602a46af105bd,6903b590466be157ec64580a,keep,-0.2521,,unsteady_camera,0,202,217,0.9352,,,,-0.0126,0.1451,1.7049,-0.0236,-0.1152
692eeefdef7557106e6c4c5f,68bc72d1fcdaacc405e3db53,keep,-0.2522,,,76,174,186,0.5297,,,,-0.0422,0.0558,0.3075,0.6287,0.8091
692eac8792a31767e35da3b5,69070e0b9adc5c8f26f55b5a,keep,-0.2523,,incomplete,63,138,140,0.5396,,,,-0.4473,-0.1301,0.0237,0.8303,1.7782
692ea2305cd6df8b6023c9a0,6871e269bc1991b1a1e463ba,keep,-0.2524,,,0,223,225,0.9955,,,,0.6710,0.3180,0.3754,0.0000,-0.0923
692ea92a99488ff84776f984,69070e0b9adc5c8f26f55b5a,keep,-0.2524,,,0,140,142,0.9929,0.1705,3,0.9902,0.7111,-0.3322,0.2123,0.0000,0.3256
692ea768d52427f961fa1589,68696b41314bde44018fa510,keep,-0.2524,,,3,224,226,0.9822,,,,-0.2530,0.8470,0.1759,0.0000,0.7000
692eac87eee2f8cb10d0f8a8,6903b590466be157ec64580a,keep,-0.2527,,incomplete,24,164,166,0.8485,,,,-0.2626,0.9068,-0.1128,-0.2128,1.1278
692ea5ec68228e362d90904b,6903b590466be157ec64580a,keep,-0.2527,,,2,178,180,0.9832,,,,0.9083,-0.0586,0.0864,0.4202,-0.0126
692ea6d199488ff84776f954,69070e0b9adc5c8f26f55b5a,keep,-0.2527,,hesitant,1,137,139,0.9855,,,,0.7136,-0.0957,-0.3018,1.0310,0.1130
692e9fa392a31767e35da23c,69150bf42756853dcad943f2,keep,-0.2535,,unsteady_camera,0,145,147,0.9932,,,,-0.3350,0.0746,2.0000,0.0000,0.1651
692ef164f2e4e72c033b9b38,690cb8f69adc5c8f26f64201,keep,-0.2535,,hesitant,9,211,213,0.9528,,,,0.0460,0.2211,-0.1719,1.0780,0.4679
692eb3045aae241ad236ee8f,6846f7cf9cdf020d4a37a294,keep,-0.2536,,,0,204,206,0.9951,,,,0.7015,0.4636,0.3480,-0.2691,-0.0513
692ea69aaec602a46af10589,6903686e0e94ce070afd1f24,keep,-0.2537,,,13,88,90,0.8427,,,,0.3629,0.7537,0.2436,0.0000,-0.1423
692eaa62d3d807884d4dd7c8,6903686e0e94ce070afd1f24,keep,-0.2538,,,0,90,93,0.9783,,,,0.2358,0.0362,-0.0261,0.8401,0.5545
692eab62424dbf22e75ed0ec,68696b41314bde44018fa510,keep,-0.2538,,,0,152,155,0.9870,,,,0.1356,0.5148,0.3264,0.0000,0.4749
692ea40197ffd8ec90340141,6903686e0e94ce070afd1f24,keep,-0.2540,,jittery,1,127,129,0.9844,,,,0.1882,1.1685,0.1556,0.0000,-0.4125
692ea30640338017b7f998d4,6903686e0e94ce070afd1f24,keep,-0.2541,,unsteady_camera,1,99,101,0.9800,,,,0.2144,-0.6770,2.1236,0.0000,0.3488
692e99e7ba0400c70689fd47,68696b41314bde44018fa510,keep,-0.2541,,jittery,0,188,190,0.9947,,,,-0.1269,1.1950,0.2373,0.0000,-0.0606
692eabd4d52427f961fa15ef,6903686e0e94ce070afd1f24,keep,-0.2543,,,3,113,115,0.9649,,,,0.3619,0.6026,0.1651,0.0000,0.1682
692eaebd74b24813e7597654,690362600e94ce070afd1d30,keep,-0.2544,,,0,332,334,0.9970,,,,0.1070,0.5017,0.5343,-0.1157,0.4493
692ef15e45175992cd6a0d1b,6871d82a1aaf88556f0c6041,keep,-0.2545,,hesitant,3,90,92,0.9560,,,,0.0926,-0.5037,-0.0630,1.6001,0.8613
692ead5e3019385fbbf56849,6846f7cf9cdf020d4a37a294,keep,-0.2546,,incomplete,44,193,225,0.6652,,,,-0.4941,0.2978,-0.0517,0.3859,1.7422
692eb1455aae241ad236ee69,68bc72d1fcdaacc405e3db53,keep,-0.2546,,,84,206,208,0.5894,0.0346,3,0.9648,0.2656,-0.6833,0.6924,-0.1497,0.3576
692ea138b77ab81b8b41edd9,68696b41314bde44018fa510,keep,-0.2547,,,0,189,202,0.9403,,,,0.5795,-0.2458,0.9352,0.0000,0.3469
692ea72692a31767e35da31e,69038b590e94ce070afd2952,keep,-0.2549,,incomplete,57,221,227,0.7257,,,,0.3206,0.4921,0.0578,-0.5144,1.0218
692ea5e4854d0e0793875b8a,6903bd580e94ce070afd33cd,keep,-0.2553,,hesitant,13,164,186,0.8162,,,,-0.6693,-0.1806,0.1060,2.3003,0.6556
692ea63a3b319da763b71ad5,69070e0b9adc5c8f26f55b5a,keep,-0.2555,,,0,169,171,0.9941,,,,0.5283,-0.0245,0.1036,0.8369,0.0919
692eb303ea43f09edf26f6a2,6871d82a1aaf88556f0c6041,keep,-0.2556,,hesitant,0,92,94,0.9892,,,,0.4972,-0.9614,0.2117,1.5657,0.7077
692ea138b77ab81b8b41edd3,68696b41314bde44018fa510,keep,-0.2556,,unsteady_camera,0,196,204,0.9655,,,,-0.2508,-0.4305,2.2184,0.0000,0.5931
692e99e9ba0400c70689fd59,68696b41314bde44018fa510,keep,-0.2557,,,0,198,200,0.9950,,,,0.0540,0.3973,0.7389,0.0000,0.3738
692eabdf4e86f0c01a2072b9,6846f7cf9cdf020d4a37a294,keep,-0.2558,,incomplete,2,166,198,0.8325,,,,0.0742,0.0012,0.3411,0.2820,1.0542
692e93db567c97525f40133c,6871d82a1aaf88556f0c6041,keep,-0.2558,,,0,132,134,0.9925,,,,-0.1535,0.8719,0.2700,0.0000,0.4431
692e993cf169106feb26ad18,6903686e0e94ce070afd1f24,keep,-0.2560,,poor_image,4,106,111,0.9273,,,,1.2842,-0.4692,0.0405,0.0000,0.5291
692eaf0c854d0e0793875ca6,6871d82a1aaf88556f0c6041,keep,-0.2563,,poor_image+unsteady_camera,0,91,93,0.9891,,,,1.3416,-0.6394,1.1924,0.0000,-0.4514
692ea6d91e78e176ba6cf8ee,69070e0b9adc5c8f26f55b5a,keep,-0.2565,,,0,144,157,0.9231,,,,0.7481,-0.2740,-0.2421,0.9120,0.4143
692eaa836974927fef249cfb,6903b590466be157ec64580a,keep,-0.2567,,jittery,25,163,165,0.8415,,,,-0.5853,1.1354,-0.0432,0.5345,0.4805
692eaeba9cebf0ec017ddd39,690366b20e94ce070afd1e8a,keep,-0.2570,,,56,201,214,0.6808,,,,0.3244,0.1932,-0.1689,0.4060,0.7856
692ef1fafbcce321dca74ec4,670be6761e62a52f6a35360d,keep,-0.2572,,incomplete,32,228,262,0.7510,,,,0.7743,0.2150,-0.4446,-0.8019,1.5632
692eaee34e7eab2cafd26a52,6903b590466be157ec64580a,keep,-0.2573,,,37,233,235,0.8376,,,,0.0313,0.3651,0.7240,0.0969,0.3856
692eac8692a31767e35da3ac,69070e0b9adc5c8f26f55b5a,keep,-0.2573,,,14,132,145,0.8194,,,,0.0359,0.7648,-0.2396,0.0000,0.8398
692eaa182fa9ba56c08f81c2,69150bf42756853dcad943f2,keep,-0.2576,,incomplete,52,128,139,0.5507,,,,-0.8126,0.8221,0.4341,0.0000,1.3547
692eac2b4e7eab2cafd269f0,6903bd580e94ce070afd33cd,keep,-0.2579,,incomplete,54,193,195,0.7165,,,,-0.4650,0.5056,-0.0062,0.7356,1.0148
692ea5e2eee2f8cb10d0f7ca,69038b590e94ce070afd2952,keep,-0.2580,,jittery,2,266,268,0.9888,,,,0.7123,1.1595,-0.1755,0.0658,-0.8921
692eae5795aad87d3e3446d2,69036806466be157ec64477f,keep,-0.2580,,unsteady_camera,5,192,194,0.9689,,,,0.6668,0.1013,1.7429,-0.0515,-1.0377
692e9d6799488ff84776f861,6871d82a1aaf88556f0c6041,keep,-0.2580,,hesitant,0,94,96,0.9895,,,,0.5578,-0.1423,0.1116,2.0000,-0.9286
692eabdf4e86f0c01a2072ba,6846f7cf9cdf020d4a37a294,keep,-0.2582,,,0,196,198,0.9949,,,,0.5747,0.0069,0.2513,0.7370,-0.0532
692ef547245e918729007146,690cb8f69adc5c8f26f64201,keep,-0.2583,,hesitant,0,211,222,0.9548,,,,-0.3296,0.6136,0.0440,1.0341,0.3038
692e9a33ba0400c70689fd6a,68696b41314bde44018fa510,keep,-0.2583,,,0,184,186,0.9946,,,,0.8081,0.3853,-0.1674,0.0000,0.1856
692eaee24e7eab2cafd26a48,690364170e94ce070afd1da5,keep,-0.2586,,,8,204,206,0.9561,,,,0.6832,0.5003,0.2823,-0.3310,0.0838
692eae56c621d7f4aac3abe0,6846f7cf9cdf020d4a37a294,keep,-0.2587,,,13,163,165,0.9146,0.1141,4,0.1280,0.3864,-0.6146,-0.2057,-0.7063,0.5917
692eacc44e7eab2cafd26a27,6903686e0e94ce070afd1f24,keep,-0.2589,,,8,94,96,0.9053,,,,0.8012,0.6324,-0.0056,0.0000,-0.3324
692eb0ac7641010d043547ff,690364170e94ce070afd1da5,keep,-0.2590,,incomplete,93,160,162,0.4161,,,,0.9436,0.2271,-0.4924,-0.7673,1.3164
692ef057245e9187290070ea,6846f7cf9cdf020d4a37a294,keep,-0.2590,,,35,196,198,0.8173,,,,0.0051,0.6475,0.0724,0.5356,0.2262
692ea774b77ab81b8b41ee90,6846f7cf9cdf020d4a37a294,keep,-0.2590,,unsteady_camera,1,185,187,0.9892,,,,-0.4149,0.8751,1.2059,-0.4377,0.3547
692ea7980793395ac4f6ffaa,67421681889e906244b520b1,keep,-0.2591,,poor_image,4,220,222,0.9774,,,,1.2998,0.1605,-0.3731,0.0000,-0.0040
692ef1f9fbcce321dca74ebb,670be6761e62a52f6a35360d,keep,-0.2592,,hesitant,1,236,238,0.9916,,,,-0.0955,0.2223,-0.1167,1.5534,0.1875
692ea4da99488ff84776f922,6903686e0e94ce070afd1f24,keep,-0.2592,,unsteady_camera,0,111,113,0.9911,,,,-0.1720,-0.6517,1.8133,0.6901,0.5468
692e974aba0400c70689fd0e,69150bf42756853dcad943f2,keep,-0.2595,,,0,121,130,0.9380,,,,0.5475,0.0008,-0.1376,0.6827,0.4491
692eac8992a31767e35da3c7,69070e0b9adc5c8f26f55b5a,keep,-0.2596,,,10,122,124,0.9106,,,,0.1438,0.0526,0.6871,0.9383,-0.1029
692eafddb8797912ff78a909,6903b590466be157ec64580a,keep,-0.2596,,,6,169,171,0.9588,,,,-0.3414,0.8965,0.5203,0.0275,0.4368
692ea63b3b319da763b71adc,69070e0b9adc5c8f26f55b5a,keep,-0.2597,,,32,107,109,0.6944,0.0309,2,0.9807,0.0410,0.3002,0.2869,0.0000,0.5079
692eabe04e86f0c01a2072c4,6846f7cf9cdf020d4a37a294,keep,-0.2599,,poor_image+unsteady_camera,0,182,184,0.9945,,,,1.1130,0.3352,1.9867,-0.7063,-1.6335
692ea5f4eee2f8cb10d0f7dd,69150bf42756853dcad943f2,keep,-0.2603,,,0,133,135,0.9925,,,,0.3676,0.8497,0.2020,0.0000,-0.2059
692eb304ea43f09edf26f6af,6871d82a1aaf88556f0c6041,keep,-0.2604,,,0,103,105,0.9904,,,,0.9896,-0.1852,0.3248,0.0000,0.2917
692e9b461e78e176ba6cf7b2,6903bd580e94ce070afd33cd,keep,-0.2606,,,0,181,203,0.8960,,,,0.3953,0.2040,0.3828,0.1735,0.3687
692eb12274b24813e759768f,6846f7cf9cdf020d4a37a294,keep,-0.2606,,unsteady_camera,4,156,160,0.9560,,,,0.1391,-0.1097,1.8478,-0.4245,0.3570
692eb227b77ab81b8b41ef85,6903686e0e94ce070afd1f24,keep,-0.2608,,,0,104,106,0.9905,,,,-0.4017,0.5864,0.2155,0.8839,0.4488
692ed683952b26f4cc71a43a,690366b20e94ce070afd1e8a,keep,-0.2609,,poor_image,0,201,216,0.9349,,,,1.0477,0.1047,-0.0237,0.9659,-0.8444
692ea701c621d7f4aac3ab0e,68696b41314bde44018fa510,keep,-0.2611,,,0,191,194,0.9896,,,,0.4519,0.9667,0.0670,0.0000,-0.3676
692e9cb63b319da763b71999,6903bd580e94ce070afd33cd,keep,-0.2612,,hesitant+incomplete,47,165,188,0.6310,,,,-0.0353,-0.6449,0.2152,1.2389,1.3947
692eabd5c621d7f4aac3abb1,68bc72d1fcdaacc405e3db53,keep,-0.2615,,,3,96,98,0.9588,,,,0.5952,-0.2977,0.8211,0.6695,-0.1060
692eaead40338017b7f99a0c,6903686e0e94ce070afd1f24,keep,-0.2616,,poor_image,0,106,108,0.9907,,,,1.0411,-0.3428,0.4317,0.0000,0.3518
692e9d3da0e165ab2e42e3bc,6903686e0e94ce070afd1f24,keep,-0.2617,,,0,121,123,0.9918,,,,-0.0460,0.4051,-0.0086,0.7608,0.5413
692e9ea6a0e165ab2e42e3e7,6903bd580e94ce070afd33cd,keep,-0.2619,,incomplete,56,169,204,0.5567,,,,0.2245,-0.3916,-0.0492,0.7090,1.4239
692eb00f1e78e176ba6cf9ad,6846f7cf9cdf020d4a37a294,keep,-0.2621,,,0,205,207,0.9951,,,,0.1228,0.6455,-0.2094,0.8415,0.0503
692eadebc609aae267b279f1,68bc72d1fcdaacc405e3db53,keep,-0.2623,,jittery,0,175,177,0.9943,,,,0.2107,1.1878,0.3689,-0.1820,-0.4489
692ea53a7641010d043546e6,6871d82a1aaf88556f0c6041,keep,-0.2623,,poor_image,0,87,91,0.9667,,,,1.3556,-0.9945,0.3515,0.0000,0.9431
692eabde4e86f0c01a2072b4,6846f7cf9cdf020d4a37a294,keep,-0.2625,,,0,190,193,0.9896,,,,0.7969,-0.4193,0.8375,0.4608,-0.0276
692ea696727c13b350cb7c9a,69070e0b9adc5c8f26f55b5a,keep,-0.2625,,,0,137,139,0.9928,,,,0.2023,0.7124,0.3764,0.0000,0.0888
692eaeaf40338017b7f99a1b,6903686e0e94ce070afd1f24,keep,-0.2625,,,0,121,123,0.9918,,,,0.6178,0.5220,0.2635,0.0000,-0.1359
692e9ee6b05428c72fb37474,68696b41314bde44018fa510,keep,-0.2626,,hesitant,0,152,154,0.9935,,,,-0.3670,0.1024,0.3205,2.0000,-0.0854
692ea767d52427f961fa157f,68696b41314bde44018fa510,keep,-0.2627,,,0,208,210,0.9952,,,,0.6335,0.4151,-0.0712,0.0000,0.3373
692eafb0f169106feb26afeb,690cb8f69adc5c8f26f64201,keep,-0.2629,,hesitant,0,185,196,0.9487,,,,0.5499,-0.4070,0.0225,1.0302,0.5729
692eac0896d2056439f018e7,6871d82a1aaf88556f0c6041,keep,-0.2630,,,0,95,97,0.9896,,,,0.1303,0.1012,0.7073,0.0000,0.7863
692eace11e78e176ba6cf94f,6903bd580e94ce070afd33cd,keep,-0.2631,,,51,231,235,0.7692,,,,0.3957,0.7332,0.5377,-0.3133,-0.0760
692ea6d51e78e176ba6cf8d1,69070e0b9adc5c8f26f55b5a,keep,-0.2632,,,0,158,160,0.9937,,,,0.3764,0.7508,-0.1364,0.7258,-0.4381
692ef1f8245e91872900710f,6846f7cf9cdf020d4a37a294,keep,-0.2632,,,0,179,184,0.9781,,,,0.5853,0.3170,-0.2485,0.3014,0.4363
692e9a5a2fa9ba56c08f8054,6903686e0e94ce070afd1f24,keep,-0.2632,,,7,102,104,0.9223,,,,0.5513,0.0947,0.1296,0.0000,0.7441
692e977674b24813e75973df,6871e269bc1991b1a1e463ba,keep,-0.2635,,,0,231,233,0.9957,0.0449,2,0.0001,0.3321,0.0634,0.5726,0.2639,-0.3499
692eb0a31e78e176ba6cf9c6,6846f7cf9cdf020d4a37a294,keep,-0.2635,,unsteady_camera,0,192,194,0.9948,,,,-0.2851,0.3913,2.3568,0.0436,-0.7151
692e9fa392a31767e35da239,69150bf42756853dcad943f2,keep,-0.2637,,,5,140,147,0.9247,,,,0.2255,0.6837,0.8446,0.0000,-0.3626
692ea9a092a31767e35da37e,690364170e94ce070afd1da5,keep,-0.2637,,,0,225,227,0.9956,,,,0.4953,0.5798,0.4035,-0.3715,0.2014
692ea0c7727c13b350cb7c01,670be6761e62a52f6a35360d,keep,-0.2637,,hesitant,35,375,395,0.8629,,,,0.9671,-0.1549,-0.5552,1.0805,0.1025
692eafddb8797912ff78a905,6903b590466be157ec64580a,keep,-0.2639,,,33,159,161,0.7875,,,,-0.3205,0.6779,-0.2095,0.8085,0.7122
692eaec5f169106feb26afbf,6871d82a1aaf88556f0c6041,keep,-0.2645,,hesitant+incomplete,7,123,125,0.9355,,,,-0.5995,0.3288,0.1251,1.0230,1.1097
692e9dbf68228e362d908f72,6903686e0e94ce070afd1f24,keep,-0.2649,,hesitant,11,119,121,0.9000,,,,-0.1412,0.3227,-0.0975,1.9322,-0.2527
692eaf5474b24813e759766c,6846f7cf9cdf020d4a37a294,keep,-0.2649,,unsteady_camera,3,173,175,0.9770,,,,-0.1898,0.0486,2.8027,-0.4488,-0.2876
692eaeab40338017b7f99a08,6903686e0e94ce070afd1f24,keep,-0.2651,,poor_image,0,102,104,0.9903,,,,1.0043,-0.0801,-0.0153,0.0000,0.4847
692ea968727c13b350cb7ce9,6903686e0e94ce070afd1f24,keep,-0.2652,,,0,93,95,0.9894,,,,0.3101,0.1511,0.6636,0.0000,0.5009
692eb3025aae241ad236ee84,6846f7cf9cdf020d4a37a294,keep,-0.2653,,poor_image,0,183,205,0.8971,,,,1.2744,0.3449,-0.0518,-0.4614,-0.0583
692ea7980793395ac4f6ffa9,67421681889e906244b520b1,keep,-0.2655,,incomplete,25,189,214,0.7700,,,,-0.8088,0.7922,0.0000,0.5225,1.3612
692eafdaeee2f8cb10d0f901,6846f7cf9cdf020d4a37a294,keep,-0.2658,,jittery,0,200,202,0.9950,,,,0.8627,1.0119,-0.0880,-0.2604,-0.6030
692ea72040338017b7f99951,690366b20e94ce070afd1e8a,keep,-0.2658,,poor_image,23,161,175,0.7931,,,,1.0145,-0.1553,-0.6786,0.9520,0.2986
692eac87eee2f8cb10d0f8a1,6903b590466be157ec64580a,keep,-0.2660,,,0,181,183,0.9945,,,,0.6497,-0.0732,0.2737,0.5835,0.1400
692ef3f24215b056bf36e87e,6846f7cf9cdf020d4a37a294,keep,-0.2661,,hesitant,4,216,220,0.9680,,,,-0.0493,-0.2180,0.5701,1.2529,0.4409
692e9ee6c7cb0e94dc84bae1,6903686e0e94ce070afd1f24,keep,-0.2665,,incomplete,39,107,110,0.6239,,,,0.0237,0.3250,0.2205,0.0000,1.1218
692eaa75dfa4113987776a4f,6871e269bc1991b1a1e463ba,keep,-0.2668,,hesitant,0,200,204,0.9852,,,,-0.4427,0.8550,0.1854,1.5919,-0.5284
692eb0819cebf0ec017dddd7,69070e0b9adc5c8f26f55b5a,keep,-0.2668,,jittery,2,116,118,0.9744,,,,-0.1506,1.3057,0.0758,0.0000,0.0590
692ef546245e918729007143,690cb8f69adc5c8f26f64201,keep,-0.2669,,,0,162,166,0.9818,0.1427,2,0.9570,0.2310,0.8945,0.4337,0.0000,0.1537
692eb00e1e78e176ba6cf9a5,6846f7cf9cdf020d4a37a294,keep,-0.2674,,,0,189,224,0.8475,,,,0.6596,0.2351,-0.2542,0.0976,0.6863
692ea696727c13b350cb7c93,69070e0b9adc5c8f26f55b5a,keep,-0.2677,,jittery,0,136,139,0.9855,,,,-0.0123,1.0534,0.3575,0.0000,-0.0456
692e9ea6a0e165ab2e42e3ea,6903bd580e94ce070afd33cd,keep,-0.2677,,hesitant,0,166,168,0.9940,,,,0.8006,-0.1941,0.2209,1.4150,-0.6718
692eab3ce2322e3b092b5f5a,6903bd580e94ce070afd33cd,keep,-0.2677,,jittery+hesitant,2,164,174,0.9364,,,,-0.7705,1.2941,0.8694,1.1185,-0.8994
692ea6ffc621d7f4aac3aafd,68696b41314bde44018fa510,keep,-0.2678,,,4,201,203,0.9752,,,,0.2863,0.1835,0.3561,0.0000,0.8138
692ea95ec609aae267b2798b,690364170e94ce070afd1da5,keep,-0.2679,,jittery,0,232,234,0.9957,,,,-0.1924,1.1967,0.0697,0.3935,-0.0944
692ee0040ba268eb1656499c,6903b590466be157ec64580a,keep,-0.2680,,incomplete,25,188,192,0.8534,,,,0.0266,0.1925,-0.5873,0.9737,1.1606
692ea8f0ba0400c70689ff49,6903686e0e94ce070afd1f24,keep,-0.2680,,,24,97,99,0.7449,,,,0.6431,0.2997,0.0470,0.0000,0.4147
692ea886e2322e3b092b5ee6,6903b590466be157ec64580a,keep,-0.2681,,incomplete,64,190,192,0.6597,,,,-0.1887,0.3077,0.1188,0.2150,1.3642
692eb065d52427f961fa1665,690366b20e94ce070afd1e8a,keep,-0.2683,,,51,186,200,0.6784,,,,0.1625,-0.0076,0.0167,0.8298,0.7992
692eb303ea43f09edf26f6a3,6871d82a1aaf88556f0c6041,keep,-0.2685,,poor_image,0,99,101,0.9900,,,,1.0063,0.1458,0.2447,0.0000,-0.0935
692ea33295aad87d3e3445ae,6903686e0e94ce070afd1f24,keep,-0.2686,,,9,130,132,0.9237,,,,-0.0464,0.4988,0.3418,0.0000,0.8596
692eabd4d52427f961fa15ea,6903686e0e94ce070afd1f24,keep,-0.2687,,hesitant,39,117,119,0.6610,,,,0.0277,0.3580,-0.1917,1.4416,0.0525
692ea40297ffd8ec9034014a,6903686e0e94ce070afd1f24,keep,-0.2687,,unsteady_camera,0,128,130,0.9922,,,,0.3899,-0.4565,1.5350,0.0000,0.4458
692ea40397ffd8ec90340157,6903686e0e94ce070afd1f24,keep,-0.2688,,unsteady_camera,8,106,108,0.9159,,,,0.7794,-0.2513,1.2989,0.0000,-0.2098
692ea40397ffd8ec90340152,6903686e0e94ce070afd1f24,keep,-0.2689,,poor_image,5,106,108,0.9439,,,,1.6684,-0.5161,-0.1556,0.0000,0.3098
692ef4c79ca48e15a25b2a56,690cb8f69adc5c8f26f64201,keep,-0.2696,,,3,206,219,0.9312,,,,0.5241,-0.0466,0.0388,0.5721,0.5598
692ea0f3b05428c72fb3748d,690cb8f69adc5c8f26f64201,keep,-0.2699,,,6,180,182,0.9613,,,,0.6752,0.5596,0.9139,0.0000,-0.8769
692eb0503019385fbbf5688b,69070e0b9adc5c8f26f55b5a,keep,-0.2701,,hesitant,0,133,135,0.9925,,,,-0.4232,0.7387,0.8113,1.0618,-0.4560
692ea6f94e86f0c01a20721a,6903bd580e94ce070afd33cd,keep,-0.2701,,jittery,4,217,219,0.9771,,,,0.0413,1.6047,0.3508,0.0939,-1.0226
692e9b9eaf371a654ce7fc9d,670be6761e62a52f6a35360d,keep,-0.2703,,poor_image+hesitant,8,227,229,0.9605,,,,1.3670,-0.4996,-0.7328,1.1548,0.1688
692ea1a93b319da763b71a39,69070e0b9adc5c8f26f55b5a,keep,-0.2705,,jittery,2,166,168,0.9820,,,,0.5352,1.0641,0.4762,0.0000,-0.9814
692e98ef40338017b7f997cd,6871d82a1aaf88556f0c6041,keep,-0.2706,,hesitant,3,136,138,0.9708,,,,-0.1195,0.7318,-0.3789,1.0629,0.2917
692eb302ea43f09edf26f69f,6871d82a1aaf88556f0c6041,keep,-0.2706,,,0,113,115,0.9912,,,,0.7975,0.3424,0.3210,0.0000,-0.1365
692ef4c79ca48e15a25b2a53,690cb8f69adc5c8f26f64201,keep,-0.2708,,jittery+hesitant,0,222,224,0.9955,,,,-0.7394,1.0930,0.8663,1.1186,-0.6198
692ea69baec602a46af10590,6903686e0e94ce070afd1f24,keep,-0.2709,,jittery,0,105,107,0.9906,,,,0.2780,1.0698,-0.1490,0.0000,0.0236
692eafdbb8797912ff78a8f9,6903b590466be157ec64580a,keep,-0.2712,,unsteady_camera,0,165,188,0.8824,,,,0.1255,-0.4635,1.2378,0.6611,0.5068
692eaa637641010d04354729,69070e0b9adc5c8f26f55b5a,keep,-0.2713,,jittery,0,92,94,0.9892,,,,-0.2566,1.2255,0.9767,0.0000,-0.5308
692e9f65727c13b350cb7bbe,69150bf42756853dcad943f2,keep,-0.2719,,incomplete,0,94,134,0.7068,,,,0.3550,-0.3997,0.1465,0.6622,1.1618
692ea1ac3b319da763b71a4d,69070e0b9adc5c8f26f55b5a,keep,-0.2720,,hesitant,0,165,167,0.9940,,,,-0.0513,-0.3686,-0.1386,2.4285,0.2442
692eac8992a31767e35da3ca,69070e0b9adc5c8f26f55b5a,keep,-0.2723,,hesitant,0,164,166,0.9939,,,,-0.1846,0.3658,-0.0310,1.8300,-0.1647
692ea80e92a31767e35da33c,6903686e0e94ce070afd1f24,keep,-0.2725,,,0,125,127,0.9921,,,,0.4130,0.5382,0.0783,0.0000,0.4028
692f04b55cec8e06f0b2dbd3,69070e0b9adc5c8f26f55b5a,keep,-0.2728,,,1,151,153,0.9868,,,,0.5408,-0.3152,0.4141,0.7593,0.3980
692ea5ffea43f09edf26f596,6846f7cf9cdf020d4a37a294,keep,-0.2729,,,0,225,227,0.9956,,,,0.5393,0.9299,-0.2700,0.1551,-0.1785
692eb32168228e362d90917d,690366b20e94ce070afd1e8a,keep,-0.2729,,hesitant,0,224,226,0.9956,,,,0.4539,0.1301,-0.4393,1.9340,-0.4601
692ea9c21e78e176ba6cf91f,6903bd580e94ce070afd33cd,keep,-0.2735,,incomplete,44,164,215,0.5607,,,,-0.4276,0.8045,0.0970,-0.2927,1.5444
692e9b6768228e362d908f19,6903bd580e94ce070afd33cd,keep,-0.2737,,jittery,1,207,209,0.9904,,,,0.3288,1.1300,0.0949,-0.2857,-0.0816
692ea4c4b05428c72fb3752c,6871d6cd07c5fd75be83e337,keep,-0.2737,,unsteady_camera,0,208,210,0.9952,,,,-0.2656,0.4385,1.5404,0.0340,0.0823
692eaaa3dbc4294a49cc72bc,69070e0b9adc5c8f26f55b5a,keep,-0.2738,,poor_image,23,178,183,0.8516,,,,1.4353,-0.9521,0.1482,0.6341,0.4094
692eaeac40338017b7f99a0a,6903686e0e94ce070afd1f24,keep,-0.2738,,,0,107,109,0.9907,,,,0.7757,0.7429,0.2114,0.0000,-0.5723
692eb0513019385fbbf56896,69070e0b9adc5c8f26f55b5a,keep,-0.2739,,hesitant,7,150,152,0.9470,,,,-0.1841,-0.1244,0.1300,2.4711,-0.2213
692ea1eeb0d3d3c9d260698c,6903686e0e94ce070afd1f24,keep,-0.2743,,hesitant,2,106,108,0.9720,,,,0.2876,-0.1692,-0.0917,1.4447,0.3893
692ea6d199488ff84776f952,69070e0b9adc5c8f26f55b5a,keep,-0.2744,,,0,160,162,0.9938,,,,0.9707,-0.4653,0.7144,0.4419,0.0064
692eacc34e7eab2cafd26a1c,6903686e0e94ce070afd1f24,keep,-0.2745,,hesitant,0,110,112,0.9910,,,,-0.3720,-0.2451,-0.0578,2.3686,0.5363
692ea5ffea43f09edf26f590,6846f7cf9cdf020d4a37a294,keep,-0.2747,,,25,216,218,0.8802,,,,0.2981,0.4005,-0.2671,0.4211,0.7211
692eabd1d52427f961fa15d1,6903686e0e94ce070afd1f24,keep,-0.2751,,,0,115,117,0.9914,,,,0.2152,0.8622,-0.2017,0.0000,0.5116
692e9dc068228e362d908f75,6903686e0e94ce070afd1f24,keep,-0.2752,,hesitant,0,135,137,0.9926,,,,0.3887,0.1282,-0.3136,1.1366,0.3279
692ea8ecba0400c70689ff2d,6903686e0e94ce070afd1f24,keep,-0.2754,,unsteady_camera,5,109,111,0.9455,,,,0.4617,0.4689,1.0094,0.0000,-0.4776
692eb0d2854d0e0793875cb5,68bc72d1fcdaacc405e3db53,keep,-0.2754,,jittery,71,164,166,0.5636,,,,-1.0265,1.6072,0.6064,0.3927,0.0577
692eab66567c97525f401546,690362600e94ce070afd1d30,keep,-0.2758,,,15,299,306,0.9311,,,,0.9649,0.5089,-0.3803,0.1347,-0.0348
692ea2315cd6df8b6023c9a7,6871e269bc1991b1a1e463ba,keep,-0.2759,,unsteady_camera,0,186,188,0.9947,,,,0.3684,0.4254,1.1265,0.0000,-0.3862
692ea886e2322e3b092b5ee5,6903b590466be157ec64580a,keep,-0.2759,,,0,182,191,0.9579,,,,0.0594,0.5422,0.8855,0.0022,0.1410
692ee8674215b056bf36e807,6846f7cf9cdf020d4a37a294,keep,-0.2759,,poor_image+jittery,0,215,218,0.9908,,,,1.0309,1.1352,-0.1226,-0.7063,-0.4891
692e98b05aae241ad236ec0c,6871d82a1aaf88556f0c6041,keep,-0.2760,,poor_image,4,104,106,0.9524,,,,1.2388,0.3457,-0.3837,0.0000,-0.0613
692ea9a092a31767e35da37f,690364170e94ce070afd1da5,keep,-0.2760,,,7,222,224,0.9641,,,,0.8923,0.4662,0.8584,-0.3662,-0.5980
692ea6d71e78e176ba6cf8e1,69070e0b9adc5c8f26f55b5a,keep,-0.2761,,,0,171,173,0.9942,,,,-0.4422,0.9971,0.2769,0.6710,0.1525
692ea7f5f169106feb26aedc,6903686e0e94ce070afd1f24,keep,-0.2761,,hesitant,10,114,116,0.9043,,,,0.3050,0.4906,-0.0458,1.4792,-0.6939
692eb3df6974927fef249d84,6903686e0e94ce070afd1f24,keep,-0.2764,,incomplete,45,109,111,0.5818,,,,0.4776,-0.0472,-0.1311,0.0000,1.4201
692eaaae2c8fefa9948e8ea3,68bc72d1fcdaacc405e3db53,keep,-0.2766,,,44,156,160,0.7044,,,,-0.2841,0.5106,0.7247,0.2095,0.6620
692eaaa3dbc4294a49cc72bd,69070e0b9adc5c8f26f55b5a,keep,-0.2768,,,1,157,159,0.9873,,,,0.7513,0.0015,0.6241,0.0000,0.1846
692ea97aea43f09edf26f5ef,6903686e0e94ce070afd1f24,keep,-0.2769,,hesitant,0,98,100,0.9899,,,,-0.2928,0.5520,0.1010,1.5614,-0.1132
692ef15f45175992cd6a0d2b,6871d82a1aaf88556f0c6041,keep,-0.2769,,hesitant+incomplete,2,91,97,0.9271,,,,-0.2386,-1.0880,0.2155,2.0000,1.7128
692ea9c21e78e176ba6cf923,6903bd580e94ce070afd33cd,keep,-0.2771,,incomplete,45,179,202,0.6667,,,,0.2172,-0.2051,0.0814,0.6312,1.2088
692eaf3599488ff84776fa2b,690362600e94ce070afd1d30,keep,-0.2777,,,3,283,285,0.9859,,,,0.8516,0.9736,0.3391,-0.6342,-0.4991
692eac7274b24813e759760d,68bc72d1fcdaacc405e3db53,keep,-0.2777,,unsteady_camera+incomplete,54,143,152,0.5894,,,,-0.0569,0.1480,1.0093,-0.3737,1.1716
692e977d74b24813e7597404,69150bf42756853dcad943f2,keep,-0.2783,,incomplete,38,117,124,0.6423,,,,0.0991,0.2963,-0.1105,0.0000,1.4651
692e9fa297ffd8ec90340132,69150bf42756853dcad943f2,keep,-0.2786,,jittery,19,114,116,0.8261,,,,0.4197,1.1566,0.5154,0.0000,-0.9299
692ea8f0ba0400c70689ff4d,6903686e0e94ce070afd1f24,keep,-0.2789,,,0,89,91,0.9889,,,,0.8129,0.5547,0.1684,0.0000,-0.2678
692ea5e968228e362d909038,6903b590466be157ec64580a,keep,-0.2789,,poor_image,0,197,199,0.9949,,,,1.2675,0.6519,-0.6018,0.4062,-0.7315
692ea9f35aae241ad236edc7,6903b590466be157ec64580a,keep,-0.2789,,,0,216,218,0.9954,,,,-0.0917,0.5930,0.5673,0.4977,0.1354
692e9500af371a654ce7fbf5,6871e269bc1991b1a1e463ba,keep,-0.2789,,,0,196,198,0.9949,,,,0.1380,0.4450,-0.0399,0.8575,0.2601
692eb229b77ab81b8b41ef9c,6903686e0e94ce070afd1f24,keep,-0.2792,,hesitant,24,90,92,0.7253,,,,0.0974,-0.0324,0.0615,1.6987,0.0965
692ea40497ffd8ec9034015d,6903686e0e94ce070afd1f24,keep,-0.2793,,unsteady_camera,34,102,105,0.6538,,,,0.5283,-0.6207,1.4365,0.0000,0.6569
692eab62424dbf22e75ed0f4,68696b41314bde44018fa510,keep,-0.2794,,jittery,0,182,185,0.9891,,,,-0.5436,1.3045,0.7517,0.0000,0.0627
692e98af5aae241ad236ec07,6871d82a1aaf88556f0c6041,keep,-0.2795,,,0,107,109,0.9907,,,,0.5426,0.7428,-0.0666,0.0000,0.0948
692eaf2c4e86f0c01a2072de,69070e0b9adc5c8f26f55b5a,keep,-0.2798,,hesitant,0,167,169,0.9940,,,,-0.2798,0.6341,-0.2502,1.3739,0.3035
692e984968bf0a1f462303ee,6871e269bc1991b1a1e463ba,keep,-0.2799,,,0,183,185,0.9946,,,,-0.4032,0.7206,0.8466,0.5854,0.0508
692e9f8f40338017b7f998aa,6871e269bc1991b1a1e463ba,keep,-0.2799,,,0,211,213,0.9953,,,,0.0390,0.5288,0.4068,0.8663,-0.1652
692ef771fbcce321dca74f17,69150bf42756853dcad943f2,keep,-0.2801,,poor_image,4,163,167,0.9578,,,,1.1028,0.0387,-0.0826,0.1952,0.1359
692ea1f0b0d3d3c9d2606996,6903686e0e94ce070afd1f24,keep,-0.2802,,hesitant,5,105,107,0.9434,,,,-0.1597,-0.2464,-0.3267,2.4804,0.4169
692e9fa197ffd8ec90340123,69150bf42756853dcad943f2,keep,-0.2805,,incomplete,0,85,119,0.7203,0.0205,2,0.7666,-0.5231,-1.0545,-0.3340,0.0000,1.0661
692ea7f5f169106feb26aed7,6903686e0e94ce070afd1f24,keep,-0.2809,,,2,112,114,0.9735,,,,0.4323,0.2955,-0.0310,0.6840,0.2215
692ea6d199488ff84776f957,69070e0b9adc5c8f26f55b5a,keep,-0.2810,,,1,163,167,0.9759,,,,0.1634,0.3968,0.9663,0.0000,0.1601
692eac0992a31767e35da39d,6846f7cf9cdf020d4a37a294,keep,-0.2810,,jittery,0,215,217,0.9954,,,,0.3597,1.0486,0.4478,-0.2914,-0.3016
692eabd1d52427f961fa15d5,6903686e0e94ce070afd1f24,keep,-0.2813,,,2,112,114,0.9735,,,,0.7775,0.0362,-0.1290,0.6840,0.1935
692eac182fa9ba56c08f81ed,690364170e94ce070afd1da5,keep,-0.2813,,,25,236,238,0.8903,,,,0.7646,-0.0144,0.1528,-0.0125,0.7036
692eaaad2c8fefa9948e8e9b,68bc72d1fcdaacc405e3db53,keep,-0.2816,,,51,175,186,0.6703,,,,-0.0371,0.5169,0.1209,0.3781,0.7527
692ea777dfa41139877769ff,6903686e0e94ce070afd1f24,keep,-0.2818,,jittery,0,92,94,0.9892,,,,-0.0890,1.1306,-0.0522,0.0000,0.4621
692ea0f3b05428c72fb37489,690cb8f69adc5c8f26f64201,keep,-0.2819,,,8,184,186,0.9514,,,,0.4635,0.4942,0.3077,0.3371,-0.1079
692ea8a096d2056439f0188c,6903b590466be157ec64580a,keep,-0.2819,,incomplete,56,196,201,0.7000,,,,-0.0298,0.1728,0.1986,-0.2128,1.7734
692ea968727c13b350cb7ce3,6903686e0e94ce070afd1f24,keep,-0.2820,,,3,109,111,0.9636,,,,0.1069,0.2372,0.1366,0.7026,0.6184
692eaa76dfa4113987776a5c,6871e269bc1991b1a1e463ba,keep,-0.2823,,unsteady_camera,0,168,181,0.9333,,,,0.4545,-0.9515,2.2116,0.0000,0.5103
692eb3df6974927fef249d87,6903686e0e94ce070afd1f24,keep,-0.2824,,,6,106,108,0.9346,,,,0.5088,0.3309,0.0230,0.0000,0.6943
692eafd7eee2f8cb10d0f8e6,6846f7cf9cdf020d4a37a294,keep,-0.2825,,poor_image,0,173,211,0.8238,,,,1.2677,-0.2178,0.2965,-0.0171,0.1232
692f04b55cec8e06f0b2dbd0,69070e0b9adc5c8f26f55b5a,keep,-0.2831,,jittery,0,167,172,0.9766,,,,0.1560,1.3070,-0.2438,0.4160,-0.3847
692eab0db0d3d3c9d2606a78,68bc72d1fcdaacc405e3db53,keep,-0.2835,,poor_image,0,169,171,0.9941,,,,1.2374,0.8292,0.2593,-0.3737,-1.0007
692ea76b4e86f0c01a207258,6871d82a1aaf88556f0c6041,keep,-0.2838,,,0,103,105,0.9904,,,,0.7980,0.4477,-0.1946,0.0000,0.3127
692eaf5374b24813e7597661,6846f7cf9cdf020d4a37a294,keep,-0.2839,,unsteady_camera,0,188,193,0.9792,,,,0.0048,0.0248,1.0237,0.7210,0.1979
692ea714af371a654ce7fdbd,6871d6cd07c5fd75be83e337,keep,-0.2839,,unsteady_camera+hesitant,0,229,231,0.9957,,,,-0.1838,-0.8729,1.8260,1.5072,0.2392
692eab3de2322e3b092b5f5c,6903bd580e94ce070afd33cd,keep,-0.2841,,unsteady_camera,4,175,189,0.9096,,,,-0.0198,0.9749,1.8805,-0.0487,-1.2754
692ea86592a31767e35da368,690364170e94ce070afd1da5,keep,-0.2842,,poor_image,26,285,287,0.9056,,,,1.0250,0.1710,-0.1859,-0.1468,0.5281
692e9b451e78e176ba6cf7a7,6903bd580e94ce070afd33cd,keep,-0.2843,,incomplete,80,210,228,0.5727,,,,-0.4558,0.3288,-0.1611,0.5776,1.7640
692eac2d4e7eab2cafd26a00,6903bd580e94ce070afd33cd,keep,-0.2844,,jittery,0,178,180,0.9944,,,,0.5419,1.1610,-0.1365,-0.0243,-0.4029
692ef3f44215b056bf36e891,6846f7cf9cdf020d4a37a294,keep,-0.2849,,,6,173,175,0.9598,,,,0.8798,-0.5317,0.3999,0.9573,0.1147
692ea285dfa411398777696a,6871d82a1aaf88556f0c6041,keep,-0.2851,,poor_image+unsteady_camera,0,111,113,0.9911,,,,1.3956,-0.2889,1.2061,0.0000,-0.8708
692eaa846974927fef249cfd,6903b590466be157ec64580a,keep,-0.2851,,,8,217,228,0.9207,,,,-0.2051,0.7697,-0.1370,0.5071,0.7791
692ea6393b319da763b71acf,69070e0b9adc5c8f26f55b5a,keep,-0.2854,,hesitant,0,114,116,0.9913,,,,0.1179,0.5151,-0.2601,2.0000,-0.6919
692e984b68bf0a1f462303f9,6871e269bc1991b1a1e463ba,keep,-0.2854,,unsteady_camera,0,225,227,0.9956,,,,-0.2812,0.6181,1.5736,0.2709,-0.3520
692e9e7cea43f09edf26f501,69036806466be157ec64477f,keep,-0.2858,,,120,224,235,0.4444,,,,0.4844,0.1907,0.3474,-0.0125,0.6529
692e9a572fa9ba56c08f8038,6903686e0e94ce070afd1f24,keep,-0.2859,,hesitant,1,110,112,0.9820,,,,-0.4133,0.3753,-0.3203,2.0000,0.3787
692e9828ea43f09edf26f44a,6871e269bc1991b1a1e463ba,keep,-0.2865,,unsteady_camera,0,182,184,0.9945,,,,0.4669,-0.0939,1.0775,0.6691,-0.3008
692efd3bef7557106e6c4dc9,6904b8d0466be157ec648ef1,keep,-0.2866,,,0,194,196,0.9949,,,,0.8452,0.0952,0.5401,0.0000,0.0552
692eac7374b24813e7597616,68bc72d1fcdaacc405e3db53,keep,-0.2866,,poor_image,5,174,176,0.9657,,,,1.7184,-0.1028,-0.0673,-0.1809,-0.1691
692ea9baf169106feb26af08,68bc72d1fcdaacc405e3db53,keep,-0.2867,,unsteady_camera,4,206,211,0.9619,,,,-0.2891,0.8524,1.4151,-0.2131,-0.0398
692ea1a93b319da763b71a35,69070e0b9adc5c8f26f55b5a,keep,-0.2868,,,0,148,150,0.9933,,,,0.0186,0.4910,0.8665,0.0000,0.3765
692e9d3ba0e165ab2e42e3b2,6903686e0e94ce070afd1f24,keep,-0.2868,,,0,125,127,0.9921,,,,0.1835,0.5166,-0.1584,0.6134,0.5024
692ea81092a31767e35da350,6903686e0e94ce070afd1f24,keep,-0.2873,,jittery,7,119,122,0.9256,,,,0.2119,1.1061,-0.1107,0.0000,0.1446
692eaec6f169106feb26afc9,6871d82a1aaf88556f0c6041,keep,-0.2873,,,0,103,105,0.9904,,,,0.1958,0.7375,0.8722,0.0000,-0.2610
692ed682952b26f4cc71a435,690366b20e94ce070afd1e8a,keep,-0.2875,,unsteady_camera,0,175,180,0.9777,0.1290,2,0.9500,-0.3729,-0.1577,2.6914,0.4628,-0.2649
692e94945aae241ad236eb9f,68696b41314bde44018fa510,keep,-0.2876,,,0,184,186,0.9946,,,,0.8596,-0.2585,-0.0024,0.9543,0.1599
692e9ea7a0e165ab2e42e3ed,6903bd580e94ce070afd33cd,keep,-0.2879,,,41,174,176,0.7600,,,,0.5375,0.6812,-0.0805,-0.5342,0.8019
692eadecc609aae267b279f5,68bc72d1fcdaacc405e3db53,keep,-0.2879,,,0,135,139,0.9783,,,,0.4545,0.6234,0.2848,0.3596,-0.2460
692e98927641010d04354571,690cb8f69adc5c8f26f64201,keep,-0.2880,,,0,160,177,0.9091,,,,-0.1620,0.3253,0.9538,0.0000,0.8172
692ea81092a31767e35da34c,6903686e0e94ce070afd1f24,keep,-0.2881,,jittery,7,112,114,0.9292,,,,-0.0353,1.0404,-0.1011,0.0000,0.6100
692f19fd5cec8e06f0b2dc47,69070e0b9adc5c8f26f55b5a,keep,-0.2881,,incomplete,0,167,192,0.8743,,,,-0.3746,0.0796,0.2951,0.9767,1.1879
692e9a32ba0400c70689fd64,68696b41314bde44018fa510,keep,-0.2885,,incomplete,9,152,159,0.9051,,,,0.9851,-0.8502,-0.3464,0.0000,2.1637
692eaa05c7cb0e94dc84bbf5,68bc72d1fcdaacc405e3db53,keep,-0.2886,,hesitant,13,174,196,0.8256,,,,-0.1067,0.7550,-0.7750,1.7233,0.0994
692ea40197ffd8ec90340142,6903686e0e94ce070afd1f24,keep,-0.2886,,unsteady_camera,0,128,130,0.9922,,,,-0.0385,-0.1862,1.8561,0.0000,0.5014
692eb304ea43f09edf26f6b1,6871d82a1aaf88556f0c6041,keep,-0.2886,,hesitant,0,107,109,0.9907,,,,0.8315,-0.1234,-0.1445,1.3483,-0.2453
692eb107567c97525f4015e6,6846f7cf9cdf020d4a37a294,keep,-0.2888,,jittery,13,221,223,0.9369,,,,-0.1157,1.2426,0.8351,-0.2563,-0.2475
692eb304ea43f09edf26f6ae,6871d82a1aaf88556f0c6041,keep,-0.2890,,,1,100,102,0.9802,,,,0.2242,0.5277,0.2419,0.0000,0.6531
692ea32e5aae241ad236ecf7,6903686e0e94ce070afd1f24,keep,-0.2891,,,0,93,95,0.9894,,,,-0.0613,0.0832,0.3429,0.9874,0.6603
692ea0bc727c13b350cb7be0,6903686e0e94ce070afd1f24,keep,-0.2891,,poor_image,25,91,93,0.7174,,,,1.0272,0.0826,0.0295,0.0000,0.3299
692e9ab8d3d807884d4dd619,69150bf42756853dcad943f2,keep,-0.2895,,hesitant,1,110,112,0.9820,,,,-0.0546,0.1479,0.1404,1.5868,0.1594
692eb108567c97525f4015ed,6846f7cf9cdf020d4a37a294,keep,-0.2896,,,1,234,236,0.9915,,,,-0.4033,0.5298,0.8493,0.7380,0.2499
692ea25af169106feb26adfb,6871e269bc1991b1a1e463ba,keep,-0.2896,,hesitant,0,198,200,0.9950,,,,0.4372,-0.5469,0.2782,2.2391,-0.3255
692eb304ea43f09edf26f6b0,6871d82a1aaf88556f0c6041,keep,-0.2898,,,0,88,90,0.9888,,,,0.6859,0.4258,-0.1830,0.0000,0.5438
692ea97dea43f09edf26f605,6903686e0e94ce070afd1f24,keep,-0.2898,,,5,105,107,0.9434,,,,-0.3175,0.6786,0.2191,0.7291,0.5389
692ea7f3f169106feb26aecc,6903686e0e94ce070afd1f24,keep,-0.2899,,,34,110,112,0.6847,,,,0.1460,0.3903,-0.2110,0.8362,0.5999
692eabdf4e86f0c01a2072bc,6846f7cf9cdf020d4a37a294,keep,-0.2900,,jittery,1,176,178,0.9887,,,,0.3347,1.6842,0.0647,0.0533,-1.1166
692e9d4939719ab57395b808,6903bd580e94ce070afd33cd,keep,-0.2903,,hesitant,6,199,201,0.9650,,,,-0.2997,0.8211,-0.0360,1.4425,-0.1562
692ea7e22fa9ba56c08f816c,69038b590e94ce070afd2952,keep,-0.2906,,hesitant,40,182,202,0.7065,,,,-0.0812,0.6368,-0.1655,1.1050,0.2615
692ef2cdef7557106e6c4c8e,69150bf42756853dcad943f2,keep,-0.2910,,,0,116,118,0.9915,,,,0.8177,0.2338,0.9365,0.0000,-0.4766
692eb1323b319da763b71c0d,6903686e0e94ce070afd1f24,keep,-0.2910,,hesitant,0,94,96,0.9895,,,,-0.0100,0.4675,0.1751,1.7906,-0.6148
692e98ab5aae241ad236ebe9,6871d82a1aaf88556f0c6041,keep,-0.2914,,,0,150,152,0.9934,,,,0.8925,0.8536,-0.4027,0.0000,-0.1769
692eaea940338017b7f999fe,6903686e0e94ce070afd1f24,keep,-0.2914,,,12,102,104,0.8738,,,,-0.1228,0.5963,0.5235,0.0000,0.8064
692ea479e2322e3b092b5e61,6871d82a1aaf88556f0c6041,keep,-0.2915,,incomplete,7,115,117,0.9310,,,,-0.3061,0.5329,0.3258,0.0000,1.3744
692ea16496d2056439f017c3,6903686e0e94ce070afd1f24,keep,-0.2915,,unsteady_camera,0,112,114,0.9912,,,,-0.0059,0.0371,1.5833,0.0000,0.4108
692ef3f34215b056bf36e882,6846f7cf9cdf020d4a37a294,keep,-0.2916,,hesitant,0,204,206,0.9951,,,,0.3477,-0.1437,-0.3995,1.8741,0.2607
692ea69daec602a46af1059d,6903686e0e94ce070afd1f24,keep,-0.2917,,poor_image,1,105,107,0.9811,0.1746,2,0.2206,1.4033,0.6605,-0.0966,0.0000,-0.4120
692ea1ebb0d3d3c9d2606971,6903686e0e94ce070afd1f24,keep,-0.2918,,hesitant,6,102,104,0.9320,,,,0.0855,-0.0488,-0.0088,2.5526,-0.5564
692eeeb10ba268eb16564a97,69150bf42756853dcad943f2,keep,-0.2918,,poor_image,9,152,154,0.9346,,,,1.0271,0.1180,-0.2682,0.5756,0.0176
692ea0bc727c13b350cb7be8,6903686e0e94ce070afd1f24,keep,-0.2919,,poor_image,6,95,97,0.9271,,,,1.1538,0.2389,0.2852,0.0000,-0.3308
692eac2baec602a46af1065d,6903686e0e94ce070afd1f24,keep,-0.2919,,poor_image,1,96,98,0.9794,,,,1.4578,0.1431,-0.0404,0.0000,-0.3175
692e9ea5a0e165ab2e42e3e1,6903bd580e94ce070afd33cd,keep,-0.2920,,incomplete,58,156,205,0.4804,,,,0.0216,-0.3349,-0.0700,0.8970,1.6866
692e9d3da0e165ab2e42e3c2,6903686e0e94ce070afd1f24,keep,-0.2922,,hesitant,11,127,129,0.9062,,,,-0.1338,0.2812,-0.1860,1.2076,0.8028
692e9fa092a31767e35da22b,69150bf42756853dcad943f2,keep,-0.2925,,jittery,0,181,183,0.9945,,,,0.3750,1.3754,-0.0865,0.0000,-0.4915
692ea40197ffd8ec90340146,6903686e0e94ce070afd1f24,keep,-0.2926,,hesitant,9,112,114,0.9115,,,,-0.2785,-0.8717,0.6445,2.6840,0.4449
692ea775dfa41139877769e8,6903686e0e94ce070afd1f24,keep,-0.2928,,,6,93,96,0.9158,,,,0.5802,0.2819,0.3592,0.8136,-0.4162
692eb1efd52427f961fa1685,69070e0b9adc5c8f26f55b5a,keep,-0.2931,,,0,136,138,0.9927,,,,-0.2360,0.8865,0.7687,0.0000,0.3076
692eac4a5aae241ad236ee05,6903bd580e94ce070afd33cd,keep,-0.2932,,jittery,0,205,207,0.9951,,,,0.6023,1.5148,-0.0818,0.1304,-1.1719
692e9b6668228e362d908f0f,6903bd580e94ce070afd33cd,keep,-0.2932,,jittery,0,187,189,0.9947,,,,-0.2115,1.0499,0.2220,0.7761,-0.2033
692ea4acc609aae267b278f8,68696b41314bde44018fa510,keep,-0.2935,,poor_image,0,177,181,0.9833,,,,1.5638,0.2818,-0.1654,0.0000,-0.5485
692eaff47641010d043547dc,69038b590e94ce070afd2952,keep,-0.2936,,,0,240,263,0.9160,,,,0.1488,0.6656,0.0914,0.3724,0.3701
692eddd94cbe80983737fdfe,690366b20e94ce070afd1e8a,keep,-0.2941,,hesitant,36,226,228,0.8370,,,,-0.3586,0.2754,0.7902,1.1976,0.1957
692eab3be2322e3b092b5f4f,6903bd580e94ce070afd33cd,keep,-0.2944,,poor_image,27,198,214,0.8028,,,,1.2975,0.4987,-0.0658,-0.5342,-0.0335
692eb3045aae241ad236ee97,6846f7cf9cdf020d4a37a294,keep,-0.2946,,,0,204,206,0.9951,,,,0.5983,0.9547,0.1458,-0.0003,-0.4131
692e99dd6974927fef249bcb,69150bf42756853dcad943f2,keep,-0.2947,,incomplete,36,86,139,0.3623,,,,-0.4322,0.0027,0.2144,0.2348,2.2580
692eb0a41e78e176ba6cf9cc,6846f7cf9cdf020d4a37a294,keep,-0.2949,,unsteady_camera,2,194,196,0.9846,,,,0.1990,-0.0182,1.0632,0.8045,-0.0747
692e93da567c97525f401334,6871d82a1aaf88556f0c6041,keep,-0.2950,,,2,126,128,0.9764,,,,0.5890,0.3551,0.0620,0.0000,0.5868
692eb0d2854d0e0793875cc3,68bc72d1fcdaacc405e3db53,keep,-0.2952,,unsteady_camera,99,199,201,0.5000,,,,-0.2001,0.3295,1.2288,0.3217,0.3214
692eac1ba0e165ab2e42e52a,67421681889e906244b520b1,keep,-0.2953,,incomplete,25,211,238,0.7848,,,,-0.1012,0.4976,0.4056,0.0000,1.0672
692eac0839719ab57395b96a,6903b590466be157ec64580a,keep,-0.2954,,jittery,21,188,190,0.8836,,,,-0.1540,2.1480,-0.4328,-0.2128,-0.2776
692e9ee6c7cb0e94dc84bae3,6903686e0e94ce070afd1f24,keep,-0.2954,,incomplete,53,112,115,0.5175,,,,0.3543,0.1183,0.0025,0.0000,1.3567
692eadf9b8797912ff78a898,69036806466be157ec64477f,keep,-0.2959,,,88,208,217,0.5556,,,,-0.0037,0.1414,0.9558,0.7630,0.1460
692ea8fb727c13b350cb7cc1,6903bd580e94ce070afd33cd,keep,-0.2959,,,38,170,172,0.7719,,,,0.0168,0.9892,-0.2214,0.0703,0.7133
692e95cb567c97525f40136a,6871e269bc1991b1a1e463ba,keep,-0.2962,,,0,211,213,0.9953,,,,0.1781,0.3385,0.1674,0.5775,0.5536
692f0723ef7557106e6c4e04,6846f7cf9cdf020d4a37a294,keep,-0.2963,,hesitant,0,217,219,0.9954,,,,0.3520,0.5694,-0.1271,1.0327,-0.2138
692eb301ea43f09edf26f691,6871d82a1aaf88556f0c6041,keep,-0.2964,,,2,92,96,0.9474,,,,0.9126,0.2346,0.0636,0.0000,0.2902
692ea97bea43f09edf26f5f4,6903686e0e94ce070afd1f24,keep,-0.2968,,hesitant,3,104,106,0.9619,0.1326,2,0.9774,0.0133,0.3410,0.0086,1.6200,-0.3882
692ea3f93b319da763b71a92,6871e269bc1991b1a1e463ba,keep,-0.2968,,poor_image+hesitant,0,223,225,0.9955,,,,1.2902,-0.6130,-0.2284,2.2625,-0.9721
692eace41e78e176ba6cf965,6903bd580e94ce070afd33cd,keep,-0.2970,,,0,211,213,0.9953,,,,0.6038,0.4874,0.6994,0.5422,-0.7997
692ea967727c13b350cb7cca,6903686e0e94ce070afd1f24,keep,-0.2978,,,37,126,131,0.6846,,,,0.3379,0.4381,0.1644,0.0000,0.7558
692ed684952b26f4cc71a43f,690366b20e94ce070afd1e8a,keep,-0.2983,,unsteady_camera+hesitant,14,190,210,0.8421,,,,-1.0708,-0.3383,1.2763,2.6781,0.2474
692eac2e4e7eab2cafd26a02,6903bd580e94ce070afd33cd,keep,-0.2986,,hesitant,0,175,177,0.9943,,,,0.4018,0.4250,0.0681,1.1247,-0.3430
692ea80d92a31767e35da338,6903686e0e94ce070afd1f24,keep,-0.2986,,hesitant+incomplete,8,94,132,0.6565,,,,-0.0687,-0.2678,-0.2761,1.1800,1.6911
692e9ed321fc595fbe6f9459,6871e269bc1991b1a1e463ba,keep,-0.2988,,,0,232,234,0.9957,,,,0.0366,0.8442,0.0323,0.0000,0.7382
692eac1221fc595fbe6f95b3,690364170e94ce070afd1da5,keep,-0.2988,,jittery,32,175,177,0.8125,,,,-0.5568,1.5421,-0.2224,0.5052,0.3312
692ea80d92a31767e35da339,6903686e0e94ce070afd1f24,keep,-0.2989,,,19,134,136,0.8519,,,,0.9271,0.2431,0.2824,0.0000,0.0544
692e94935aae241ad236eb99,68696b41314bde44018fa510,keep,-0.2989,,hesitant,0,172,174,0.9942,,,,0.3902,-0.6803,0.3642,2.0000,0.1635
692ef187fbcce321dca74eaf,690cb8f69adc5c8f26f64201,keep,-0.2990,,hesitant,0,192,194,0.9948,,,,0.3328,0.0976,0.2666,1.1841,-0.0033
692e993cf169106feb26ad11,6903686e0e94ce070afd1f24,keep,-0.2991,,poor_image,0,103,112,0.9279,,,,1.1835,0.1206,-0.0644,0.0000,0.2022
692ea81192a31767e35da352,6903686e0e94ce070afd1f24,keep,-0.2992,,hesitant,0,105,107,0.9906,,,,0.2480,-0.2901,-0.3613,2.0000,0.5185
692eaae0c609aae267b279b0,69070e0b9adc5c8f26f55b5a,keep,-0.2992,,poor_image+unsteady_camera,1,111,113,0.9821,0.1894,1,0.3387,2.5512,-0.6369,1.5607,0.0000,-0.4559
692eacc24e7eab2cafd26a16,6903686e0e94ce070afd1f24,keep,-0.2996,,hesitant,1,103,105,0.9808,,,,-0.4104,0.5611,-0.1548,1.7849,0.2413
692eac0a96d2056439f0190d,6871d82a1aaf88556f0c6041,keep,-0.3001,,incomplete,9,105,107,0.9057,,,,0.2924,-0.1348,-0.2110,0.0000,2.0750
692e9ee3c7cb0e94dc84bac5,6903686e0e94ce070afd1f24,keep,-0.3002,,hesitant,31,103,105,0.6923,,,,0.4233,-0.2608,-0.1599,1.4863,0.5312
692eb0b0c609aae267b27a35,6871d82a1aaf88556f0c6041,keep,-0.3003,,unsteady_camera,0,93,95,0.9894,,,,-0.4021,0.2064,2.0421,0.0000,0.3534
692eb1465aae241ad236ee72,68bc72d1fcdaacc405e3db53,keep,-0.3004,,unsteady_camera,92,154,178,0.3503,,,,0.4082,-0.2150,1.3854,-0.1117,0.5390
692ea16696d2056439f017e5,6903686e0e94ce070afd1f24,keep,-0.3004,,poor_image,0,90,92,0.9890,,,,1.2662,-0.2719,0.5316,0.0000,0.0795
692e93dd567c97525f401348,6871d82a1aaf88556f0c6041,keep,-0.3004,,poor_image,0,110,112,0.9910,,,,1.6531,-0.1213,0.5280,0.0000,-0.7229
692eac7474b24813e759761e,68bc72d1fcdaacc405e3db53,keep,-0.3004,,,15,182,185,0.9076,,,,0.9014,0.0012,0.6667,0.0616,0.0208
692e9dc168228e362d908f80,6903686e0e94ce070afd1f24,keep,-0.3005,,,3,122,126,0.9520,,,,0.5377,0.8116,0.0051,0.0000,0.0747
692ea5ffea43f09edf26f595,6846f7cf9cdf020d4a37a294,keep,-0.3005,,jittery,11,196,198,0.9391,,,,-0.6192,1.4959,0.1294,0.5356,0.1237
692ea92999488ff84776f980,69070e0b9adc5c8f26f55b5a,keep,-0.3006,,poor_image,0,125,127,0.9921,,,,2.2976,-0.5225,-0.2605,0.0000,-0.2978
692eaeaa40338017b7f99a01,6903686e0e94ce070afd1f24,keep,-0.3008,,poor_image,0,127,129,0.9922,,,,1.0548,0.9128,-0.0182,0.0000,-0.8275
692e9d96d3d807884d4dd65a,6903686e0e94ce070afd1f24,keep,-0.3011,,,2,109,112,0.9640,,,,0.9184,0.1475,0.0388,0.0000,0.4700
692e993af169106feb26ad04,6903686e0e94ce070afd1f24,keep,-0.3014,,poor_image,42,104,106,0.5905,,,,1.1052,-0.4920,0.3365,0.0000,0.8532
692eaaa7dbc4294a49cc72cb,69070e0b9adc5c8f26f55b5a,keep,-0.3014,,unsteady_camera,3,123,125,0.9677,,,,0.7197,0.0569,1.5683,0.0000,-0.6232
692ea4852fa9ba56c08f8117,6903bd580e94ce070afd33cd,keep,-0.3017,,,0,194,196,0.9949,0.0618,3,0.3755,0.3169,0.8159,-0.1452,0.9941,-0.8459
692eaa637641010d0435472d,69070e0b9adc5c8f26f55b5a,keep,-0.3021,,hesitant,0,109,116,0.9478,,,,-0.0446,0.4454,0.5620,1.2372,-0.2857
692eafddb8797912ff78a90b,6903b590466be157ec64580a,keep,-0.3022,,,0,185,193,0.9635,,,,-0.1480,0.8287,-0.2916,0.6383,0.7479
692e9fe4af371a654ce7fd0e,69150bf42756853dcad943f2,keep,-0.3023,,unsteady_camera,3,149,152,0.9669,,,,0.2972,0.2396,1.3263,0.0000,-0.0157
692ea69faec602a46af105b4,6903686e0e94ce070afd1f24,keep,-0.3023,,,3,97,99,0.9592,,,,0.1814,0.6273,0.2724,0.0000,0.6305
692e9d98d3d807884d4dd66a,6903686e0e94ce070afd1f24,keep,-0.3023,,hesitant,3,109,111,0.9636,,,,0.0764,0.0084,0.0963,1.5464,0.3462
692ea16696d2056439f017df,6903686e0e94ce070afd1f24,keep,-0.3024,,hesitant,2,97,99,0.9694,,,,0.5265,-0.7849,0.1098,1.8942,0.5002
692ea75374b24813e75975a5,6904b8d0466be157ec648ef1,keep,-0.3025,,jittery,0,194,196,0.9949,,,,0.3502,1.1657,-0.1877,0.1967,-0.1651
692eaf7768228e362d909158,6903bd580e94ce070afd33cd,keep,-0.3026,,,9,158,161,0.9313,,,,0.4998,0.2935,-0.1785,0.7579,0.3492
692e9d99d3d807884d4dd673,6903686e0e94ce070afd1f24,keep,-0.3030,,hesitant,4,116,118,0.9573,,,,-0.0228,0.4299,0.2847,1.4539,-0.2281
692eb3025aae241ad236ee83,6846f7cf9cdf020d4a37a294,keep,-0.3031,,,0,223,225,0.9955,,,,0.6706,0.5018,0.0876,0.5400,-0.2645
692e9ee4c7cb0e94dc84bacb,6903686e0e94ce070afd1f24,keep,-0.3033,,incomplete,37,115,117,0.6724,,,,0.1184,0.2390,-0.0924,0.6663,1.0128
692eac4c5aae241ad236ee0a,6903bd580e94ce070afd33cd,keep,-0.3033,,hesitant,29,177,210,0.7081,,,,-0.1673,0.2988,-0.0565,1.1679,0.8146
692eac2b4e7eab2cafd269ea,6903bd580e94ce070afd33cd,keep,-0.3039,,jittery,0,183,187,0.9839,,,,-0.0697,1.0745,0.6298,0.2019,-0.2117
692eaa46eee2f8cb10d0f862,69038b590e94ce070afd2952,keep,-0.3042,,unsteady_camera,1,254,256,0.9922,,,,0.5431,0.0546,1.0065,0.0931,0.1332
692eaeab40338017b7f99a05,6903686e0e94ce070afd1f24,keep,-0.3045,,hesitant,4,126,130,0.9457,,,,0.1308,0.3953,0.3125,1.4390,-0.4095
692eb302ea43f09edf26f6a0,6871d82a1aaf88556f0c6041,keep,-0.3045,,,2,113,115,0.9737,,,,0.6595,-0.1079,0.8873,0.0000,0.4167
692eb2ffea43f09edf26f681,6871d82a1aaf88556f0c6041,keep,-0.3045,,poor_image,0,99,101,0.9900,,,,1.1245,0.5304,0.4235,0.0000,-0.7745
692eac2aaec602a46af10654,6903686e0e94ce070afd1f24,keep,-0.3045,,,0,108,110,0.9908,,,,0.5918,0.5986,0.0952,0.0000,0.2508
692ea16596d2056439f017ce,6903686e0e94ce070afd1f24,keep,-0.3045,,,35,101,103,0.6471,,,,0.7764,0.0637,0.0519,0.0000,0.8197
692ef772fbcce321dca74f21,69150bf42756853dcad943f2,keep,-0.3047,,,8,129,138,0.8832,,,,0.6576,0.1302,-0.1729,0.6428,0.4813
692eacf799488ff84776f9f8,6846f7cf9cdf020d4a37a294,keep,-0.3052,,incomplete,80,202,205,0.5980,,,,0.1019,0.3672,0.3289,-0.4867,1.5905
692ead1bffdc0ca6345c435d,6846f7cf9cdf020d4a37a294,keep,-0.3053,,,2,199,205,0.9657,,,,0.4897,0.3423,-0.1599,0.7126,0.3366
692eaaa3dbc4294a49cc72b9,69070e0b9adc5c8f26f55b5a,keep,-0.3055,,unsteady_camera,0,188,190,0.9947,,,,-0.2837,-0.0321,1.6138,0.7528,0.2456
692eabd5c621d7f4aac3abab,68bc72d1fcdaacc405e3db53,keep,-0.3058,,,47,217,219,0.7798,,,,0.5021,0.3850,-0.1278,0.3611,0.5764
692e9b3a68bf0a1f4623044d,6871e269bc1991b1a1e463ba,keep,-0.3058,,,0,179,181,0.9944,,,,0.2635,0.2686,-0.0273,0.5984,0.7711
692f04b55cec8e06f0b2dbce,69070e0b9adc5c8f26f55b5a,keep,-0.3059,,,0,165,173,0.9593,,,,0.4973,0.7349,0.0523,0.0000,0.2405
692ea47ae2322e3b092b5e69,6871d82a1aaf88556f0c6041,keep,-0.3060,,hesitant,2,116,118,0.9744,,,,0.0950,0.5337,0.0919,1.2445,-0.1376
692ea4872fa9ba56c08f8125,6903bd580e94ce070afd33cd,keep,-0.3063,,poor_image,0,146,154,0.9542,,,,1.2775,0.5913,0.7043,-0.5342,-0.8295
692eab3ae2322e3b092b5f47,6903bd580e94ce070afd33cd,keep,-0.3063,,jittery+unsteady_camera,47,207,209,0.7692,,,,-0.5370,1.1356,1.1027,0.3725,-0.2292
692ea269af371a654ce7fd32,68696b41314bde44018fa510,keep,-0.3064,,hesitant,5,192,194,0.9689,,,,-0.0158,0.0962,0.2971,2.0000,-0.2732
692eac7374b24813e7597613,68bc72d1fcdaacc405e3db53,keep,-0.3066,,hesitant+incomplete,123,208,210,0.4067,,,,-0.4944,0.4004,-0.0389,1.1186,1.2074
692ea478e2322e3b092b5e57,6871d82a1aaf88556f0c6041,keep,-0.3066,,,2,123,126,0.9680,,,,0.0597,0.3858,0.7543,0.0000,0.7237
692eae54c621d7f4aac3abd8,6846f7cf9cdf020d4a37a294,keep,-0.3067,,poor_image+hesitant,0,184,186,0.9946,,,,1.3271,-0.8023,-0.0053,1.1006,0.2644
692ea9f35aae241ad236edcb,6903b590466be157ec64580a,keep,-0.3068,,jittery,0,197,199,0.9949,,,,-0.5180,1.5939,0.7475,-0.2128,-0.0010
692ea268af371a654ce7fd2f,68696b41314bde44018fa510,keep,-0.3070,,incomplete,8,190,194,0.9430,,,,0.0890,-0.0352,0.0338,0.9148,1.1199
692ea7b368228e362d90908e,6871d6cd07c5fd75be83e337,keep,-0.3071,,jittery,0,206,212,0.9763,,,,-0.2872,1.2842,-0.1012,0.3308,0.4250
692eaec7f169106feb26afce,6871d82a1aaf88556f0c6041,keep,-0.3073,,jittery,2,123,125,0.9758,,,,-0.7131,1.1091,0.5827,0.0000,0.9741
692eacc14e7eab2cafd26a0b,6903686e0e94ce070afd1f24,keep,-0.3074,,hesitant,1,112,114,0.9823,,,,-0.1956,0.4495,0.0672,2.0000,-0.2959
692eaeab40338017b7f99a02,6903686e0e94ce070afd1f24,keep,-0.3077,,,0,103,106,0.9810,,,,0.3449,0.9081,0.1798,0.0000,0.0946
692eb1f0d52427f961fa1688,69070e0b9adc5c8f26f55b5a,keep,-0.3078,,hesitant,3,100,102,0.9604,,,,0.2183,0.1671,0.3115,1.1427,0.1221
692eaa88727c13b350cb7d09,690362600e94ce070afd1d30,keep,-0.3082,,,85,267,269,0.6791,,,,0.9418,0.5684,-0.0080,-0.6342,0.5344
692ead5e3019385fbbf5684d,6846f7cf9cdf020d4a37a294,keep,-0.3085,,,2,219,224,0.9731,,,,0.9865,0.7277,-0.1722,-0.5054,0.2662
692ea6594e7eab2cafd26973,69038b590e94ce070afd2952,keep,-0.3086,,poor_image,0,273,276,0.9927,,,,1.0449,0.8065,0.3120,-0.5144,-0.4144
692ef055245e9187290070da,6846f7cf9cdf020d4a37a294,keep,-0.3087,,jittery,6,206,208,0.9662,,,,0.0587,1.3498,0.0470,0.2342,-0.2330
692ea269af371a654ce7fd31,68696b41314bde44018fa510,keep,-0.3087,,incomplete,24,194,196,0.8718,,,,-0.8723,0.0882,0.4375,0.9054,1.9944
692ef1f6245e918729007101,6846f7cf9cdf020d4a37a294,keep,-0.3092,,incomplete,72,184,190,0.5926,,,,-0.2749,0.1697,0.1732,0.0595,2.0895
692eabd2d52427f961fa15d7,6903686e0e94ce070afd1f24,keep,-0.3092,,,0,95,97,0.9896,,,,-0.0259,0.4929,0.2628,0.9668,0.2346
692eae32aec602a46af106ab,6903686e0e94ce070afd1f24,keep,-0.3093,,,0,99,101,0.9900,,,,0.1723,0.8139,0.5230,0.9281,-0.7654
692ea22eb0d3d3c9d26069af,68bc72d1fcdaacc405e3db53,keep,-0.3093,,poor_image,49,186,191,0.7211,,,,1.8243,-0.4341,-0.4578,0.0479,0.4899
692eae0797ffd8ec90340272,6846f7cf9cdf020d4a37a294,keep,-0.3097,,,0,218,220,0.9954,,,,0.3654,0.5387,0.3479,0.5450,-0.0809
692eadecc609aae267b279f6,68bc72d1fcdaacc405e3db53,keep,-0.3100,,,5,118,126,0.9040,,,,0.6806,0.2564,0.9883,-0.3737,0.1495
692eb12997ffd8ec903402a3,6846f7cf9cdf020d4a37a294,keep,-0.3101,,unsteady_camera,0,143,161,0.8938,,,,0.8110,-0.8843,1.4153,0.1661,0.6993
692ea4db99488ff84776f92b,6903686e0e94ce070afd1f24,keep,-0.3101,,incomplete,46,118,120,0.6050,,,,0.3325,0.5561,-0.2078,0.0000,1.0457
692eac87eee2f8cb10d0f8a3,6903b590466be157ec64580a,keep,-0.3104,,poor_image,0,192,194,0.9948,0.3102,3,0.9670,2.7218,-0.0459,-0.1837,-0.0011,0.2362
692eb0afc609aae267b27a30,6871d82a1aaf88556f0c6041,keep,-0.3105,,unsteady_camera,0,131,133,0.9924,,,,0.5166,-0.0185,1.8752,0.0000,-0.4491
692ea1a93b319da763b71a37,69070e0b9adc5c8f26f55b5a,keep,-0.3105,,hesitant+incomplete,4,100,147,0.6575,,,,0.2824,-0.5176,-0.1437,1.2777,1.3920
692eac0739719ab57395b965,6903b590466be157ec64580a,keep,-0.3105,,poor_image,0,184,186,0.9946,,,,1.1463,0.6293,0.2661,-0.2128,-0.5431
692eafb0f169106feb26aff2,690cb8f69adc5c8f26f64201,keep,-0.3110,,jittery,0,202,205,0.9902,,,,-0.4678,1.2415,0.6800,0.7468,-0.4106
692ef772fbcce321dca74f20,69150bf42756853dcad943f2,keep,-0.3113,,,0,183,191,0.9632,,,,0.6569,0.3428,0.5308,0.0000,0.1484
692ef547245e918729007147,690cb8f69adc5c8f26f64201,keep,-0.3113,,poor_image,4,153,156,0.9613,,,,1.3422,-0.6523,0.7394,0.0000,0.4047
692eaf0d68228e362d909135,6871d6cd07c5fd75be83e337,keep,-0.3113,,hesitant,0,216,225,0.9643,0.0550,2,0.9167,-0.6298,-0.0864,0.5193,3.0737,-0.0945
692e94925aae241ad236eb92,68696b41314bde44018fa510,keep,-0.3114,,,0,204,206,0.9951,,,,0.7552,0.5201,0.0178,0.0000,0.2492
692eaec5f169106feb26afbb,6871d82a1aaf88556f0c6041,keep,-0.3114,,,0,137,139,0.9928,,,,-0.3274,0.6473,0.6296,0.9192,0.1513
692ea9b0b77ab81b8b41eec3,69036806466be157ec64477f,keep,-0.3115,,,3,227,239,0.9412,,,,0.8550,0.9941,-0.0248,-0.0322,-0.5358
692ef7cc0ba268eb16564b32,68bdae5d259c8771eea61c1b,keep,-0.3116,,incomplete,65,184,198,0.6041,,,,0.9925,-0.4842,0.1762,0.0581,1.1847
692eafeddfa4113987776aae,690362600e94ce070afd1d30,keep,-0.3116,,,0,232,234,0.9957,,,,-0.0770,0.8848,0.1238,0.7927,0.0532
692ea979ea43f09edf26f5ea,6903686e0e94ce070afd1f24,keep,-0.3117,,,3,99,101,0.9600,,,,0.7273,0.4865,-0.1092,0.9281,-0.4577
692e9d6899488ff84776f869,6871d82a1aaf88556f0c6041,keep,-0.3122,,unsteady_camera,0,96,98,0.9897,,,,0.0522,0.6206,1.4561,0.0000,-0.2798
692ef1f6245e918729007104,6846f7cf9cdf020d4a37a294,keep,-0.3126,,jittery,2,184,186,0.9838,,,,0.4873,1.9582,-0.1398,0.0482,-1.3886
692e9ee4c7cb0e94dc84baca,6903686e0e94ce070afd1f24,keep,-0.3126,,,2,94,96,0.9684,,,,0.4976,0.0453,0.9038,0.0000,0.4703
692eaf2c4e86f0c01a2072e1,69070e0b9adc5c8f26f55b5a,keep,-0.3126,,jittery+hesitant,0,176,178,0.9944,,,,-0.3995,1.3289,-0.1184,1.2057,-0.2930
692e98947641010d0435457e,690cb8f69adc5c8f26f64201,keep,-0.3128,,poor_image,0,172,177,0.9773,,,,1.0823,0.3660,0.2029,0.0000,-0.1861
692ea5e4854d0e0793875b79,6903bd580e94ce070afd33cd,keep,-0.3128,,incomplete,51,185,206,0.6537,,,,0.5590,0.1051,-0.1165,-0.0300,1.3396
692ea40197ffd8ec90340145,6903686e0e94ce070afd1f24,keep,-0.3128,,,5,106,108,0.9439,,,,0.5669,0.6501,0.8089,0.0000,-0.4449
692ed682952b26f4cc71a432,690366b20e94ce070afd1e8a,keep,-0.3131,,,73,189,191,0.6105,,,,-0.2925,0.5697,0.7345,0.0985,0.9430
692ef221b07e0e30ff113290,690cb8f69adc5c8f26f64201,keep,-0.3132,,,10,218,220,0.9498,,,,0.0539,0.2705,0.9697,0.2847,0.4510
692ea7539cebf0ec017ddcd4,69036806466be157ec64477f,keep,-0.3132,,hesitant,79,165,221,0.3909,,,,0.3984,-0.4708,0.4407,1.7795,0.0810
692e93dc567c97525f401347,6871d82a1aaf88556f0c6041,keep,-0.3133,,poor_image,4,111,113,0.9554,,,,1.0108,0.2529,0.7995,0.0000,-0.5023
692ea886e2322e3b092b5ee4,6903b590466be157ec64580a,keep,-0.3133,,,0,180,182,0.9945,,,,0.7114,0.6435,-0.0658,0.2386,-0.0122
692e9b9faf371a654ce7fca3,670be6761e62a52f6a35360d,keep,-0.3135,,,9,183,218,0.8018,,,,0.5516,-0.3939,0.8957,0.2260,0.8362
692ea69baec602a46af10591,6903686e0e94ce070afd1f24,keep,-0.3139,,poor_image,4,92,94,0.9462,,,,1.2665,0.1535,-0.2226,0.8311,-0.5415
692ea8eeba0400c70689ff40,6903686e0e94ce070afd1f24,keep,-0.3139,,,7,98,100,0.9192,,,,0.4725,0.8806,0.0755,0.0000,0.0921
692ea9a092a31767e35da381,690364170e94ce070afd1da5,keep,-0.3139,,jittery,4,189,193,0.9635,,,,0.1612,1.1425,0.2335,0.4029,-0.3944
692eabd34e86f0c01a207291,6903686e0e94ce070afd1f24,keep,-0.3142,,,14,88,90,0.8315,,,,0.5332,0.2086,0.9282,0.0000,0.1586
692ea9baf169106feb26af0c,68bc72d1fcdaacc405e3db53,keep,-0.3144,,unsteady_camera,0,164,169,0.9762,,,,-0.1132,0.3806,1.8168,0.6302,-0.6475
692e9ee6c7cb0e94dc84badf,6903686e0e94ce070afd1f24,keep,-0.3144,,unsteady_camera+incomplete,43,108,110,0.5963,,,,-0.1354,-0.3838,1.9556,0.0000,1.0239
692ed3f7f2e4e72c033b996b,6871e269bc1991b1a1e463ba,keep,-0.3144,,hesitant,0,189,191,0.9947,,,,0.0394,-0.2085,-0.2052,2.6674,-0.0076
692ea81192a31767e35da353,6903686e0e94ce070afd1f24,keep,-0.3145,,jittery,0,108,110,0.9908,,,,0.3235,1.3978,0.5202,0.0000,-0.9011
692eafb4dbc4294a49cc7319,69070e0b9adc5c8f26f55b5a,keep,-0.3148,,unsteady_camera,24,144,151,0.8000,,,,-0.4935,0.2586,1.7987,0.0000,0.7576
692ea775dfa41139877769ee,6903686e0e94ce070afd1f24,keep,-0.3151,,hesitant,8,99,101,0.9100,,,,0.4816,0.1111,0.2222,1.5458,-0.4515
692eadedc609aae267b27a03,68bc72d1fcdaacc405e3db53,keep,-0.3153,,poor_image,0,129,135,0.9627,,,,1.0678,0.0424,0.6308,-0.1220,0.0328
692eac992c8fefa9948e8eb7,6903b590466be157ec64580a,keep,-0.3153,,unsteady_camera,0,172,174,0.9942,,,,-0.4111,0.8112,1.8101,0.0234,-0.2266
692eab0cb0d3d3c9d2606a70,68bc72d1fcdaacc405e3db53,keep,-0.3153,,unsteady_camera,0,219,221,0.9955,,,,0.2541,0.5510,1.5107,-0.0670,-0.4442
692f197f45175992cd6a0ec6,6904b8d0466be157ec648ef1,keep,-0.3153,,unsteady_camera,8,143,145,0.9375,,,,0.2345,0.5132,1.1073,0.3944,-0.4162
692ea3f93b319da763b71a94,6871e269bc1991b1a1e463ba,keep,-0.3154,,poor_image+hesitant,0,224,226,0.9956,,,,1.5726,-0.2984,-0.6209,1.7083,-0.7907
692e8f4aaec602a46af10330,68696b41314bde44018fa510,keep,-0.3155,,,0,214,216,0.9953,,,,0.2011,0.4589,0.9813,0.0000,0.2369
692e95c9567c97525f40135c,6871e269bc1991b1a1e463ba,keep,-0.3155,,,0,167,169,0.9940,0.2260,0,0.4307,0.4894,0.0773,0.3540,0.0000,-0.3063
692ea2d4c7cb0e94dc84bb51,69070e0b9adc5c8f26f55b5a,keep,-0.3160,,,0,122,124,0.9919,0.0433,0,0.9522,-0.5785,-0.4754,-0.3535,0.0000,0.3064
692ea306dbc4294a49cc7227,6871d82a1aaf88556f0c6041,keep,-0.3163,,hesitant,1,140,142,0.9858,,,,-0.1042,0.4606,0.1781,1.0327,0.4684
692eb3e16974927fef249d96,6903686e0e94ce070afd1f24,keep,-0.3163,,incomplete,32,109,114,0.6814,,,,0.5512,0.1490,0.1409,0.0000,1.0229
692eacc24e7eab2cafd26a13,6903686e0e94ce070afd1f24,keep,-0.3164,,hesitant,6,109,111,0.9364,,,,-0.0250,0.0365,0.1679,2.2490,-0.2192
692eacc24e7eab2cafd26a1a,6903686e0e94ce070afd1f24,keep,-0.3168,,,6,118,120,0.9412,,,,-0.1704,0.4195,0.3305,0.6495,0.8641
692ea6393b319da763b71acd,69070e0b9adc5c8f26f55b5a,keep,-0.3173,,unsteady_camera,0,112,114,0.9912,,,,0.2268,0.3009,1.7987,0.0000,-0.3691
692eada5c609aae267b279de,690cb8f69adc5c8f26f64201,keep,-0.3173,,poor_image+hesitant,0,220,222,0.9955,,,,1.2293,-0.6539,0.2853,1.1912,-0.1182
692eafb1f169106feb26aff4,690cb8f69adc5c8f26f64201,keep,-0.3174,,,0,213,219,0.9771,,,,0.4447,0.7402,0.5612,0.0000,-0.1167
692e993df169106feb26ad1a,6903686e0e94ce070afd1f24,keep,-0.3176,,incomplete,36,109,111,0.6636,,,,0.5979,-0.1580,0.4063,0.0000,1.1573
692ef2cdef7557106e6c4c91,69150bf42756853dcad943f2,keep,-0.3176,,hesitant,29,121,123,0.7541,,,,-0.6393,0.5911,-0.1354,1.4437,0.9874
692ea0f3b05428c72fb3749c,690cb8f69adc5c8f26f64201,keep,-0.3178,,,5,218,220,0.9726,,,,0.3663,0.8426,-0.2028,0.2847,0.3297
692eb303ea43f09edf26f6a5,6871d82a1aaf88556f0c6041,keep,-0.3181,,,0,135,137,0.9926,,,,0.4768,0.9359,0.0455,0.0000,0.0619
692ea32f5aae241ad236ed08,6903686e0e94ce070afd1f24,keep,-0.3186,,incomplete,43,120,122,0.6364,,,,-0.2188,0.2528,0.3932,0.6388,1.1470
692e98ef40338017b7f997d0,6871d82a1aaf88556f0c6041,keep,-0.3188,,unsteady_camera,1,123,125,0.9839,,,,0.4833,0.3041,1.1760,0.0000,-0.1258
692eaee44e7eab2cafd26a5b,6903b590466be157ec64580a,keep,-0.3188,,,16,208,210,0.9187,,,,0.1570,-0.1556,0.8268,0.4806,0.9224
692ea97bea43f09edf26f5f8,6903686e0e94ce070afd1f24,keep,-0.3191,,hesitant,0,95,97,0.9896,,,,-0.0467,0.5432,0.1899,2.0000,-0.7009
692e9d4939719ab57395b806,6903bd580e94ce070afd33cd,keep,-0.3191,,hesitant,6,143,182,0.7569,0.1815,2,0.1470,-0.4470,-0.5067,0.1328,1.0455,0.9814
692eac2baec602a46af10657,6903686e0e94ce070afd1f24,keep,-0.3192,,poor_image,0,107,111,0.9727,,,,1.3231,0.3462,0.0566,0.0000,-0.3259
692ea1ecb0d3d3c9d2606978,6903686e0e94ce070afd1f24,keep,-0.3193,,,0,96,98,0.9897,,,,-0.1046,0.7261,0.0599,0.9568,0.2863
692eaea840338017b7f999fb,6903686e0e94ce070afd1f24,keep,-0.3196,,jittery,2,106,109,0.9630,,,,0.1421,1.3142,0.3238,0.0000,-0.2713
692eafaff169106feb26afe5,690cb8f69adc5c8f26f64201,keep,-0.3196,,unsteady_camera,9,197,199,0.9495,,,,-0.1677,0.4679,1.1773,0.0000,0.6098
692e9d98d3d807884d4dd66d,6903686e0e94ce070afd1f24,keep,-0.3196,,,0,122,124,0.9919,,,,0.3657,0.9589,0.6535,0.0000,-0.4030
692eac0a96d2056439f0190b,6871d82a1aaf88556f0c6041,keep,-0.3197,,jittery,0,109,111,0.9909,,,,0.1604,1.2067,0.0068,0.0000,0.1806
692ea1d668bf0a1f462304fe,690cb8f69adc5c8f26f64201,keep,-0.3198,,,0,183,185,0.9946,,,,0.1159,0.1305,0.9644,0.8280,0.0767
692eafd7eee2f8cb10d0f8e1,67421681889e906244b520b1,keep,-0.3201,,poor_image,5,213,231,0.9043,,,,1.0512,-0.0658,0.0780,0.4839,0.2006
692ea307dbc4294a49cc722e,6871d82a1aaf88556f0c6041,keep,-0.3202,,hesitant,0,116,118,0.9915,,,,0.0981,0.7744,-0.0968,1.2445,-0.2152
692e9a592fa9ba56c08f8046,6903686e0e94ce070afd1f24,keep,-0.3209,,,0,98,100,0.9899,,,,-0.0315,0.8421,0.5927,0.0000,0.4372
692edf513f0f0a8706d6ba52,69036806466be157ec64477f,keep,-0.3209,,poor_image,0,191,193,0.9948,,,,1.3100,0.7675,0.8303,0.3747,-2.0752
692eafb4dbc4294a49cc731c,69070e0b9adc5c8f26f55b5a,keep,-0.3209,,,1,131,133,0.9848,,,,0.1772,0.9756,0.3765,0.5389,-0.3985
692ef2ccef7557106e6c4c8d,69150bf42756853dcad943f2,keep,-0.3209,,,0,105,108,0.9813,,,,0.3414,0.7141,0.3426,0.0000,0.3203
692eaa0f424dbf22e75ed0d2,6846f7cf9cdf020d4a37a294,keep,-0.3209,,unsteady_camera,0,171,173,0.9942,,,,0.1483,0.8433,1.8141,-0.1553,-0.8998
692eaf2c4e86f0c01a2072e0,69070e0b9adc5c8f26f55b5a,keep,-0.3209,,hesitant,0,224,226,0.9956,,,,-0.1686,0.9369,0.0260,1.1453,-0.0771
692e976e40338017b7f997bb,69038b590e94ce070afd2952,keep,-0.3213,,jittery,1,297,302,0.9834,0.0660,0,0.0012,-0.4581,1.6420,0.2491,0.0002,-2.1702
692eb04f3019385fbbf5687f,69070e0b9adc5c8f26f55b5a,keep,-0.3213,,unsteady_camera+hesitant,0,164,166,0.9939,,,,-0.3917,-0.2997,1.4613,2.0000,-0.1750
692ea63b3b319da763b71ae0,69070e0b9adc5c8f26f55b5a,keep,-0.3214,,unsteady_camera,11,99,101,0.8800,,,,-0.4860,-0.0723,3.9124,0.0000,-0.8253
692e9c1bc621d7f4aac3a9cd,69150bf42756853dcad943f2,keep,-0.3215,,incomplete,34,131,133,0.7348,,,,0.4413,0.4415,-0.2798,0.0000,1.2060
692ea80f92a31767e35da343,6903686e0e94ce070afd1f24,keep,-0.3217,,,28,109,111,0.7364,,,,0.4030,0.5404,-0.0389,0.7026,0.1729
692ea8664e7eab2cafd269af,69038b590e94ce070afd2952,keep,-0.3217,,incomplete,78,193,235,0.4915,,,,-0.5154,0.5875,0.0003,0.9437,1.1998
692e9dbe68228e362d908f68,6903686e0e94ce070afd1f24,keep,-0.3217,,,25,128,130,0.7984,,,,0.2848,0.2663,0.2774,0.5991,0.5491
692eaf2b4e86f0c01a2072da,69070e0b9adc5c8f26f55b5a,keep,-0.3220,,jittery,0,212,214,0.9953,,,,0.0749,1.4241,0.0944,0.0000,-0.0890
692e9dc068228e362d908f79,6903686e0e94ce070afd1f24,keep,-0.3220,,,6,134,136,0.9481,,,,0.2322,0.4181,-0.1016,0.5725,0.8076
692eab0cb0d3d3c9d2606a72,68bc72d1fcdaacc405e3db53,keep,-0.3221,,poor_image,0,165,167,0.9940,,,,1.0493,0.6735,0.6489,-0.3737,-0.6048
692ea6fa4e86f0c01a207223,6903bd580e94ce070afd33cd,keep,-0.3226,,unsteady_camera,0,231,233,0.9957,,,,0.3986,0.0617,1.7553,0.3569,-0.5449
692eb304ea43f09edf26f6ad,6871d82a1aaf88556f0c6041,keep,-0.3226,,poor_image,0,95,97,0.9896,,,,1.3390,0.2628,-0.0509,0.0000,-0.0935
692eaa62d3d807884d4dd7cb,6903686e0e94ce070afd1f24,keep,-0.3230,,incomplete,37,106,108,0.6449,,,,0.1395,0.0324,0.0455,0.7223,1.2351
692eaeaf40338017b7f99a1a,6903686e0e94ce070afd1f24,keep,-0.3232,,,0,111,113,0.9911,,,,0.4027,0.8235,0.1650,0.0000,0.2577
692ea8a096d2056439f01884,6903b590466be157ec64580a,keep,-0.3236,,,0,213,215,0.9953,,,,0.4124,0.8345,-0.3208,0.9326,-0.2170
692eaaa5dbc4294a49cc72c5,69070e0b9adc5c8f26f55b5a,keep,-0.3236,,incomplete,42,152,154,0.7190,,,,0.0206,0.3552,-0.1225,0.7543,1.0698
692e9f8e40338017b7f998a2,6871e269bc1991b1a1e463ba,keep,-0.3239,,hesitant,0,180,182,0.9945,,,,-0.0981,0.1023,0.5366,1.1902,0.5341
692eac130793395ac4f6ffd2,6903bd580e94ce070afd33cd,keep,-0.3244,,,18,226,228,0.9163,,,,0.1971,0.6753,0.9349,-0.0788,0.1057
692e9ea6a0e165ab2e42e3e4,6903bd580e94ce070afd33cd,keep,-0.3244,,hesitant,0,146,172,0.8538,,,,0.2990,-0.5485,0.1454,2.2761,0.2231
692eaf5374b24813e7597669,6846f7cf9cdf020d4a37a294,keep,-0.3246,,unsteady_camera,0,176,178,0.9944,,,,0.3216,0.1012,1.2016,0.3355,0.1010
692e98ee40338017b7f997c6,6871d82a1aaf88556f0c6041,keep,-0.3249,,,0,122,124,0.9919,,,,0.5662,0.2926,0.2852,0.0000,0.7007
692eaaa2dbc4294a49cc72ae,69070e0b9adc5c8f26f55b5a,keep,-0.3253,,,0,137,139,0.9928,,,,0.6332,0.5692,0.2273,0.0000,0.2462
692eae803019385fbbf56863,690366b20e94ce070afd1e8a,keep,-0.3254,,hesitant,26,206,208,0.8696,,,,-0.3000,0.7362,0.4847,1.4076,-0.2686
692ea9a192a31767e35da386,690364170e94ce070afd1da5,keep,-0.3254,,,0,218,220,0.9954,,,,0.3241,0.7907,0.2152,0.0495,0.3411
692ea0f3b05428c72fb37494,690cb8f69adc5c8f26f64201,keep,-0.3256,,hesitant,0,193,195,0.9948,,,,0.6689,-0.1083,0.3381,1.0356,0.0648
692ea3fa3b319da763b71a99,6871e269bc1991b1a1e463ba,keep,-0.3256,,,0,206,208,0.9952,,,,0.6633,0.0923,0.1499,0.2957,0.7006
692e9a5a9cebf0ec017ddb47,6904b8d0466be157ec648ef1,keep,-0.3262,,,6,235,237,0.9703,,,,0.7818,0.1258,-0.0232,0.4032,0.5418
692eddda4cbe80983737fe0f,690366b20e94ce070afd1e8a,keep,-0.3262,,,47,229,237,0.7712,,,,0.6180,0.4607,0.1166,0.0220,0.5268
692ea72792a31767e35da326,69038b590e94ce070afd2952,keep,-0.3264,,incomplete,102,211,232,0.4719,,,,0.6198,-0.3434,-0.1036,0.1562,1.8180
692e9fc15aae241ad236ecc7,690362600e94ce070afd1d30,keep,-0.3265,,unsteady_camera,43,312,314,0.8594,,,,0.3782,0.2975,1.3102,-0.6342,0.5956
692e9dbe68228e362d908f6a,6903686e0e94ce070afd1f24,keep,-0.3268,,hesitant,34,143,145,0.7569,,,,-0.4050,0.5727,-0.0363,1.2891,0.7834
692ef1f6245e9187290070fd,6846f7cf9cdf020d4a37a294,keep,-0.3271,,incomplete,60,168,170,0.6391,,,,0.0729,0.4477,0.3991,-0.7063,1.8160
692e98aa5aae241ad236ebe5,6871d82a1aaf88556f0c6041,keep,-0.3271,,,3,144,146,0.9724,,,,0.2239,0.7354,-0.4493,0.8749,0.4252
692e9fa092a31767e35da229,69150bf42756853dcad943f2,keep,-0.3272,,hesitant,11,106,157,0.6090,,,,0.2375,0.1057,-0.1107,1.1291,0.7572
692ea8132fa9ba56c08f8195,69070e0b9adc5c8f26f55b5a,keep,-0.3274,,jittery,6,136,138,0.9489,,,,-0.1485,1.0336,0.4147,0.0000,0.5493
692ea16596d2056439f017d6,6903686e0e94ce070afd1f24,keep,-0.3275,,,9,133,135,0.9254,,,,0.6188,0.0497,0.6871,0.6926,-0.0900
692eb1343b319da763b71c17,6903686e0e94ce070afd1f24,keep,-0.3280,,,1,94,96,0.9789,0.0343,2,0.5493,-0.1842,0.0867,0.2411,0.8136,-0.3019
692ea25bf169106feb26ae07,6871e269bc1991b1a1e463ba,keep,-0.3281,,jittery,0,204,206,0.9951,,,,-0.5179,1.8543,0.4880,0.0000,-0.1960
692eac120793395ac4f6ffc1,6903bd580e94ce070afd33cd,keep,-0.3282,,jittery,2,203,205,0.9853,,,,0.3378,1.5434,0.9722,-0.5342,-0.9628
692e9a5a2fa9ba56c08f804f,6903686e0e94ce070afd1f24,keep,-0.3282,,unsteady_camera,27,94,96,0.7053,,,,0.6172,-0.4320,1.6905,0.0000,0.3291
692eaf3799488ff84776fa35,690362600e94ce070afd1d30,keep,-0.3282,,,6,319,321,0.9781,,,,0.6514,0.3847,-0.0520,0.1712,0.6242
692ef6369ca48e15a25b2a79,69150bf42756853dcad943f2,keep,-0.3283,,incomplete,31,127,130,0.7442,,,,0.2249,0.1229,0.6680,0.0000,1.1087
692ef220b07e0e30ff113280,690cb8f69adc5c8f26f64201,keep,-0.3285,,hesitant,0,226,234,0.9700,,,,-0.2807,0.2288,0.3079,1.7838,0.2853
692ef220b07e0e30ff11327b,690cb8f69adc5c8f26f64201,keep,-0.3288,,poor_image+hesitant,0,175,177,0.9943,,,,1.0728,-0.4067,-0.2349,1.9286,-0.3915
692eaec8f169106feb26afd7,6871d82a1aaf88556f0c6041,keep,-0.3289,,incomplete,21,95,97,0.7708,,,,-0.2178,0.4294,0.3266,0.0000,1.6583
692eac50f169106feb26af7e,69038b590e94ce070afd2952,keep,-0.3290,,jittery+unsteady_camera,0,235,237,0.9958,,,,-1.1753,1.3972,1.6178,0.5367,-0.1844
692eab3ce2322e3b092b5f57,6903bd580e94ce070afd33cd,keep,-0.3291,,hesitant,6,158,160,0.9560,,,,-0.2406,0.6691,0.1031,1.6271,-0.0695
692eb06cc7cb0e94dc84bca5,690364170e94ce070afd1da5,keep,-0.3293,,incomplete,101,192,194,0.4715,,,,0.6452,-0.5593,0.1421,0.8492,1.1851
692eb00f1e78e176ba6cf9b5,6846f7cf9cdf020d4a37a294,keep,-0.3294,,incomplete,90,190,192,0.5236,,,,0.2211,-0.1167,-0.5729,0.2592,2.4631
692edf503f0f0a8706d6ba41,69036806466be157ec64477f,keep,-0.3295,,jittery,76,218,231,0.6174,,,,0.1948,1.1359,-0.2710,0.3333,0.2479
692ea33095aad87d3e3445a1,6903686e0e94ce070afd1f24,keep,-0.3299,,,7,112,114,0.9292,,,,0.7031,0.8215,-0.1926,0.6840,-0.4692
692eaa5e7641010d0435470c,69070e0b9adc5c8f26f55b5a,keep,-0.3300,,,0,103,105,0.9904,,,,-0.4071,0.9259,0.9462,0.0000,0.5859
692eac88eee2f8cb10d0f8aa,6903b590466be157ec64580a,keep,-0.3301,,,0,180,182,0.9945,,,,-0.1462,0.8748,0.3392,0.4643,0.4140
692eaa836974927fef249cf7,6903b590466be157ec64580a,keep,-0.3304,,,0,176,178,0.9944,,,,-0.2366,0.9805,0.9753,0.8890,-0.6673
692ea672dbc4294a49cc7280,6871e269bc1991b1a1e463ba,keep,-0.3304,,,1,194,196,0.9897,,,,0.5342,0.1936,0.3089,0.0000,0.9124
692f49135cec8e06f0b2dc97,690362600e94ce070afd1d30,keep,-0.3305,,,1,214,221,0.9682,,,,0.1255,0.3269,0.2629,0.8770,0.4947
692ededb45175992cd6a0bb9,690362600e94ce070afd1d30,keep,-0.3306,,,0,231,233,0.9957,,,,-0.0818,0.7570,-0.3637,0.9545,0.7106
692eb064d52427f961fa165d,690366b20e94ce070afd1e8a,keep,-0.3308,,jittery,72,200,226,0.5689,0.3299,4,0.9905,0.4550,1.2070,0.2464,0.0375,0.9334
692ea7ff4e7eab2cafd26999,690366b20e94ce070afd1e8a,keep,-0.3313,,hesitant,0,161,163,0.9938,,,,-0.6216,0.8430,0.6548,1.8381,-0.5063
692eb0513019385fbbf56894,69070e0b9adc5c8f26f55b5a,keep,-0.3317,,hesitant,14,200,202,0.9254,,,,-0.0746,0.8570,0.0199,1.2820,-0.1537
692eaa07c7cb0e94dc84bbfd,68bc72d1fcdaacc405e3db53,keep,-0.3324,,,22,192,195,0.8763,,,,0.0710,0.5319,0.5239,0.9736,-0.0751
692ead82a0e165ab2e42e54d,690cb8f69adc5c8f26f64201,keep,-0.3325,,poor_image,0,201,203,0.9950,,,,1.6932,0.1013,-0.0067,0.3771,-0.7348
692ea3bfffdc0ca6345c424a,690366b20e94ce070afd1e8a,keep,-0.3329,,poor_image,1,162,167,0.9699,,,,1.1789,0.5680,0.3556,-0.2938,-0.3523
692ea40297ffd8ec90340149,6903686e0e94ce070afd1f24,keep,-0.3330,,,32,119,121,0.7250,,,,0.6572,0.1184,-0.1650,0.6441,0.6881
692eac0b96d2056439f01915,6871d82a1aaf88556f0c6041,keep,-0.3330,,jittery,0,99,101,0.9900,,,,-0.0964,1.3797,-0.1853,0.0000,0.5913
692ea309dbc4294a49cc7238,6871d82a1aaf88556f0c6041,keep,-0.3330,,poor_image+unsteady_camera,2,120,122,0.9752,,,,1.6493,-0.7588,1.0524,0.0000,-0.0570
692eabe04e86f0c01a2072bd,6846f7cf9cdf020d4a37a294,keep,-0.3332,,,0,186,190,0.9841,,,,0.7668,0.4207,0.2589,0.0595,0.2324
692eaf3499488ff84776fa28,690362600e94ce070afd1d30,keep,-0.3332,,unsteady_camera,8,276,278,0.9675,,,,0.5341,0.3855,1.5831,-0.2806,-0.3494
692ef185fbcce321dca74e9e,690cb8f69adc5c8f26f64201,keep,-0.3333,,hesitant,0,174,180,0.9721,,,,-1.3779,0.9605,0.6325,2.3219,0.0048
692eab66567c97525f401547,690362600e94ce070afd1d30,keep,-0.3334,,unsteady_camera,0,309,311,0.9968,,,,0.4119,0.3850,1.1558,-0.2767,0.2591
692eab62424dbf22e75ed0ed,68696b41314bde44018fa510,keep,-0.3334,,,4,185,187,0.9731,,,,0.9374,-0.0276,0.1588,0.0000,0.8101
692ea6cf99488ff84776f946,69070e0b9adc5c8f26f55b5a,keep,-0.3335,,hesitant,0,150,152,0.9934,,,,-0.1140,0.7434,0.0899,1.5286,-0.2281
692ea7980793395ac4f6ff9d,67421681889e906244b520b1,keep,-0.3341,,hesitant,0,148,150,0.9933,,,,-0.3782,0.1512,0.3021,3.2080,-0.8309
692eeefdef7557106e6c4c5c,68bc72d1fcdaacc405e3db53,keep,-0.3341,,unsteady_camera,0,191,193,0.9948,,,,0.6521,-0.0330,1.2367,0.5705,-0.3970
692ea477e2322e3b092b5e4d,6871d82a1aaf88556f0c6041,keep,-0.3343,,,0,128,130,0.9922,,,,0.1473,0.7101,-0.1234,0.9834,0.1939
692eae56c621d7f4aac3abdd,6846f7cf9cdf020d4a37a294,keep,-0.3345,,incomplete,70,169,173,0.5756,,,,0.7007,-0.8066,-0.3041,0.7460,2.0583
692eac0939719ab57395b973,6903b590466be157ec64580a,keep,-0.3354,,poor_image,0,149,151,0.9933,,,,1.1661,0.5415,-0.2969,0.2703,-0.1873
692ea30540338017b7f998ce,6903686e0e94ce070afd1f24,keep,-0.3355,,,0,92,94,0.9892,,,,0.0911,-0.1702,0.9337,0.9980,0.5357
692e9e50b8797912ff78a768,6903bd580e94ce070afd33cd,keep,-0.3359,,jittery+hesitant,0,176,178,0.9944,,,,-0.4500,1.5739,0.1462,1.4415,-0.9226
692ef055245e9187290070d8,6846f7cf9cdf020d4a37a294,keep,-0.3360,,hesitant,23,220,222,0.8914,,,,-0.0344,0.5857,-0.2241,1.6640,0.0853
692eb3035aae241ad236ee87,6846f7cf9cdf020d4a37a294,keep,-0.3360,,poor_image,0,204,213,0.9623,,,,1.0488,0.3022,0.5359,-0.2350,0.0249
692eac8992a31767e35da3c9,69070e0b9adc5c8f26f55b5a,keep,-0.3362,,incomplete,64,172,178,0.6102,,,,-0.2017,0.1229,-0.5111,0.8038,2.1790
692ea4d874b24813e759754c,690cb8f69adc5c8f26f64201,keep,-0.3363,,hesitant+incomplete,6,197,216,0.8884,,,,-0.0547,-0.5109,0.6193,1.4502,1.1326
692ea3526974927fef249c56,6871d6cd07c5fd75be83e337,keep,-0.3364,,unsteady_camera,0,209,215,0.9766,,,,0.2695,-0.2364,1.2838,0.3224,0.6987
692e994e74b24813e7597425,69150bf42756853dcad943f2,keep,-0.3370,,poor_image,0,114,116,0.9913,,,,1.6072,0.2377,-0.1192,0.0000,-0.2889
692ea307dbc4294a49cc722f,6871d82a1aaf88556f0c6041,keep,-0.3375,,,3,107,109,0.9630,,,,0.7841,-0.1227,0.8628,0.0000,0.5078
692edfb4245e918729006fc7,690362600e94ce070afd1d30,keep,-0.3375,,,1,228,230,0.9913,,,,0.9327,-0.5038,0.4514,0.8628,0.4053
692ea4d899488ff84776f915,6903686e0e94ce070afd1f24,keep,-0.3376,,incomplete,47,115,117,0.5862,,,,0.0119,0.9742,-0.1588,0.0000,1.0428
692eae17f169106feb26afa2,6903b590466be157ec64580a,keep,-0.3376,,,3,212,226,0.9289,,,,0.1496,0.5052,0.6079,0.3319,0.4414
692e9c1cc621d7f4aac3a9da,69150bf42756853dcad943f2,keep,-0.3378,,hesitant+incomplete,48,124,127,0.6032,,,,-0.1699,-0.2286,-0.0497,1.3979,1.6140
692ea69eaec602a46af105a5,6903686e0e94ce070afd1f24,keep,-0.3380,,hesitant,9,111,113,0.9107,,,,0.8973,0.1309,-0.1982,1.5188,-0.4970
692eb3e06974927fef249d8b,6903686e0e94ce070afd1f24,keep,-0.3383,,poor_image,0,113,115,0.9912,,,,1.0152,0.0224,0.3242,0.0000,0.4876
692ea8efba0400c70689ff44,6903686e0e94ce070afd1f24,keep,-0.3384,,poor_image,4,97,99,0.9490,,,,1.4904,-0.2804,-0.1396,0.0000,0.6932
692ea4da74b24813e759755b,690cb8f69adc5c8f26f64201,keep,-0.3389,,hesitant,6,215,219,0.9587,,,,-0.1376,0.3521,-0.0943,2.0333,0.1119
692eaf88526b2c3ac5f5b4ff,6903bd580e94ce070afd33cd,keep,-0.3391,,jittery,45,225,233,0.7759,,,,0.2289,1.0673,0.8155,-0.5342,0.1483
692ea309dbc4294a49cc7239,6871d82a1aaf88556f0c6041,keep,-0.3393,,hesitant,0,118,120,0.9916,,,,-0.7590,0.6267,0.1134,2.0000,0.4599
692e9ab7d3d807884d4dd612,69150bf42756853dcad943f2,keep,-0.3393,,,11,105,107,0.8868,,,,0.0543,0.7525,0.6515,0.0000,0.5136
692ea76b4e86f0c01a20725a,6871d82a1aaf88556f0c6041,keep,-0.3395,,,0,100,102,0.9901,,,,0.5588,0.6079,0.6253,0.0000,0.0013
692e994e74b24813e7597424,69150bf42756853dcad943f2,keep,-0.3397,,poor_image,1,113,117,0.9655,,,,1.0877,-0.1292,0.7720,0.0000,0.1679
692e980a4e86f0c01a2070d3,68696b41314bde44018fa510,keep,-0.3397,,,0,236,238,0.9958,,,,0.4546,0.9083,0.2108,0.0000,0.1228
692eabde4e86f0c01a2072b2,6846f7cf9cdf020d4a37a294,keep,-0.3402,,hesitant,2,191,193,0.9844,,,,0.8134,0.0960,-0.1077,1.1878,-0.0628
692ea5f6eee2f8cb10d0f7ea,69150bf42756853dcad943f2,keep,-0.3405,,jittery,0,124,126,0.9920,,,,-0.6627,2.0646,0.2122,0.0000,0.0681
692ea4da74b24813e7597558,690cb8f69adc5c8f26f64201,keep,-0.3409,,unsteady_camera,0,211,213,0.9953,,,,0.4850,0.2187,1.4972,0.2941,-0.4607
692eaa5fd3d807884d4dd7a9,6903686e0e94ce070afd1f24,keep,-0.3411,,unsteady_camera,18,88,91,0.7778,,,,0.1681,-0.3870,2.1884,0.0000,0.5273
692ef720b07e0e30ff1132f5,6904b8d0466be157ec648ef1,keep,-0.3412,,,8,209,211,0.9571,,,,0.2039,0.6970,0.4265,0.3653,0.2453
692ea0bd727c13b350cb7bf0,6903686e0e94ce070afd1f24,keep,-0.3412,,poor_image,0,100,102,0.9901,,,,1.7178,0.1091,0.1772,0.0000,-0.5291
692ea76a4e86f0c01a20724b,6871d82a1aaf88556f0c6041,keep,-0.3412,,unsteady_camera+hesitant,1,100,102,0.9802,,,,-0.0650,-0.4219,1.3668,1.2560,0.4962
692e975f92a31767e35da14b,6904b8d0466be157ec648ef1,keep,-0.3416,,hesitant,6,230,232,0.9697,,,,-0.4293,0.7808,0.0269,1.6602,0.1766
692ea771b77ab81b8b41ee7e,6846f7cf9cdf020d4a37a294,keep,-0.3422,,poor_image,0,180,182,0.9945,,,,1.7492,-0.1588,-0.3336,0.3693,-0.0257
692e9d3ea0e165ab2e42e3c5,6903686e0e94ce070afd1f24,keep,-0.3425,,,0,135,139,0.9783,,,,0.3130,0.5569,0.9766,0.5601,-0.4440
692eabd5c621d7f4aac3abad,68bc72d1fcdaacc405e3db53,keep,-0.3427,,jittery+incomplete,94,215,218,0.5576,,,,-0.3805,1.2258,-0.2818,0.2673,1.1456
692eb0a21e78e176ba6cf9c0,6846f7cf9cdf020d4a37a294,keep,-0.3430,,unsteady_camera,3,203,236,0.8511,,,,0.7620,-0.1750,1.3765,-0.0904,0.2342
692eb2ffea43f09edf26f67f,6871d82a1aaf88556f0c6041,keep,-0.3430,,unsteady_camera,0,108,110,0.9908,,,,0.6127,0.6020,1.4821,0.0000,-0.9033
692eac130793395ac4f6ffd0,6903bd580e94ce070afd33cd,keep,-0.3430,,,21,245,247,0.9106,,,,0.0353,0.8591,0.8565,0.4180,-0.2149
692eab65d3d807884d4dd7e3,69070e0b9adc5c8f26f55b5a,keep,-0.3432,,incomplete,33,131,134,0.7368,,,,-0.2442,0.1792,0.1677,0.8677,1.4644
692eb1303b319da763b71bf8,6903686e0e94ce070afd1f24,keep,-0.3434,,incomplete,0,59,125,0.4758,,,,0.1861,-0.3391,0.2950,0.0000,2.3385
692e9e4fb8797912ff78a757,6903bd580e94ce070afd33cd,keep,-0.3435,,unsteady_camera+hesitant,0,202,204,0.9951,,,,-0.0913,0.1979,1.5717,1.0395,-0.3665
692ea1ecb0d3d3c9d2606973,6903686e0e94ce070afd1f24,keep,-0.3436,,poor_image,41,107,109,0.6111,,,,1.3674,-0.2461,0.1318,0.0000,0.5914
692ef1f8245e918729007112,6846f7cf9cdf020d4a37a294,keep,-0.3437,,,11,167,169,0.9286,,,,0.8415,0.6615,-0.0825,0.6887,-0.4548
692eafb6dbc4294a49cc7329,69070e0b9adc5c8f26f55b5a,keep,-0.3439,,unsteady_camera,0,163,172,0.9532,,,,0.2760,0.3119,1.3547,0.0000,0.1708
692ea6a13b319da763b71aec,6903bd580e94ce070afd33cd,keep,-0.3439,,,0,205,221,0.9318,,,,0.7505,0.5133,0.0723,0.3231,0.1164
692ee8694215b056bf36e818,6846f7cf9cdf020d4a37a294,keep,-0.3445,,jittery,0,210,212,0.9953,,,,0.6399,1.1631,0.2371,0.4775,-1.0080
692eaecfffdc0ca6345c436b,6903bd580e94ce070afd33cd,keep,-0.3446,,incomplete,60,206,208,0.7053,,,,0.3268,0.0605,-0.1268,0.8471,1.1113
692ea40397ffd8ec90340159,6903686e0e94ce070afd1f24,keep,-0.3451,,poor_image,9,107,109,0.9074,,,,1.0894,0.2635,0.3034,0.0000,0.0830
692e99e9ba0400c70689fd52,68696b41314bde44018fa510,keep,-0.3451,,incomplete,0,202,217,0.9352,,,,-0.2802,0.2579,0.9953,0.0000,1.4542
692ea97cea43f09edf26f603,6903686e0e94ce070afd1f24,keep,-0.3451,,jittery,2,103,105,0.9712,,,,0.6243,1.1177,0.0795,0.0000,-0.2767
692ead82a0e165ab2e42e54c,690cb8f69adc5c8f26f64201,keep,-0.3454,,hesitant,0,214,224,0.9596,,,,0.0656,0.2887,-0.3038,1.6778,0.5120
692eac2c4e7eab2cafd269f7,6903bd580e94ce070afd33cd,keep,-0.3454,,hesitant,0,189,191,0.9947,,,,0.3570,0.5280,0.0834,1.2745,-0.2678
692e93d9567c97525f40132e,6871d82a1aaf88556f0c6041,keep,-0.3455,,jittery,0,136,138,0.9927,,,,-0.2568,1.1329,0.8029,0.0000,0.3016
692eb304ea43f09edf26f6ab,6871d82a1aaf88556f0c6041,keep,-0.3456,,poor_image,0,131,133,0.9924,,,,1.1729,0.4913,-0.0239,0.0000,-0.0529
692eaeae40338017b7f99a16,6903686e0e94ce070afd1f24,keep,-0.3459,,jittery,0,109,111,0.9909,,,,0.1225,1.1787,0.2676,0.0000,0.2020
692e93da567c97525f401331,6871d82a1aaf88556f0c6041,keep,-0.3461,,hesitant,1,141,143,0.9859,0.2844,0,0.9553,0.3627,0.4178,0.8217,1.0254,-0.5947
692ea600ea43f09edf26f59a,6846f7cf9cdf020d4a37a294,keep,-0.3462,,hesitant,0,234,236,0.9957,,,,0.0245,0.4400,0.3600,1.3102,0.0566
692eb32168228e362d909180,690366b20e94ce070afd1e8a,keep,-0.3463,,,0,209,211,0.9952,,,,0.5201,0.6317,0.7939,0.3511,-0.4486
692ead5d3019385fbbf56845,6846f7cf9cdf020d4a37a294,keep,-0.3464,,incomplete,27,171,181,0.8000,,,,0.1865,0.2986,0.2159,0.3182,1.1628
692ea8ebba0400c70689ff26,6903686e0e94ce070afd1f24,keep,-0.3465,,,0,98,100,0.9899,,,,0.3139,0.8585,0.3424,0.0000,0.3243
692eaa89c7cb0e94dc84bc0d,6903bd580e94ce070afd33cd,keep,-0.3466,,,24,223,226,0.8844,,,,0.4847,0.8871,-0.2298,0.3309,0.2675
692eabd5c621d7f4aac3abaf,68bc72d1fcdaacc405e3db53,keep,-0.3468,,jittery+unsteady_camera,78,217,219,0.6376,,,,-0.5374,1.1825,1.2236,0.3611,-0.1247
692eb29cffdc0ca6345c43b9,69070e0b9adc5c8f26f55b5a,keep,-0.3470,,hesitant,0,113,115,0.9912,,,,0.9070,-0.5476,0.3049,2.0000,-0.4151
692eac130793395ac4f6ffc5,6903bd580e94ce070afd33cd,keep,-0.3473,,poor_image,4,171,181,0.9278,,,,1.4994,0.6508,0.1696,0.2264,-1.1903
692ea4da99488ff84776f921,6903686e0e94ce070afd1f24,keep,-0.3476,,unsteady_camera,27,126,128,0.7795,,,,-0.2029,0.2027,1.9342,0.0000,0.4993
692ef221b07e0e30ff11328e,690cb8f69adc5c8f26f64201,keep,-0.3476,,jittery+incomplete,21,184,195,0.8402,,,,-0.2737,1.1077,-0.3077,0.0000,1.4902
692ea4acc609aae267b278f7,68696b41314bde44018fa510,keep,-0.3478,,,0,179,183,0.9835,,,,0.6206,0.4014,0.2039,0.0000,0.6980
692eac8892a31767e35da3c3,69070e0b9adc5c8f26f55b5a,keep,-0.3480,,unsteady_camera,63,126,128,0.4961,,,,-0.1395,-0.3208,2.2742,0.0000,0.8521
692e9fc15aae241ad236ecce,690362600e94ce070afd1d30,keep,-0.3481,,poor_image,6,309,319,0.9528,,,,1.2757,0.8195,-0.0300,-0.6342,-0.0417
692e99dc6974927fef249bc2,69150bf42756853dcad943f2,keep,-0.3488,,unsteady_camera,6,143,145,0.9514,,,,0.0843,0.1243,1.7437,0.0000,0.3847
692eaa62d3d807884d4dd7ca,6903686e0e94ce070afd1f24,keep,-0.3489,,unsteady_camera,0,88,90,0.9888,,,,0.3821,0.2514,1.2647,0.0000,0.2271
692eace8ad0c9ef057d41dd4,6903686e0e94ce070afd1f24,keep,-0.3491,,poor_image,9,96,98,0.8969,,,,1.4759,0.0675,0.0070,0.0000,0.1216
692ea4862fa9ba56c08f8120,6903bd580e94ce070afd33cd,keep,-0.3493,,poor_image,31,197,199,0.8384,,,,1.5475,-0.1881,0.7857,-0.0732,-0.3065
692eb06dc7cb0e94dc84bcaf,690364170e94ce070afd1da5,keep,-0.3495,,poor_image,39,207,209,0.8077,,,,1.0481,0.5987,0.1013,0.3095,-0.4346
692ef186fbcce321dca74ea1,690cb8f69adc5c8f26f64201,keep,-0.3495,,hesitant,3,205,207,0.9806,,,,-0.3968,-0.1213,0.6737,2.3873,0.1628
692ea0f3b05428c72fb37491,690cb8f69adc5c8f26f64201,keep,-0.3497,,,17,216,218,0.9171,,,,0.4262,0.8732,0.4557,0.0000,0.0429
692e8c91aec602a46af102f6,6904b8d0466be157ec648ef1,keep,-0.3502,,incomplete,26,177,179,0.8483,,,,-0.0065,0.0635,0.3991,0.8536,1.1131
692eaae1c609aae267b279b9,69070e0b9adc5c8f26f55b5a,keep,-0.3504,,hesitant+incomplete,29,95,97,0.6875,,,,0.3228,-0.3280,-0.4131,1.4821,1.3912
692ea8142fa9ba56c08f819c,69070e0b9adc5c8f26f55b5a,keep,-0.3505,,,0,125,127,0.9921,0.1177,2,0.0242,0.5205,0.0801,-0.0579,0.0000,-0.3739
692ea601ea43f09edf26f5a4,6846f7cf9cdf020d4a37a294,keep,-0.3509,,incomplete,65,187,189,0.6489,,,,-0.1289,0.0586,0.4564,0.3566,1.7485
692ea22eb0d3d3c9d26069ac,68bc72d1fcdaacc405e3db53,keep,-0.3510,,unsteady_camera,29,159,170,0.7692,,,,-0.1881,0.7304,1.0358,0.1002,0.5076
692eb225b77ab81b8b41ef75,6903686e0e94ce070afd1f24,keep,-0.3510,,hesitant,0,106,108,0.9907,,,,0.0904,-0.0656,0.4046,1.7348,0.2805
692eddda4cbe80983737fe03,690366b20e94ce070afd1e8a,keep,-0.3511,,,38,205,213,0.7877,,,,0.2563,0.9735,0.2179,0.0256,0.3695
692e98ae5aae241ad236ec02,6871d82a1aaf88556f0c6041,keep,-0.3521,,poor_image,0,100,102,0.9901,,,,1.0739,0.2040,0.2562,0.0000,0.2920
692ea30640338017b7f998d3,6903686e0e94ce070afd1f24,keep,-0.3525,,incomplete,42,113,115,0.6228,,,,0.0518,-0.2325,0.8728,0.8142,1.0516
692ea7b568228e362d9090a0,6871d6cd07c5fd75be83e337,keep,-0.3526,,poor_image,0,235,237,0.9958,0.0998,2,0.9762,1.3508,0.9889,-0.5461,-0.0006,-0.0262
692ea138b77ab81b8b41edd8,68696b41314bde44018fa510,keep,-0.3528,,poor_image,0,196,199,0.9899,,,,1.3161,-0.5795,0.2349,0.8917,0.2379
692ea767d52427f961fa157b,68696b41314bde44018fa510,keep,-0.3529,,,0,208,210,0.9952,,,,0.6235,0.1828,0.2199,0.8447,0.1963
692ef2ceef7557106e6c4c98,69150bf42756853dcad943f2,keep,-0.3530,,,0,136,138,0.9927,,,,0.5211,0.7930,0.3735,0.0000,0.1261
692e959c92a31767e35da112,68696b41314bde44018fa510,keep,-0.3532,,hesitant,0,215,217,0.9954,,,,0.6812,0.0677,-0.0004,1.1218,0.2281
692ea76a4e86f0c01a207252,6871d82a1aaf88556f0c6041,keep,-0.3533,,hesitant,0,141,143,0.9930,,,,0.1725,0.8953,-0.3215,1.0254,0.1671
692eace6ad0c9ef057d41dc6,6903686e0e94ce070afd1f24,keep,-0.3533,,,11,109,111,0.8909,,,,0.4653,0.5541,0.4887,0.7026,-0.2471
692e993bf169106feb26ad0a,6903686e0e94ce070afd1f24,keep,-0.3535,,poor_image+incomplete,34,104,106,0.6667,,,,1.2906,-0.3069,-0.0740,0.0000,1.0726
692eaaac2c8fefa9948e8e8f,68bc72d1fcdaacc405e3db53,keep,-0.3537,,unsteady_camera,3,154,172,0.8830,,,,-0.1528,0.8793,1.2057,-0.1026,0.2831
692eac0996d2056439f018ff,6871d82a1aaf88556f0c6041,keep,-0.3540,,,0,121,123,0.9918,,,,0.4615,0.9251,-0.0353,0.0000,0.4331
692ea2f8854d0e0793875b40,69070e0b9adc5c8f26f55b5a,keep,-0.3541,,hesitant,5,145,149,0.9459,,,,-0.0436,0.2924,0.3017,1.5596,0.2439
692ea7f5f169106feb26aed9,6903686e0e94ce070afd1f24,keep,-0.3544,,,5,112,114,0.9469,,,,0.5251,0.1558,-0.1262,0.8214,0.7644
692eabd54e86f0c01a2072a3,6903686e0e94ce070afd1f24,keep,-0.3545,,,28,98,100,0.7071,,,,0.7151,0.0508,0.0514,0.7807,0.5008
692eace31e78e176ba6cf95d,6903bd580e94ce070afd33cd,keep,-0.3548,,unsteady_camera,13,194,196,0.9282,,,,0.3918,0.7875,1.4075,-0.0351,-0.6580
692ea6d71e78e176ba6cf8dc,69070e0b9adc5c8f26f55b5a,keep,-0.3551,,,0,176,178,0.9944,,,,0.5017,0.5647,0.6163,0.0000,0.2699
692f04b55cec8e06f0b2dbd1,69070e0b9adc5c8f26f55b5a,keep,-0.3556,,,8,114,116,0.9217,,,,0.0661,0.4349,0.9379,0.0000,0.8001
692eac2eaec602a46af10670,6903686e0e94ce070afd1f24,keep,-0.3561,,unsteady_camera,3,88,90,0.9551,,,,0.5388,-0.1306,1.2780,0.8684,-0.2661
692ea76b4e86f0c01a207256,6871d82a1aaf88556f0c6041,keep,-0.3563,,hesitant,0,128,130,0.9922,,,,-0.0906,0.2207,-0.2479,2.1121,0.4349
692eac8a92a31767e35da3d0,69070e0b9adc5c8f26f55b5a,keep,-0.3564,,,3,174,176,0.9771,,,,0.3063,0.8962,-0.1188,0.6595,0.1501
692ea63b3b319da763b71ae3,69070e0b9adc5c8f26f55b5a,keep,-0.3564,,,0,126,128,0.9921,0.0712,0,0.9785,0.2122,-0.3342,-0.2453,0.0000,-0.4967
692e95c9567c97525f40135e,6871e269bc1991b1a1e463ba,keep,-0.3565,,,0,188,190,0.9947,,,,0.4597,0.8396,0.3570,0.0000,0.1897
692eae2faec602a46af1069a,6903686e0e94ce070afd1f24,keep,-0.3570,,hesitant,6,128,130,0.9457,,,,-0.1531,0.3983,-0.2615,1.9178,0.4747
692eaf5374b24813e7597668,6846f7cf9cdf020d4a37a294,keep,-0.3571,,jittery+unsteady_camera,13,196,198,0.9289,,,,-0.4692,1.2223,1.6217,0.0284,-0.2802
692ea2d6c7cb0e94dc84bb64,69070e0b9adc5c8f26f55b5a,keep,-0.3576,,,3,111,113,0.9643,0.0891,4,0.4081,0.6839,0.0132,0.2120,0.0000,-1.9036
692ea3bfffdc0ca6345c424c,690366b20e94ce070afd1e8a,keep,-0.3581,,poor_image,8,160,179,0.8539,,,,1.4888,-0.1254,0.3769,0.1249,-0.0405
692f0723ef7557106e6c4e06,6846f7cf9cdf020d4a37a294,keep,-0.3582,,jittery,3,216,218,0.9816,,,,-0.1352,1.3725,0.4107,0.7868,-0.5463
692ea0bd727c13b350cb7bf4,6903686e0e94ce070afd1f24,keep,-0.3585,,,35,88,90,0.5955,,,,0.0180,0.1147,0.8234,0.8684,0.6184
692eada5c609aae267b279e2,690cb8f69adc5c8f26f64201,keep,-0.3585,,jittery,8,160,162,0.9441,,,,-0.2212,1.0468,0.7651,0.0000,0.5062
692eafb5dbc4294a49cc731d,69070e0b9adc5c8f26f55b5a,keep,-0.3587,,incomplete,13,183,200,0.8543,,,,-0.2227,0.5756,0.3080,0.5799,1.0938
692eb06cc7cb0e94dc84bca6,690364170e94ce070afd1da5,keep,-0.3588,,hesitant,0,184,186,0.9946,,,,0.1390,0.0285,0.6703,1.6655,-0.0754
692ea5ffea43f09edf26f594,6846f7cf9cdf020d4a37a294,keep,-0.3589,,poor_image,0,200,202,0.9950,,,,1.1074,0.7821,-0.1108,-0.4578,0.2462
692e9ee4c7cb0e94dc84bacc,6903686e0e94ce070afd1f24,keep,-0.3595,,poor_image,0,99,101,0.9900,,,,1.3969,-0.1442,0.2476,0.0000,0.3896
692e9731e2322e3b092b5c7d,6904b8d0466be157ec648ef1,keep,-0.3595,,,30,192,194,0.8394,,,,-0.3563,0.8978,0.8172,0.0000,0.8866
692ea968727c13b350cb7cea,6903686e0e94ce070afd1f24,keep,-0.3596,,poor_image,26,91,94,0.6989,,,,1.0052,0.5186,0.2200,0.0000,0.0116
692eb0819cebf0ec017dddd0,69070e0b9adc5c8f26f55b5a,keep,-0.3597,,hesitant,2,133,135,0.9776,,,,-0.1489,0.0387,0.5271,1.5927,0.5634
692ea0a03b319da763b71a28,690364170e94ce070afd1da5,keep,-0.3600,,,2,235,237,0.9873,,,,0.5223,0.8640,0.2068,0.5577,-0.3237
692ed683952b26f4cc71a437,690366b20e94ce070afd1e8a,keep,-0.3601,,hesitant,2,194,200,0.9648,,,,-0.0937,0.5164,0.5834,1.5445,-0.2416
692ead5d3019385fbbf56843,6846f7cf9cdf020d4a37a294,keep,-0.3601,,incomplete,54,176,179,0.6854,,,,0.3411,-0.1093,-0.2817,0.6103,1.8446
692e8e504e86f0c01a207008,6904b8d0466be157ec648ef1,keep,-0.3602,,,1,200,202,0.9900,,,,0.2503,0.7347,0.9628,0.0000,0.0807
692ead5e3019385fbbf5684a,6846f7cf9cdf020d4a37a294,keep,-0.3606,,,0,215,217,0.9954,,,,0.7368,0.2846,0.1054,0.8413,0.0455
692ea487c609aae267b278ed,68bc72d1fcdaacc405e3db53,keep,-0.3611,,poor_image,2,164,166,0.9818,,,,1.3499,0.5319,0.1224,-0.3737,-0.0441
692eb1323b319da763b71c07,6903686e0e94ce070afd1f24,keep,-0.3614,,,3,117,119,0.9661,,,,0.6602,0.4883,-0.2144,0.7866,0.2345
692eac1bad0c9ef057d41dac,6903b590466be157ec64580a,keep,-0.3614,,,0,187,189,0.9947,0.0209,2,0.1468,0.0296,0.3048,0.5405,0.3899,-0.5402
692ea5f5eee2f8cb10d0f7e6,69150bf42756853dcad943f2,keep,-0.3616,,jittery,0,139,141,0.9929,,,,0.1542,1.1973,0.1720,0.2314,0.1008
692eb29dffdc0ca6345c43c4,69070e0b9adc5c8f26f55b5a,keep,-0.3628,,poor_image+hesitant,0,110,112,0.9910,,,,1.7937,-0.5192,-0.1767,1.0397,-0.2355
692e9ee5c7cb0e94dc84badb,6903686e0e94ce070afd1f24,keep,-0.3630,,,9,111,113,0.9107,0.0699,2,0.1054,0.7972,0.1184,-0.1644,0.0000,0.1508
692ea6d71e78e176ba6cf8e2,69070e0b9adc5c8f26f55b5a,keep,-0.3631,,jittery+hesitant,0,173,175,0.9943,,,,-0.3167,1.0189,-0.2947,2.0000,-0.2168
692eaa06c7cb0e94dc84bbfb,68bc72d1fcdaacc405e3db53,keep,-0.3633,,hesitant,44,215,217,0.7917,,,,0.0824,0.2465,0.6396,1.0902,0.3197
692ef634b07e0e30ff1132c9,69036806466be157ec64477f,keep,-0.3634,,jittery,106,329,335,0.6677,,,,-0.5802,1.9267,-0.0724,0.5749,0.0214
692eb108567c97525f4015ea,6846f7cf9cdf020d4a37a294,keep,-0.3641,,jittery,0,209,211,0.9952,,,,-0.4284,2.0358,0.8872,-0.2305,-0.5192
692eac2daec602a46af1066c,6903686e0e94ce070afd1f24,keep,-0.3642,,,6,94,96,0.9263,,,,0.7540,0.0708,0.0319,0.8136,0.4665
692eac0739719ab57395b966,6903b590466be157ec64580a,keep,-0.3649,,,1,161,163,0.9877,,,,0.5621,0.7033,-0.0452,0.6818,0.0196
692ed8c2f2e4e72c033b9992,690362600e94ce070afd1d30,keep,-0.3650,,poor_image+hesitant,8,293,299,0.9564,,,,1.0958,0.1948,0.1187,1.2168,-0.7163
692eadeec609aae267b27a06,68bc72d1fcdaacc405e3db53,keep,-0.3656,,incomplete,79,141,155,0.4026,,,,-0.0396,-0.0005,0.8302,0.2284,1.5604
692e959c92a31767e35da115,68696b41314bde44018fa510,keep,-0.3657,,poor_image,0,270,272,0.9963,,,,1.5198,0.0645,0.2640,0.0000,-0.0807
692ef187fbcce321dca74eac,690cb8f69adc5c8f26f64201,keep,-0.3659,,hesitant,0,195,197,0.9949,,,,0.0632,0.6723,0.2136,1.2726,-0.0278
692ea8f0ba0400c70689ff4a,6903686e0e94ce070afd1f24,keep,-0.3660,,poor_image,0,88,90,0.9888,,,,1.2411,0.4698,0.2621,0.0000,-0.2668
692eabd34e86f0c01a20728f,6903686e0e94ce070afd1f24,keep,-0.3662,,unsteady_camera,2,101,103,0.9706,,,,0.1184,0.6739,1.7586,0.0000,-0.3833
692eafb6dbc4294a49cc7325,69070e0b9adc5c8f26f55b5a,keep,-0.3665,,unsteady_camera,0,134,136,0.9926,,,,0.5589,0.2218,1.2588,0.0000,0.1356
692eb300ea43f09edf26f68f,6871d82a1aaf88556f0c6041,keep,-0.3665,,hesitant,3,95,97,0.9583,,,,0.6460,0.0679,-0.1313,1.5168,0.1094
692eada6c609aae267b279e6,690cb8f69adc5c8f26f64201,keep,-0.3670,,,9,226,228,0.9559,,,,0.0061,0.6053,0.4540,0.8241,0.3736
692ea476e2322e3b092b5e49,6871d82a1aaf88556f0c6041,keep,-0.3673,,,0,108,110,0.9908,,,,0.6499,0.8955,-0.3544,0.0000,0.6072
692ef15e45175992cd6a0d16,6871d82a1aaf88556f0c6041,keep,-0.3675,,unsteady_camera+hesitant,0,78,91,0.8667,,,,-0.2906,-1.0862,1.7697,2.0000,0.8682
692ea0bc727c13b350cb7bd6,6903686e0e94ce070afd1f24,keep,-0.3676,,hesitant,0,100,102,0.9901,,,,0.2269,0.7314,0.2478,1.5305,-0.6427
692ef7cb0ba268eb16564b29,68bdae5d259c8771eea61c1b,keep,-0.3676,,poor_image,5,212,214,0.9718,,,,1.4190,0.0543,0.0918,0.4077,-0.1363
692e98ad5aae241ad236ec00,6871d82a1aaf88556f0c6041,keep,-0.3679,,poor_image,1,100,102,0.9802,,,,1.0830,0.2344,0.0184,0.0000,0.5812
692ea967727c13b350cb7cce,6903686e0e94ce070afd1f24,keep,-0.3685,,poor_image,4,126,130,0.9457,,,,1.1463,0.2798,0.7070,0.0000,-0.2664
692ee0040ba268eb1656499a,6903b590466be157ec64580a,keep,-0.3686,,hesitant+incomplete,72,200,216,0.5953,,,,-0.3280,-0.4730,0.4796,1.0743,2.2278
692eb062d52427f961fa1654,690366b20e94ce070afd1e8a,keep,-0.3687,,jittery,4,182,184,0.9727,,,,0.9698,1.2141,0.2427,0.1135,-1.0516
692eaeac40338017b7f99a09,6903686e0e94ce070afd1f24,keep,-0.3687,,poor_image,23,108,115,0.7456,,,,1.1598,0.3894,-0.0239,0.0000,0.2809
692eb061d52427f961fa1652,690366b20e94ce070afd1e8a,keep,-0.3687,,,0,181,193,0.9427,,,,0.5737,0.8640,0.5228,0.0944,-0.1928
692e95c9567c97525f401360,6871e269bc1991b1a1e463ba,keep,-0.3687,,unsteady_camera,0,210,212,0.9953,,,,0.2687,0.1557,1.4791,0.0000,0.4654
692eaa162fa9ba56c08f81ae,69150bf42756853dcad943f2,keep,-0.3691,,jittery+hesitant,0,135,137,0.9926,,,,-0.3391,1.5165,-0.2161,1.2951,-0.2611
692ea25bd52427f961fa14e2,6871e269bc1991b1a1e463ba,keep,-0.3693,,,7,222,224,0.9641,,,,0.9202,0.2766,0.4224,0.0000,0.3676
692ea32f5aae241ad236ed0e,6903686e0e94ce070afd1f24,keep,-0.3693,,,0,114,116,0.9913,,,,0.7220,-0.0846,0.8873,0.0000,0.7418
692ea4852fa9ba56c08f8113,6903bd580e94ce070afd33cd,keep,-0.3694,,jittery,11,225,227,0.9469,,,,0.1823,1.5723,0.0783,0.9329,-1.0571
692eac0996d2056439f018fe,6871d82a1aaf88556f0c6041,keep,-0.3699,,hesitant,0,151,153,0.9934,,,,0.2285,0.7121,-0.0174,1.6691,-0.4733
692eb1323b319da763b71c0a,6903686e0e94ce070afd1f24,keep,-0.3701,,hesitant,2,117,119,0.9746,,,,-0.1372,0.6768,-0.2315,1.3100,0.7027
692eaaa2dbc4294a49cc72b2,69070e0b9adc5c8f26f55b5a,keep,-0.3702,,hesitant,3,170,172,0.9766,,,,0.6736,0.4956,-0.3256,1.0909,0.0725
692eae2eaec602a46af10696,6903686e0e94ce070afd1f24,keep,-0.3702,,,0,109,111,0.9909,0.0799,2,0.7393,0.1765,0.6429,-0.2436,0.8438,0.0920
692eaf87526b2c3ac5f5b4fb,6903bd580e94ce070afd33cd,keep,-0.3704,,,56,212,216,0.7256,,,,0.2903,0.5505,0.6358,0.3430,0.3531
692ef772fbcce321dca74f1f,69150bf42756853dcad943f2,keep,-0.3708,,unsteady_camera+incomplete,10,110,129,0.7812,,,,0.2878,0.0142,1.1080,0.0000,1.0348
692f19fd5cec8e06f0b2dc3a,69070e0b9adc5c8f26f55b5a,keep,-0.3710,,,0,221,223,0.9955,,,,0.0939,0.9022,0.2949,0.3204,0.4873
692ea4862fa9ba56c08f8123,6903bd580e94ce070afd33cd,keep,-0.3711,,,5,155,157,0.9615,,,,0.6645,0.8329,0.8836,0.0897,-0.6219
692ea16596d2056439f017cc,6903686e0e94ce070afd1f24,keep,-0.3715,,incomplete,44,111,113,0.5982,,,,0.0874,0.6214,0.3665,0.0000,1.1708
692eb1313b319da763b71c00,6903686e0e94ce070afd1f24,keep,-0.3716,,jittery,0,113,115,0.9912,,,,0.7447,1.0319,0.0549,0.0000,-0.1185
692ea5e4854d0e0793875b7d,6903bd580e94ce070afd33cd,keep,-0.3716,,incomplete,57,190,227,0.5885,,,,-0.1491,0.4821,-0.1634,0.9061,1.3590
692ef772fbcce321dca74f1e,69150bf42756853dcad943f2,keep,-0.3719,,unsteady_camera,0,143,145,0.9931,,,,0.5831,0.4184,1.3745,0.0000,-0.2731
692eb1f0d52427f961fa168c,69070e0b9adc5c8f26f55b5a,keep,-0.3720,,poor_image,0,103,120,0.8655,,,,2.3109,-0.4982,0.0694,0.0000,-0.1847
692ea3fa3b319da763b71a98,6871e269bc1991b1a1e463ba,keep,-0.3721,,poor_image,0,179,182,0.9890,,,,1.4641,-0.1402,0.3356,0.6765,-0.3930
692ef6369ca48e15a25b2a7b,69150bf42756853dcad943f2,keep,-0.3722,,unsteady_camera,9,131,147,0.8356,,,,-0.3938,0.5034,1.8125,0.0000,0.6288
692eac130793395ac4f6ffd1,6903bd580e94ce070afd33cd,keep,-0.3723,,,0,217,221,0.9864,,,,0.5111,0.9626,0.5064,0.7929,-0.9036
692e8f4baec602a46af10338,68696b41314bde44018fa510,keep,-0.3724,,,0,217,219,0.9954,,,,0.3592,0.6805,0.7744,0.0000,0.2727
692ea8edba0400c70689ff37,6903686e0e94ce070afd1f24,keep,-0.3724,,poor_image+incomplete,32,88,92,0.6154,,,,1.1597,-0.0501,-0.0817,0.0000,1.0243
692e9f615cd6df8b6023c970,670be6761e62a52f6a35360d,keep,-0.3726,,jittery,26,413,416,0.9325,,,,0.4866,1.1326,0.2870,-0.2674,0.1596
692ea7684e86f0c01a20723d,6871d82a1aaf88556f0c6041,keep,-0.3727,,hesitant,0,139,143,0.9789,,,,-0.4082,0.5863,0.8159,1.0254,0.5003
692eb12897ffd8ec9034029c,6846f7cf9cdf020d4a37a294,keep,-0.3729,,hesitant,1,159,163,0.9753,,,,0.7206,-0.3487,0.4689,1.5069,0.0770
692e9938f169106feb26acf6,6903686e0e94ce070afd1f24,keep,-0.3730,,unsteady_camera+incomplete,43,105,108,0.5794,,,,-0.0278,-0.3457,1.8844,0.0000,1.2872
692e90002fa9ba56c08f7f7f,6904b8d0466be157ec648ef1,keep,-0.3731,,poor_image,0,176,178,0.9944,,,,2.1376,-0.2635,-0.0156,0.5376,-0.7214
692eeefcef7557106e6c4c57,68bc72d1fcdaacc405e3db53,keep,-0.3731,,jittery,89,210,212,0.5735,,,,-0.5209,1.3678,0.5303,0.0059,0.8053
692eafd4ffdc0ca6345c4392,69070e0b9adc5c8f26f55b5a,keep,-0.3732,,,2,223,225,0.9866,0.2285,3,0.9962,-0.3445,0.4466,0.6263,0.5152,0.5993
692eafd6eee2f8cb10d0f8da,6846f7cf9cdf020d4a37a294,keep,-0.3734,,jittery,0,231,233,0.9957,,,,0.7297,1.3550,-0.3082,0.7567,-0.9619
692ea8122fa9ba56c08f8191,69070e0b9adc5c8f26f55b5a,keep,-0.3737,,hesitant,0,150,152,0.9934,,,,-0.1975,0.3272,0.5542,1.5286,0.3387
692eaf87526b2c3ac5f5b4f7,6903bd580e94ce070afd33cd,keep,-0.3738,,jittery,54,237,241,0.7625,,,,0.4183,1.1435,0.4136,-0.3188,0.1793
692eae30aec602a46af106a0,6903686e0e94ce070afd1f24,keep,-0.3739,,hesitant,0,119,121,0.9917,,,,0.0154,0.5400,-0.0401,1.4175,0.4065
692ea601ea43f09edf26f5a6,6846f7cf9cdf020d4a37a294,keep,-0.3742,,incomplete,50,159,161,0.6813,,,,0.0259,0.4712,0.1919,0.1983,1.4833
692ea7980793395ac4f6ffa8,67421681889e906244b520b1,keep,-0.3743,,,0,197,219,0.9037,,,,0.7770,0.3818,0.3850,0.0000,0.4970
692ea8fb727c13b350cb7cb9,6903bd580e94ce070afd33cd,keep,-0.3745,,,44,179,181,0.7500,,,,-0.3352,0.8043,0.5642,0.8343,0.5193
692eaa5d7641010d04354707,69070e0b9adc5c8f26f55b5a,keep,-0.3745,,,0,165,169,0.9821,,,,0.7340,0.5469,0.3850,0.4234,-0.1080
692e9cb53b319da763b71991,6903bd580e94ce070afd33cd,keep,-0.3746,,incomplete,53,170,194,0.6062,,,,0.0817,0.5630,0.1853,-0.0613,1.5309
692e984b68bf0a1f462303fd,6871e269bc1991b1a1e463ba,keep,-0.3747,,hesitant,0,200,205,0.9804,,,,0.4664,-0.0508,0.0920,2.4843,-0.5771
692eae30aec602a46af1069e,6903686e0e94ce070afd1f24,keep,-0.3748,,jittery,6,130,132,0.9466,,,,-0.0477,1.0780,-0.0346,0.7085,0.4044
692ea8edba0400c70689ff33,6903686e0e94ce070afd1f24,keep,-0.3751,,hesitant,0,98,100,0.9899,,,,0.4061,0.6265,0.0330,1.5614,-0.5178
692eabd1d52427f961fa15cd,6903686e0e94ce070afd1f24,keep,-0.3752,,jittery,0,101,103,0.9902,,,,0.7179,1.0691,-0.4019,0.0000,0.3479
692ea768d52427f961fa158a,68696b41314bde44018fa510,keep,-0.3752,,,0,204,206,0.9951,,,,0.3656,0.6607,-0.0023,0.8612,0.2282
692eaeab40338017b7f99a07,6903686e0e94ce070afd1f24,keep,-0.3753,,,41,105,107,0.6038,,,,0.8284,0.4820,-0.0377,0.0000,0.6990
692ea22cb0d3d3c9d26069a0,68bc72d1fcdaacc405e3db53,keep,-0.3754,,poor_image,0,190,198,0.9645,,,,1.9195,-0.0589,-0.1024,0.2041,-0.2647
692e9b37b77ab81b8b41ed22,6903bd580e94ce070afd33cd,keep,-0.3756,,incomplete,35,151,176,0.6629,0.1663,2,0.7122,0.1816,-0.6270,-0.0631,0.2827,1.0955
692ead48e2322e3b092b5f95,690366b20e94ce070afd1e8a,keep,-0.3759,,jittery+hesitant,0,228,230,0.9956,,,,-0.7948,1.5990,0.1485,1.6292,-0.3524
692ea6d099488ff84776f94c,69070e0b9adc5c8f26f55b5a,keep,-0.3762,,hesitant,19,138,140,0.8561,,,,-0.2764,0.7184,0.0394,1.0236,0.9078
692eabd24e86f0c01a207289,6903686e0e94ce070afd1f24,keep,-0.3768,,hesitant,2,112,114,0.9735,,,,-0.4161,0.8198,0.2941,2.1893,-0.4517
692eaabfc621d7f4aac3ab98,6903b590466be157ec64580a,keep,-0.3769,,hesitant+incomplete,74,198,200,0.6231,0.4119,3,0.9172,-0.1262,0.5699,-0.0225,2.4754,2.2333
692eb1455aae241ad236ee6a,68bc72d1fcdaacc405e3db53,keep,-0.3772,,unsteady_camera+hesitant,30,206,208,0.8502,,,,-0.3170,0.5142,1.2205,1.2149,-0.0908
692e98ef40338017b7f997ce,6871d82a1aaf88556f0c6041,keep,-0.3772,,,0,130,132,0.9924,,,,0.3554,0.9475,-0.0848,0.9684,-0.1976
692ea486c609aae267b278e2,68bc72d1fcdaacc405e3db53,keep,-0.3772,,,44,161,163,0.7222,,,,0.2601,-0.0245,0.7188,0.9792,0.5892
692eb3df6974927fef249d86,6903686e0e94ce070afd1f24,keep,-0.3775,,incomplete,41,109,112,0.6126,,,,0.2488,0.3732,-0.2508,0.8362,1.1243
692e9c1bc621d7f4aac3a9cc,69150bf42756853dcad943f2,keep,-0.3780,,jittery+incomplete,74,168,173,0.5465,,,,-0.5073,1.0057,-0.0914,0.5120,1.4775
692eac8992a31767e35da3cc,69070e0b9adc5c8f26f55b5a,keep,-0.3789,,jittery,0,189,191,0.9947,,,,0.2056,1.9728,0.0080,0.3744,-0.9977
692e9ea5a0e165ab2e42e3de,6903bd580e94ce070afd33cd,keep,-0.3790,,jittery,3,181,183,0.9780,,,,0.5359,1.6854,-0.1269,0.2513,-0.8036
692eabdf4e86f0c01a2072b5,6846f7cf9cdf020d4a37a294,keep,-0.3791,,poor_image+hesitant,11,185,188,0.9305,,,,1.2332,-0.2553,-0.5499,1.1088,0.6276
692ea69faec602a46af105b5,6903686e0e94ce070afd1f24,keep,-0.3794,,poor_image+incomplete,36,102,104,0.6408,,,,1.0469,-0.1020,-0.2049,0.0000,1.4435
692ea1d568bf0a1f462304ef,690cb8f69adc5c8f26f64201,keep,-0.3798,,unsteady_camera,5,218,220,0.9726,,,,0.6577,0.0202,1.1254,0.3478,0.1684
692ea4db99488ff84776f92d,6903686e0e94ce070afd1f24,keep,-0.3807,,incomplete,42,112,114,0.6195,,,,0.3809,0.2518,0.6748,0.0000,1.0411
692ea63a3b319da763b71ad3,69070e0b9adc5c8f26f55b5a,keep,-0.3811,,,0,97,99,0.9898,,,,0.3099,0.8855,0.5680,0.7259,-0.4192
692eaea740338017b7f999f6,6903686e0e94ce070afd1f24,keep,-0.3811,,jittery,0,120,125,0.9677,,,,0.6820,1.1509,0.1033,0.0000,-0.1849
692eb29dffdc0ca6345c43c9,69070e0b9adc5c8f26f55b5a,keep,-0.3812,,poor_image,0,141,143,0.9930,,,,1.5841,-0.2081,-0.0358,0.5010,0.1394
692eb29fffdc0ca6345c43da,69070e0b9adc5c8f26f55b5a,keep,-0.3817,,poor_image+hesitant,38,132,134,0.7068,,,,1.1275,-0.5978,0.2911,1.0698,0.5163
692eaae0c609aae267b279ac,69070e0b9adc5c8f26f55b5a,keep,-0.3817,,poor_image+hesitant,0,138,143,0.9718,,,,1.4800,-0.5054,-0.2548,1.0020,0.4626
692e98084e86f0c01a2070cd,68696b41314bde44018fa510,keep,-0.3817,,,0,223,225,0.9955,,,,0.5649,0.8367,0.2680,0.0000,0.3014
692e9a8639719ab57395b79e,6904b8d0466be157ec648ef1,keep,-0.3820,,,2,204,206,0.9854,,,,0.0662,0.5433,0.7849,0.5541,0.4208
692f19fd5cec8e06f0b2dc32,69070e0b9adc5c8f26f55b5a,keep,-0.3823,,,0,183,186,0.9892,,,,0.4247,0.5956,0.5617,0.0000,0.5839
692ea1aa3b319da763b71a40,69070e0b9adc5c8f26f55b5a,keep,-0.3826,,unsteady_camera,0,154,157,0.9872,,,,0.3868,0.7042,1.0537,0.0000,-0.0121
692eb225b77ab81b8b41ef76,6903686e0e94ce070afd1f24,keep,-0.3828,,hesitant,1,116,118,0.9829,,,,0.4158,0.3252,-0.1313,2.0000,-0.3008
692ea1d468bf0a1f462304e9,690cb8f69adc5c8f26f64201,keep,-0.3829,,unsteady_camera,1,177,197,0.8980,,,,0.0074,0.3715,1.2972,0.3182,0.4969
692ea4872fa9ba56c08f8127,6903bd580e94ce070afd33cd,keep,-0.3831,,jittery,0,162,164,0.9939,,,,0.4238,1.9400,0.5273,-0.2542,-1.1374
692ea4c439719ab57395b8b4,68bc72d1fcdaacc405e3db53,keep,-0.3831,,,85,167,169,0.4881,0.1309,2,0.0174,0.5387,0.1979,-0.2317,0.3038,0.8137
692e9b3ab77ab81b8b41ed38,6903bd580e94ce070afd33cd,keep,-0.3832,,,26,184,186,0.8541,,,,0.6888,0.9693,0.1869,0.4853,-0.4772
692eb06cc7cb0e94dc84bcad,690364170e94ce070afd1da5,keep,-0.3835,,,110,222,224,0.5022,,,,0.6028,0.9199,-0.2809,0.0413,0.6405
692eae32aec602a46af106ae,6903686e0e94ce070afd1f24,keep,-0.3840,,,8,120,122,0.9256,,,,0.6996,0.7696,0.1485,0.0000,0.3357
692ea8664e7eab2cafd269ad,69038b590e94ce070afd2952,keep,-0.3840,,unsteady_camera,2,236,238,0.9873,,,,-0.3786,0.7656,1.6624,0.8590,-0.4139
692eb061d52427f961fa1653,690366b20e94ce070afd1e8a,keep,-0.3842,,incomplete,81,201,225,0.5357,,,,0.5258,0.3904,-0.0989,0.3717,1.0426
692eaadfc609aae267b279a8,69070e0b9adc5c8f26f55b5a,keep,-0.3843,,poor_image,0,127,129,0.9922,,,,1.6663,-0.3926,0.6309,0.5558,-0.4073
692eb0a41e78e176ba6cf9cd,6846f7cf9cdf020d4a37a294,keep,-0.3846,,unsteady_camera,1,220,222,0.9910,,,,0.3532,0.1960,1.7800,-0.0282,0.1163
692ea32e5aae241ad236ecff,6903686e0e94ce070afd1f24,keep,-0.3846,,unsteady_camera,0,96,98,0.9897,,,,0.6484,-0.6111,2.1373,0.0000,0.4988
692f04b55cec8e06f0b2dbcb,69070e0b9adc5c8f26f55b5a,keep,-0.3847,,incomplete,53,207,209,0.7404,,,,-0.1197,0.1592,0.7919,0.3420,1.5000
692eb108567c97525f4015ec,6846f7cf9cdf020d4a37a294,keep,-0.3847,,jittery,0,226,228,0.9956,,,,0.2538,1.2585,0.4295,0.7663,-0.7710
692eab67d3d807884d4dd7f0,69070e0b9adc5c8f26f55b5a,keep,-0.3848,,hesitant,0,154,156,0.9935,,,,-0.2731,0.2214,0.4888,1.8358,0.4468
692ea8004e7eab2cafd269a1,690366b20e94ce070afd1e8a,keep,-0.3862,,,2,178,180,0.9832,0.1217,0,0.0018,-0.3147,0.7458,-0.3810,0.4628,-0.6107
692ef0153f0f0a8706d6bb2f,6904b8d0466be157ec648ef1,keep,-0.3863,,poor_image,0,234,255,0.9213,,,,1.3208,0.3777,0.1331,0.3020,-0.2789
692ea137b77ab81b8b41edcd,68696b41314bde44018fa510,keep,-0.3864,,poor_image+unsteady_camera,0,195,197,0.9949,,,,1.0170,-0.4329,1.3066,0.0000,0.5219
692ea771b77ab81b8b41ee7c,6846f7cf9cdf020d4a37a294,keep,-0.3864,,poor_image+hesitant,0,181,183,0.9945,,,,1.2713,-0.4875,0.2235,1.2152,0.0902
692eac7b95aad87d3e3446be,690366b20e94ce070afd1e8a,keep,-0.3864,,jittery+hesitant,0,228,231,0.9913,,,,-0.2869,1.2278,0.2325,1.5615,-0.5008
692eac0892a31767e35da39a,6846f7cf9cdf020d4a37a294,keep,-0.3864,,unsteady_camera+incomplete,78,229,231,0.6565,,,,-0.1778,0.1860,1.0422,-0.3166,1.9669
692e9a33ba0400c70689fd6e,68696b41314bde44018fa510,keep,-0.3865,,,0,178,181,0.9889,,,,0.3326,0.5617,-0.1575,0.9808,0.5407
692ea968727c13b350cb7ceb,6903686e0e94ce070afd1f24,keep,-0.3870,,hesitant,0,94,96,0.9895,,,,0.7479,-0.4617,0.2201,1.6271,0.4321
692e9ee4c7cb0e94dc84bace,6903686e0e94ce070afd1f24,keep,-0.3870,,unsteady_camera,1,93,96,0.9684,,,,0.2207,-0.5656,2.7775,0.0000,0.4491
692eae07424dbf22e75ed143,6846f7cf9cdf020d4a37a294,keep,-0.3871,,unsteady_camera+hesitant,4,222,224,0.9776,,,,-0.2216,0.8367,1.2594,1.2177,-0.6902
692eae07424dbf22e75ed146,6846f7cf9cdf020d4a37a294,keep,-0.3871,,poor_image,0,201,204,0.9901,,,,1.0473,0.5301,0.3434,-0.2141,0.2146
692e994e74b24813e759741d,69150bf42756853dcad943f2,keep,-0.3882,,,0,121,123,0.9918,0.1831,0,0.9365,0.0774,0.5281,0.2105,0.0000,-0.1247
692ea69eaec602a46af105a9,6903686e0e94ce070afd1f24,keep,-0.3883,,,38,106,108,0.6355,,,,0.6141,0.6913,0.0324,0.0000,0.7278
692e9f65727c13b350cb7bb8,69150bf42756853dcad943f2,keep,-0.3885,,,37,127,129,0.7031,,,,0.6723,-0.1117,0.6811,0.6880,0.5095
692ea69baec602a46af1058c,6903686e0e94ce070afd1f24,keep,-0.3887,,,1,101,103,0.9804,,,,0.4104,0.2692,0.5142,0.9099,0.2772
692ef720b07e0e30ff1132f3,6904b8d0466be157ec648ef1,keep,-0.3891,,,25,215,217,0.8796,,,,0.9654,0.4225,-0.0293,0.0000,0.6708
692eeefcef7557106e6c4c58,68bc72d1fcdaacc405e3db53,keep,-0.3892,,jittery,20,227,229,0.9079,,,,-0.3153,1.3021,0.6245,0.6619,-0.0422
692eafd9eee2f8cb10d0f8f5,6846f7cf9cdf020d4a37a294,keep,-0.3893,,poor_image+incomplete,21,100,136,0.5852,,,,1.3850,-0.6293,0.0358,0.0338,1.5221
692eabd4d52427f961fa15eb,6903686e0e94ce070afd1f24,keep,-0.3893,,,5,112,114,0.9469,,,,0.9297,0.5782,-0.0533,0.0000,0.5169
692eeeb10ba268eb16564a9a,69150bf42756853dcad943f2,keep,-0.3895,,jittery,0,187,189,0.9947,,,,0.1081,1.7966,-0.0833,0.0000,-0.0471
692eace8ad0c9ef057d41dd8,6903686e0e94ce070afd1f24,keep,-0.3899,,hesitant,38,105,107,0.6321,,,,-0.0552,0.3134,-0.2475,2.0000,0.5897
692ea477e2322e3b092b5e53,6871d82a1aaf88556f0c6041,keep,-0.3902,,incomplete,13,123,127,0.8730,,,,0.0801,0.1824,0.0234,0.0000,2.3145
692eb0a21e78e176ba6cf9be,6846f7cf9cdf020d4a37a294,keep,-0.3902,,unsteady_camera,15,224,226,0.9289,,,,0.0851,0.3662,1.6132,0.3810,0.0605
692eaf2c4e86f0c01a2072e5,69070e0b9adc5c8f26f55b5a,keep,-0.3903,,unsteady_camera,0,168,170,0.9941,,,,0.0462,0.8253,1.4189,0.0000,0.0060
692e9ea7a0e165ab2e42e3f2,6903bd580e94ce070afd33cd,keep,-0.3904,,jittery,0,166,168,0.9940,,,,0.5860,2.0474,-0.0494,-0.5342,-0.6340
692ea309dbc4294a49cc723d,6871d82a1aaf88556f0c6041,keep,-0.3904,,,3,92,94,0.9570,,,,0.2430,0.9285,0.2322,0.0000,0.7438
692eab1cb77ab81b8b41eee8,6903b590466be157ec64580a,keep,-0.3905,,poor_image,0,168,170,0.9941,,,,1.4088,0.6626,-0.1568,0.4577,-0.6744
692eadedc609aae267b279fd,68bc72d1fcdaacc405e3db53,keep,-0.3906,,poor_image+jittery,0,148,150,0.9933,,,,1.2622,1.0090,0.0425,-0.3737,-0.3412
692eabd64e86f0c01a2072ab,6903686e0e94ce070afd1f24,keep,-0.3907,,hesitant,2,98,100,0.9697,,,,-0.0063,0.6241,0.0072,1.5614,0.2397
692ea139b77ab81b8b41eddf,68696b41314bde44018fa510,keep,-0.3908,,,0,213,215,0.9953,,,,0.6520,0.9703,0.4224,0.0000,-0.1202
692eddda4cbe80983737fe05,690366b20e94ce070afd1e8a,keep,-0.3909,,unsteady_camera,27,169,175,0.8161,,,,-0.1687,0.5437,1.2369,0.5629,0.3740
692ea40497ffd8ec90340161,6903686e0e94ce070afd1f24,keep,-0.3910,,unsteady_camera,9,97,99,0.8980,,,,0.5743,0.1696,1.8288,0.0000,-0.2075
692eb0819cebf0ec017dddd8,69070e0b9adc5c8f26f55b5a,keep,-0.3911,,unsteady_camera,46,131,133,0.6439,,,,0.1100,0.0071,1.1315,0.5389,0.8914
692ea486c609aae267b278e6,68bc72d1fcdaacc405e3db53,keep,-0.3911,,poor_image,39,190,194,0.7824,,,,1.2867,0.1730,0.2817,-0.1989,0.4653
692eab67d3d807884d4dd7f4,69070e0b9adc5c8f26f55b5a,keep,-0.3912,,,13,151,153,0.9079,,,,0.4490,0.5094,-0.2822,0.7593,0.8240
692e9d4939719ab57395b809,6903bd580e94ce070afd33cd,keep,-0.3912,,hesitant,7,188,190,0.9577,,,,0.2599,0.1297,0.2626,1.9765,-0.0847
692ea3b895aad87d3e3445cd,6871d82a1aaf88556f0c6041,keep,-0.3916,,,0,98,100,0.9899,,,,0.2129,0.8382,0.4615,0.0000,0.7029
692eabd64e86f0c01a2072a8,6903686e0e94ce070afd1f24,keep,-0.3918,,poor_image,0,100,105,0.9615,,,,1.0313,0.4729,0.3291,0.0000,0.1573
692eaa172fa9ba56c08f81b9,69150bf42756853dcad943f2,keep,-0.3920,,incomplete,51,118,183,0.3681,,,,0.1696,0.2218,-0.1478,0.0000,2.3048
692ea031424dbf22e75ecfd9,6903bd580e94ce070afd33cd,keep,-0.3921,,hesitant,0,128,152,0.8477,,,,0.3665,-0.3569,-0.2243,2.3287,0.6263
692ead48e2322e3b092b5f8f,690366b20e94ce070afd1e8a,keep,-0.3927,,hesitant,0,237,239,0.9958,,,,-0.8768,0.7249,0.1024,3.2526,-0.3778
692e99e8ba0400c70689fd4b,68696b41314bde44018fa510,keep,-0.3929,,hesitant+incomplete,17,216,218,0.9171,,,,0.1544,-0.2915,-0.1682,1.1166,2.0076
692eabd44e86f0c01a207299,6903686e0e94ce070afd1f24,keep,-0.3930,,poor_image,2,94,96,0.9684,,,,1.3418,0.6039,0.2185,0.0000,-0.3858
692ea4c539719ab57395b8bc,68bc72d1fcdaacc405e3db53,keep,-0.3931,,hesitant,137,215,217,0.3611,,,,-0.5943,0.8904,0.2136,1.4411,0.6527
692ea2c3dfa411398777699a,6904b8d0466be157ec648ef1,keep,-0.3934,,unsteady_camera,4,189,191,0.9737,,,,0.0452,0.4748,1.4212,0.0000,0.5523
692e9d9ad3d807884d4dd679,6903686e0e94ce070afd1f24,keep,-0.3936,,poor_image,0,111,113,0.9911,,,,1.4861,0.7445,-0.1155,0.0000,-0.4752
692eaa05c7cb0e94dc84bbf9,68bc72d1fcdaacc405e3db53,keep,-0.3940,,hesitant,3,225,227,0.9823,0.3622,4,0.9983,0.4591,0.6975,0.3385,1.7893,-0.4603
692eae32aec602a46af106ac,6903686e0e94ce070afd1f24,keep,-0.3943,,poor_image,0,102,104,0.9903,,,,1.2503,0.6821,0.0028,0.0000,-0.1412
692ea5ffea43f09edf26f597,6846f7cf9cdf020d4a37a294,keep,-0.3943,,unsteady_camera,13,177,179,0.9213,,,,0.6377,0.4268,1.1742,-0.1739,0.1633
692ea80e92a31767e35da340,6903686e0e94ce070afd1f24,keep,-0.3946,,hesitant,5,117,119,0.9492,,,,-0.0588,0.6545,-0.0698,1.4416,0.4972
692ea1aa3b319da763b71a3d,69070e0b9adc5c8f26f55b5a,keep,-0.3947,,jittery,3,183,185,0.9783,,,,-0.3086,1.3737,0.5925,0.3866,0.1861
692f49d2f59fd218b1be02ab,6904b8d0466be157ec648ef1,keep,-0.3947,,,0,367,369,0.9973,,,,0.8463,0.5385,0.6208,0.0000,0.0651
692eeeb10ba268eb16564a94,69150bf42756853dcad943f2,keep,-0.3948,,poor_image+incomplete,31,120,128,0.7008,,,,1.6207,-0.5462,-0.1255,0.0000,1.2776
692ea71d40338017b7f9993c,690366b20e94ce070afd1e8a,keep,-0.3953,,,16,195,214,0.8404,,,,0.7612,0.4218,0.8509,0.0241,0.1173
692ef548245e918729007151,690cb8f69adc5c8f26f64201,keep,-0.3955,,unsteady_camera,0,204,206,0.9951,,,,0.7248,0.3538,1.3768,0.0000,-0.2261
692eb3e16974927fef249d94,6903686e0e94ce070afd1f24,keep,-0.3955,,unsteady_camera+incomplete,35,99,101,0.6400,,,,0.1239,-0.4481,2.2044,0.0000,1.0505
692ea6d71e78e176ba6cf8db,69070e0b9adc5c8f26f55b5a,keep,-0.3956,,unsteady_camera,0,222,224,0.9955,,,,-0.3916,0.7750,1.3484,0.9570,-0.1112
692ea16696d2056439f017e4,6903686e0e94ce070afd1f24,keep,-0.3956,,incomplete,38,100,102,0.6139,,,,0.6398,-0.4423,0.1670,0.9190,1.3869
692eab1bb77ab81b8b41eedf,6903b590466be157ec64580a,keep,-0.3957,,unsteady_camera+hesitant,1,200,202,0.9900,,,,-0.9365,0.6694,1.0834,1.9309,0.1559
692ef772fbcce321dca74f1d,69150bf42756853dcad943f2,keep,-0.3957,,unsteady_camera,0,131,133,0.9924,,,,0.3482,0.0952,2.0000,0.0000,0.1046
692e96d6f169106feb26acaf,6871e269bc1991b1a1e463ba,keep,-0.3960,,unsteady_camera,0,232,234,0.9957,,,,0.3066,0.7110,1.0710,0.5255,-0.3508
692e9b62c7cb0e94dc84baa3,690cb8f69adc5c8f26f64201,keep,-0.3960,,jittery,0,217,219,0.9954,,,,0.5456,1.1423,-0.0043,0.2861,-0.0417
692eac2eaec602a46af10677,6903686e0e94ce070afd1f24,keep,-0.3961,,jittery,6,109,113,0.9196,,,,0.2637,1.0864,0.8217,0.0000,-0.0743
692eaebb9cebf0ec017ddd42,690366b20e94ce070afd1e8a,keep,-0.3962,,,23,217,229,0.8509,,,,0.7647,0.3591,0.0605,0.8941,0.1329
692ea3c0ffdc0ca6345c4256,690366b20e94ce070afd1e8a,keep,-0.3962,,poor_image,4,165,179,0.9045,,,,1.6556,0.1520,-0.4354,0.5053,-0.0081
692eac0739719ab57395b964,6903b590466be157ec64580a,keep,-0.3964,,hesitant,26,205,207,0.8689,,,,-0.5640,0.9342,-0.0024,1.3737,0.8480
692ea6d81e78e176ba6cf8ea,69070e0b9adc5c8f26f55b5a,keep,-0.3970,,jittery,0,232,234,0.9957,,,,-0.4069,1.5294,0.5606,0.6106,-0.0759
692ea30840338017b7f998eb,6903686e0e94ce070afd1f24,keep,-0.3971,,unsteady_camera,39,106,108,0.6262,,,,-0.1097,-0.2733,1.5278,0.8674,0.9593
692e993cf169106feb26ad13,6903686e0e94ce070afd1f24,keep,-0.3972,,poor_image+unsteady_camera,0,93,100,0.9394,,,,1.0182,-0.3604,1.6114,0.0000,0.1826
692eacc14e7eab2cafd26a0d,6903686e0e94ce070afd1f24,keep,-0.3977,,hesitant,6,102,104,0.9320,,,,-0.3020,-0.0949,-0.0190,3.8022,-0.4040
692e93db567c97525f40133f,6871d82a1aaf88556f0c6041,keep,-0.3978,,poor_image,1,137,139,0.9855,,,,2.0028,0.7357,-0.3493,0.0000,-0.9740
692eaeba9cebf0ec017ddd36,690366b20e94ce070afd1e8a,keep,-0.3979,,hesitant,9,188,202,0.8905,,,,0.2774,0.1216,0.7803,1.4244,-0.0179
692eb300ea43f09edf26f68b,6871d82a1aaf88556f0c6041,keep,-0.3981,,poor_image,3,97,99,0.9592,,,,1.2043,-0.0388,0.7252,0.0000,0.3130
692eae07424dbf22e75ed140,6846f7cf9cdf020d4a37a294,keep,-0.3990,,hesitant,0,182,207,0.8835,,,,0.5001,-0.1541,0.6318,1.0841,0.5584
692ea307dbc4294a49cc7229,6871d82a1aaf88556f0c6041,keep,-0.3993,,hesitant,0,100,102,0.9901,,,,0.5919,0.2216,-0.3297,1.2560,0.6484
692eabd2d52427f961fa15dd,6903686e0e94ce070afd1f24,keep,-0.3993,,hesitant,0,112,114,0.9912,,,,0.0136,0.4813,-0.1178,1.6427,0.5280
692ed7334215b056bf36e736,670be6761e62a52f6a35360d,keep,-0.3993,,unsteady_camera,0,396,398,0.9975,,,,0.2133,0.5869,2.2537,0.1330,-0.7916
692eb1402fa9ba56c08f825d,69038b590e94ce070afd2952,keep,-0.3994,,poor_image,30,215,225,0.8259,,,,1.2383,0.0719,-0.0353,0.8686,-0.0031
692eac505cd6df8b6023caa7,690cb8f69adc5c8f26f64201,keep,-0.3995,,poor_image,1,155,164,0.9448,,,,1.4838,-0.0865,-0.1901,0.4674,0.4231
692eae32aec602a46af106b2,6903686e0e94ce070afd1f24,keep,-0.3997,,,0,109,111,0.9909,0.0820,2,0.8325,0.6365,0.3809,0.0714,0.0000,0.1280
692ea477e2322e3b092b5e51,6871d82a1aaf88556f0c6041,keep,-0.3999,,incomplete,13,109,111,0.8727,,,,0.2510,0.3532,-0.1754,0.0000,2.0687
692e9d3da0e165ab2e42e3bd,6903686e0e94ce070afd1f24,keep,-0.4004,,,36,112,114,0.6726,,,,0.6088,0.5713,-0.0565,0.6840,0.4053
692eace6ad0c9ef057d41dc5,6903686e0e94ce070afd1f24,keep,-0.4004,,poor_image+incomplete,14,113,115,0.8684,,,,1.4884,-0.2146,-0.2249,0.0000,1.1174
692e9dbe68228e362d908f67,6903686e0e94ce070afd1f24,keep,-0.4009,,hesitant,3,128,130,0.9690,,,,-0.0168,0.1297,0.2993,1.7974,0.5404
692ea92999488ff84776f97b,69070e0b9adc5c8f26f55b5a,keep,-0.4011,,poor_image,0,144,146,0.9931,,,,2.1328,-0.5091,0.0757,0.0000,0.2964
692eb06dc7cb0e94dc84bcb0,690364170e94ce070afd1da5,keep,-0.4014,,hesitant,0,199,201,0.9950,,,,-0.1542,0.5774,0.4231,1.6799,0.0723
692ea4d43b319da763b71aba,69150bf42756853dcad943f2,keep,-0.4015,,hesitant,4,111,173,0.6221,,,,0.6268,-0.3986,-0.0393,1.5360,0.9717
692ea4d43b319da763b71ab6,69150bf42756853dcad943f2,keep,-0.4016,,poor_image+incomplete,34,84,128,0.3937,,,,1.3893,-0.4987,-0.0345,0.0000,1.5097
692ea2315cd6df8b6023c9a8,6871e269bc1991b1a1e463ba,keep,-0.4017,,unsteady_camera+hesitant,0,194,196,0.9949,,,,0.7885,-0.1076,1.2374,1.2558,-0.7024
692f19fd5cec8e06f0b2dc33,69070e0b9adc5c8f26f55b5a,keep,-0.4019,,jittery,0,166,176,0.9486,,,,-0.2989,1.3848,0.6652,0.0000,0.5193
692ea476e2322e3b092b5e45,6871d82a1aaf88556f0c6041,keep,-0.4019,,hesitant,1,108,110,0.9817,,,,-0.2810,0.6381,0.0056,2.0000,0.2721
692e9d6999488ff84776f872,6871d82a1aaf88556f0c6041,keep,-0.4024,,poor_image,0,91,93,0.9891,,,,1.7372,-0.2861,0.2302,0.0000,0.4101
692eaed0ffdc0ca6345c4371,6903bd580e94ce070afd33cd,keep,-0.4026,,hesitant+incomplete,67,184,216,0.5442,0.2450,2,0.6823,0.4084,0.5112,0.0304,1.0080,1.7659
692ea486c609aae267b278e1,68bc72d1fcdaacc405e3db53,keep,-0.4026,,poor_image,12,136,141,0.8857,,,,1.8808,-0.0290,0.3209,-0.3737,0.0933
692e9f8e39719ab57395b840,6871e269bc1991b1a1e463ba,keep,-0.4026,,poor_image,0,176,178,0.9944,,,,1.0705,0.3344,-0.0115,0.0000,0.7226
692eaf2c4e86f0c01a2072e2,69070e0b9adc5c8f26f55b5a,keep,-0.4029,,hesitant,0,169,172,0.9883,,,,0.0468,0.6237,0.1878,1.3498,0.2769
692ea772b77ab81b8b41ee84,6846f7cf9cdf020d4a37a294,keep,-0.4030,,poor_image,1,168,170,0.9882,,,,1.9766,-0.1417,-0.0607,-0.1760,0.3058
692eac4a5aae241ad236ee02,6903bd580e94ce070afd33cd,keep,-0.4031,,hesitant+incomplete,43,166,208,0.5942,,,,-0.5649,-0.4640,0.4519,2.4906,1.4228
692ea92b99488ff84776f98a,69070e0b9adc5c8f26f55b5a,keep,-0.4037,,incomplete,49,134,137,0.6250,,,,0.5637,-0.1581,0.2506,0.0000,1.9667
692eaabfc621d7f4aac3ab9a,6903b590466be157ec64580a,keep,-0.4037,,incomplete,61,184,233,0.5302,,,,-0.1515,-0.0505,0.1902,0.4517,2.4872
692ea4d33b319da763b71ab1,69150bf42756853dcad943f2,keep,-0.4039,,poor_image,0,172,174,0.9942,,,,1.0490,0.7783,0.2151,0.3746,-0.5031
692eaec7f169106feb26afd0,6871d82a1aaf88556f0c6041,keep,-0.4040,,hesitant+incomplete,4,109,111,0.9545,,,,-0.2331,0.3898,0.2814,1.1532,1.1586
692ea5e3854d0e0793875b78,6903bd580e94ce070afd33cd,keep,-0.4041,,,0,224,229,0.9825,,,,0.4212,0.9398,-0.1163,0.9465,-0.0429
692eaec7f169106feb26afd2,6871d82a1aaf88556f0c6041,keep,-0.4041,,unsteady_camera,0,106,111,0.9636,,,,0.2732,0.3410,1.2723,0.0000,0.6354
692ea7684e86f0c01a20723e,6871d82a1aaf88556f0c6041,keep,-0.4043,,,0,127,129,0.9922,,,,0.6778,0.6245,0.3154,0.0000,0.5611
692ea1c5a0e165ab2e42e43d,68696b41314bde44018fa510,keep,-0.4051,,unsteady_camera,0,195,197,0.9949,,,,-0.6268,-0.0401,3.5008,0.9008,-0.5657
692ef4c89ca48e15a25b2a59,690cb8f69adc5c8f26f64201,keep,-0.4051,,poor_image+unsteady_camera,0,228,230,0.9956,,,,1.0607,0.4672,1.2962,0.0000,-0.7525
692ea72692a31767e35da322,69038b590e94ce070afd2952,keep,-0.4051,,incomplete,81,188,200,0.5377,,,,0.8341,-0.2540,-0.0525,0.8110,1.2074
692ef186fbcce321dca74ea6,690cb8f69adc5c8f26f64201,keep,-0.4052,,hesitant,7,180,182,0.9558,,,,0.3893,-0.0224,0.8150,1.5308,-0.0600
692eac8792a31767e35da3b7,69070e0b9adc5c8f26f55b5a,keep,-0.4058,,incomplete,64,139,141,0.5357,,,,0.0208,0.3740,0.4430,0.0000,1.8052
692e9a32ba0400c70689fd66,68696b41314bde44018fa510,keep,-0.4058,,,0,180,182,0.9945,,,,0.7243,0.3909,-0.0643,0.9754,0.2569
692eae09424dbf22e75ed156,6846f7cf9cdf020d4a37a294,keep,-0.4064,,hesitant,12,220,222,0.9412,,,,0.0979,0.4657,0.8358,1.4379,-0.2745
692eaa5e7641010d04354710,69070e0b9adc5c8f26f55b5a,keep,-0.4066,,jittery,5,107,109,0.9444,,,,-0.0661,1.3293,0.2678,0.0000,0.6838
692eaa04c7cb0e94dc84bbea,68bc72d1fcdaacc405e3db53,keep,-0.4070,,,81,174,176,0.5314,,,,-0.2452,0.8864,0.2978,0.8787,0.7107
692ef2ceef7557106e6c4c99,69150bf42756853dcad943f2,keep,-0.4072,,jittery,11,156,158,0.9236,,,,0.3585,1.3949,-0.0303,0.0000,0.2506
692eaeae40338017b7f99a13,6903686e0e94ce070afd1f24,keep,-0.4073,,poor_image,0,105,112,0.9459,,,,1.2365,0.1712,0.9487,0.0000,-0.2091
692eaeba9cebf0ec017ddd33,690366b20e94ce070afd1e8a,keep,-0.4077,,incomplete,85,198,212,0.5355,,,,0.6760,0.7629,-0.2272,-0.2938,1.2164
692eaa04c7cb0e94dc84bbe9,68bc72d1fcdaacc405e3db53,keep,-0.4077,,jittery,0,211,213,0.9953,,,,0.0688,1.8336,-0.3291,0.8991,-0.5698
692ef6369ca48e15a25b2a81,69150bf42756853dcad943f2,keep,-0.4077,,incomplete,10,87,123,0.6311,,,,0.4739,0.2454,0.3173,0.0000,1.4580
692ea7ff4e7eab2cafd26993,690366b20e94ce070afd1e8a,keep,-0.4078,,hesitant,15,189,191,0.9158,,,,-0.2438,0.9547,0.0130,1.9880,-0.2130
692eaa637641010d04354726,69070e0b9adc5c8f26f55b5a,keep,-0.4080,,jittery,0,97,99,0.9898,,,,0.7890,1.1004,0.2605,0.0000,-0.2389
692eabe14e86f0c01a2072c5,6846f7cf9cdf020d4a37a294,keep,-0.4080,,jittery,66,180,182,0.6298,,,,0.0299,1.2716,0.2704,0.2841,0.3490
692ea6fb4e86f0c01a20722b,6903bd580e94ce070afd33cd,keep,-0.4082,,poor_image,2,144,146,0.9793,,,,2.2249,-0.7620,0.9445,0.8916,-1.1733
692eaa77dfa4113987776a61,6871e269bc1991b1a1e463ba,keep,-0.4087,,,0,201,203,0.9950,0.3107,2,0.0008,0.0819,0.7324,0.7191,0.5333,-0.1571
692eb1323b319da763b71c0b,6903686e0e94ce070afd1f24,keep,-0.4090,,,1,106,108,0.9813,0.1168,0,0.9999,-0.3662,0.5168,-0.3698,0.0000,0.0307
692efd3cef7557106e6c4dd3,6904b8d0466be157ec648ef1,keep,-0.4091,,jittery,5,200,202,0.9701,,,,0.9425,1.2391,0.7642,0.2826,-1.4556
692eac7374b24813e7597619,68bc72d1fcdaacc405e3db53,keep,-0.4093,,hesitant,10,217,225,0.9241,0.2351,0,0.9477,0.0138,0.2357,0.0458,1.1129,0.1241
692e9ed421fc595fbe6f9461,6871e269bc1991b1a1e463ba,keep,-0.4093,,unsteady_camera,0,233,235,0.9957,,,,0.1943,0.4701,1.1490,0.4603,0.2592
692ea1f0b0d3d3c9d2606998,6903686e0e94ce070afd1f24,keep,-0.4099,,jittery,1,98,100,0.9798,,,,0.0824,1.0073,-0.0550,0.9375,0.3524
692e9ee6c7cb0e94dc84bae5,6903686e0e94ce070afd1f24,keep,-0.4102,,unsteady_camera,45,105,107,0.5660,,,,-0.0003,0.2569,1.5520,0.0000,0.9343
692eabd24e86f0c01a207286,6903686e0e94ce070afd1f24,keep,-0.4103,,jittery,0,119,122,0.9835,,,,0.2642,1.3254,0.1873,0.0000,0.3003
692ea4852fa9ba56c08f811a,6903bd580e94ce070afd33cd,keep,-0.4104,,poor_image+unsteady_camera,31,191,194,0.8290,,,,1.1094,-0.1504,1.4859,-0.0613,0.0099
692ea22eb0d3d3c9d26069ad,68bc72d1fcdaacc405e3db53,keep,-0.4105,,poor_image,13,177,181,0.9111,,,,1.0854,0.8186,0.3037,-0.3737,0.0874
692ea887e2322e3b092b5eee,6903b590466be157ec64580a,keep,-0.4109,,poor_image,0,196,198,0.9949,,,,1.0131,0.7036,0.2279,-0.2128,0.2861
692eac0739719ab57395b967,6903b590466be157ec64580a,keep,-0.4109,,poor_image,0,163,165,0.9939,,,,2.7104,0.3845,-0.5319,-0.2128,-1.0213
692ef3f54215b056bf36e892,6846f7cf9cdf020d4a37a294,keep,-0.4110,,unsteady_camera,0,159,171,0.9353,,,,0.9203,-0.5927,1.8472,0.7631,-0.2248
692ea76a4e86f0c01a207251,6871d82a1aaf88556f0c6041,keep,-0.4111,,hesitant+incomplete,6,108,110,0.9358,,,,-0.5856,0.4951,0.2358,1.1638,1.6136
692eada5c609aae267b279db,690cb8f69adc5c8f26f64201,keep,-0.4112,,unsteady_camera,0,161,163,0.9938,,,,0.8838,0.2590,1.8915,0.0000,-0.7269
692ea7fe4e7eab2cafd2698b,690366b20e94ce070afd1e8a,keep,-0.4114,,hesitant,10,204,219,0.8899,,,,-0.5760,0.3676,0.4415,2.6579,0.0929
692ea97bea43f09edf26f5fb,6903686e0e94ce070afd1f24,keep,-0.4118,,poor_image,0,96,98,0.9897,,,,1.1117,0.9719,-0.1854,0.0000,-0.0571
692e9d3da0e165ab2e42e3c0,6903686e0e94ce070afd1f24,keep,-0.4120,,jittery,0,146,148,0.9932,,,,0.3643,1.1096,0.1843,0.0000,0.4888
692ea487c609aae267b278f0,68bc72d1fcdaacc405e3db53,keep,-0.4122,,poor_image,42,136,145,0.6528,,,,1.6742,-0.6714,0.8971,-0.1394,0.6233
692eb0a21e78e176ba6cf9bf,6846f7cf9cdf020d4a37a294,keep,-0.4123,,unsteady_camera+incomplete,8,178,205,0.8333,,,,0.1332,-0.1107,2.0334,-0.2418,1.0605
692ea7f5f169106feb26aed6,6903686e0e94ce070afd1f24,keep,-0.4128,,hesitant,19,110,112,0.8198,,,,-0.2369,0.2075,-0.2703,3.3926,-0.1888
692ea887e2322e3b092b5ee8,6903b590466be157ec64580a,keep,-0.4134,,poor_image,0,177,179,0.9944,0.1330,2,0.0571,2.5981,0.4119,-0.4238,0.2462,-0.4970
692e9858af371a654ce7fc3f,690cb8f69adc5c8f26f64201,keep,-0.4135,,,19,196,198,0.8985,,,,0.4442,0.8261,-0.3382,0.7734,0.5538
692e9fa197ffd8ec90340129,69150bf42756853dcad943f2,keep,-0.4141,,,14,158,203,0.7129,,,,0.5572,0.7026,0.2861,0.0000,0.7232
692ea5e3854d0e0793875b77,6903bd580e94ce070afd33cd,keep,-0.4142,,jittery,1,161,185,0.8696,0.0565,2,0.9538,0.1644,1.3082,-0.1175,0.3085,0.4953
692eaaa4dbc4294a49cc72c0,69070e0b9adc5c8f26f55b5a,keep,-0.4144,,incomplete,47,183,185,0.7391,,,,0.4077,0.0497,0.7330,0.3866,1.0953
692eaadfc609aae267b279ab,69070e0b9adc5c8f26f55b5a,keep,-0.4146,,hesitant,1,149,151,0.9867,,,,0.2306,0.0585,0.0554,2.0131,0.4000
692e99dd6974927fef249bc8,69150bf42756853dcad943f2,keep,-0.4146,,,0,186,188,0.9947,,,,0.4920,0.8640,0.7652,0.1733,-0.0703
692eaa88727c13b350cb7cfd,690362600e94ce070afd1d30,keep,-0.4150,,hesitant,0,317,319,0.9969,,,,0.2918,0.9145,0.1387,1.1813,-0.2247
692e993cf169106feb26ad17,6903686e0e94ce070afd1f24,keep,-0.4154,,poor_image,1,100,102,0.9802,,,,1.3415,0.3868,0.4057,0.0000,-0.0904
692ea19e567c97525f40148c,68696b41314bde44018fa510,keep,-0.4155,,,0,220,222,0.9955,,,,0.4136,0.9736,0.4557,0.0000,0.3717
692eabd54e86f0c01a2072a1,6903686e0e94ce070afd1f24,keep,-0.4158,,hesitant,2,100,102,0.9703,,,,0.5892,0.1033,0.3010,2.0000,-0.4295
692eaf5474b24813e759766b,6846f7cf9cdf020d4a37a294,keep,-0.4160,,,3,231,233,0.9828,,,,0.9385,0.4853,0.9058,-0.2757,0.1459
692ea8ecba0400c70689ff29,6903686e0e94ce070afd1f24,keep,-0.4162,,poor_image,0,98,100,0.9899,,,,1.7677,0.4654,0.2168,0.0000,-0.6529
692ea775dfa41139877769e9,6903686e0e94ce070afd1f24,keep,-0.4163,,hesitant+incomplete,6,74,98,0.7010,,,,0.1959,-0.4887,0.0573,2.0000,1.2961
692ea76b4e86f0c01a207257,6871d82a1aaf88556f0c6041,keep,-0.4165,,unsteady_camera,4,129,131,0.9615,,,,0.5436,0.0548,1.5056,0.0000,0.5126
692eae80d52427f961fa1628,690362600e94ce070afd1d30,keep,-0.4169,,,0,203,205,0.9951,0.1263,0,0.9960,0.6926,0.0152,-0.2799,-0.6342,0.1625
692eabde4e86f0c01a2072b0,6846f7cf9cdf020d4a37a294,keep,-0.4171,,,0,205,207,0.9951,,,,0.5189,0.5052,0.5948,0.8166,-0.0275
692ea776dfa41139877769f4,6903686e0e94ce070afd1f24,keep,-0.4174,,incomplete,53,104,106,0.4857,,,,0.9117,0.2484,-0.1379,0.0000,1.3195
692ea3305aae241ad236ed16,6903686e0e94ce070afd1f24,keep,-0.4174,,,0,104,110,0.9541,,,,0.7739,0.2118,0.7445,0.0000,0.6990
692eaa63d3d807884d4dd7cf,6903686e0e94ce070afd1f24,keep,-0.4178,,incomplete,48,103,105,0.5288,,,,0.2011,0.5352,0.3301,0.0000,1.4903
692ea7694e86f0c01a207246,6871d82a1aaf88556f0c6041,keep,-0.4179,,jittery,3,111,113,0.9643,,,,-0.0770,1.0142,0.7620,0.0000,0.7573
692ef185fbcce321dca74e9f,690cb8f69adc5c8f26f64201,keep,-0.4179,,poor_image+hesitant,8,188,190,0.9524,,,,1.0209,-0.3618,-0.0026,1.7228,0.2166
692ea1ff2c8fefa9948e8dc0,6871d6cd07c5fd75be83e337,keep,-0.4187,,incomplete,101,234,236,0.5660,,,,0.4285,-0.2532,0.5985,0.3935,1.6759
692eace7ad0c9ef057d41dcd,6903686e0e94ce070afd1f24,keep,-0.4195,,,8,109,111,0.9182,,,,0.3531,0.6242,0.6608,0.0000,0.8100
692eb225b77ab81b8b41ef77,6903686e0e94ce070afd1f24,keep,-0.4200,,hesitant,0,111,113,0.9911,,,,-0.4490,0.0579,0.2583,3.0376,0.2307
692eddda4cbe80983737fe06,690366b20e94ce070afd1e8a,keep,-0.4202,,hesitant,23,193,195,0.8763,,,,-0.5964,0.4385,0.9451,2.2548,-0.0217
692ef6359ca48e15a25b2a75,69150bf42756853dcad943f2,keep,-0.4206,,,31,144,146,0.7793,0.2508,4,0.9791,0.1878,0.7976,0.1083,0.0000,0.6731
692ea4da99488ff84776f929,6903686e0e94ce070afd1f24,keep,-0.4210,,,45,123,125,0.6290,,,,-0.1585,0.8484,0.4441,0.6233,0.8446
692e98af5aae241ad236ec06,6871d82a1aaf88556f0c6041,keep,-0.4211,,jittery,0,121,123,0.9918,,,,-0.0502,1.5009,0.3336,0.0000,0.4380
692ef163f2e4e72c033b9b2b,690cb8f69adc5c8f26f64201,keep,-0.4219,,unsteady_camera,1,191,193,0.9896,,,,0.7659,0.3684,1.3021,0.7935,-0.8439
692ea40197ffd8ec90340147,6903686e0e94ce070afd1f24,keep,-0.4221,,unsteady_camera,25,111,113,0.7679,,,,0.4848,-0.2124,1.9342,0.0000,0.6122
692ea4d999488ff84776f91b,6903686e0e94ce070afd1f24,keep,-0.4223,,hesitant,43,106,108,0.5888,,,,-0.4056,0.2118,0.5976,1.7348,0.9142
692ea698ad0c9ef057d41d11,68bc72d1fcdaacc405e3db53,keep,-0.4224,,poor_image,32,181,192,0.7801,,,,2.3514,-0.8075,0.5957,0.1561,-0.1109
692eb109567c97525f4015f3,6846f7cf9cdf020d4a37a294,keep,-0.4227,,incomplete,72,216,218,0.6636,,,,-0.0308,0.5271,-0.1564,0.5802,1.7907
692ea92b99488ff84776f989,69070e0b9adc5c8f26f55b5a,keep,-0.4231,,jittery,0,159,161,0.9938,,,,0.3021,1.0840,0.6199,0.0000,0.2623
692eaee34e7eab2cafd26a4f,6903b590466be157ec64580a,keep,-0.4231,,unsteady_camera,12,227,236,0.9149,,,,0.1017,-0.0421,1.9550,0.2694,0.6480
692ea138b77ab81b8b41edd7,68696b41314bde44018fa510,keep,-0.4235,,poor_image,0,199,202,0.9900,,,,1.3833,-0.1429,0.0461,0.8784,0.1791
692ea69daec602a46af1059e,6903686e0e94ce070afd1f24,keep,-0.4235,,,5,106,108,0.9439,,,,0.8082,0.0331,0.2842,0.8674,0.5512
692eabd3d52427f961fa15e0,6903686e0e94ce070afd1f24,keep,-0.4242,,hesitant,12,113,115,0.8860,,,,-0.1562,0.2203,-0.0700,3.3559,-0.4128
692eaaa2dbc4294a49cc72af,69070e0b9adc5c8f26f55b5a,keep,-0.4243,,poor_image,10,162,164,0.9325,,,,1.3032,-0.0413,0.8667,0.0000,0.2104
692ea8fa727c13b350cb7caf,6903bd580e94ce070afd33cd,keep,-0.4244,,unsteady_camera,21,162,166,0.8545,,,,-0.0596,0.8537,1.8575,-0.2210,0.1434
692eaf0b854d0e0793875c93,6871d82a1aaf88556f0c6041,keep,-0.4245,,,1,86,90,0.9551,,,,0.4518,0.5429,0.7712,0.0000,0.7082
692e9c1bc621d7f4aac3a9d4,69150bf42756853dcad943f2,keep,-0.4246,,poor_image,0,119,121,0.9917,,,,2.0025,-0.2978,0.2928,0.0000,0.1225
692eac2eaec602a46af10676,6903686e0e94ce070afd1f24,keep,-0.4246,,poor_image,0,70,91,0.7778,,,,1.4881,-0.3764,0.3993,0.0000,0.9055
692eaee739719ab57395b994,6903bd580e94ce070afd33cd,keep,-0.4248,,,0,190,192,0.9948,,,,-0.0054,0.9124,0.8074,0.9628,-0.1568
692eab68d3d807884d4dd7fa,69070e0b9adc5c8f26f55b5a,keep,-0.4253,,unsteady_camera,0,133,135,0.9925,,,,-0.1254,-0.0256,2.0240,0.8613,0.3182
692eafdcb8797912ff78a8fa,6903b590466be157ec64580a,keep,-0.4257,,hesitant+incomplete,44,160,162,0.7205,,,,-0.0358,0.5841,-0.4125,1.3097,1.2599
692eaebb9cebf0ec017ddd44,690366b20e94ce070afd1e8a,keep,-0.4257,,jittery+unsteady_camera,19,196,201,0.8850,,,,0.1484,1.2024,1.0007,0.0448,-0.0918
692e9d3da0e165ab2e42e3c4,6903686e0e94ce070afd1f24,keep,-0.4259,,jittery,1,149,151,0.9867,,,,-0.0776,1.3068,-0.1707,0.6188,0.6895
692ea69b74b24813e759758b,690364170e94ce070afd1da5,keep,-0.4261,,,6,229,231,0.9696,,,,-0.0836,0.9608,0.9072,0.3963,0.3632
692e98927641010d04354574,690cb8f69adc5c8f26f64201,keep,-0.4264,,hesitant,0,203,206,0.9902,,,,-0.0451,0.1779,0.9750,2.0000,-0.1893
692eaa631e78e176ba6cf93e,6903b590466be157ec64580a,keep,-0.4265,,unsteady_camera,1,219,238,0.9198,,,,-0.0999,0.7023,1.4245,0.2653,0.3923
692ef15d45175992cd6a0d15,6871d82a1aaf88556f0c6041,keep,-0.4266,,incomplete,12,90,92,0.8571,,,,0.4263,0.4309,0.2085,0.0000,1.4919
692eac7b95aad87d3e3446bd,690366b20e94ce070afd1e8a,keep,-0.4269,,incomplete,111,212,235,0.4316,,,,0.3087,0.7176,0.0197,-0.0044,1.4331
692e9b2daf371a654ce7fc94,6903bd580e94ce070afd33cd,keep,-0.4269,,hesitant+incomplete,43,150,182,0.5912,0.1341,3,0.9640,-0.4286,-0.2240,0.0527,1.1791,1.5938
692ea7e22fa9ba56c08f816e,69038b590e94ce070afd2952,keep,-0.4274,,incomplete,75,158,181,0.4611,,,,0.2644,0.2366,0.5236,0.3462,1.3709
692ea487c609aae267b278eb,68bc72d1fcdaacc405e3db53,keep,-0.4282,,poor_image,35,173,176,0.7886,,,,2.2745,-0.2573,0.1084,-0.3737,0.2367
692ee6275cec8e06f0b2da84,6903a36c466be157ec64562d,keep,-0.4283,,,0,235,237,0.9958,,,,0.7596,0.8500,0.6777,-0.3171,0.2226
692ea4d974b24813e7597554,690cb8f69adc5c8f26f64201,keep,-0.4284,,unsteady_camera,2,214,218,0.9770,,,,-0.1151,0.7035,1.1823,0.5747,0.3593
692eac7474b24813e7597620,68bc72d1fcdaacc405e3db53,keep,-0.4285,,unsteady_camera,17,186,190,0.8942,,,,0.5088,0.1607,1.8709,0.1617,-0.0372
692ea6fb4e86f0c01a20722d,6903bd580e94ce070afd33cd,keep,-0.4285,,poor_image,35,213,215,0.8318,,,,1.4131,0.3242,0.3243,0.1904,-0.1210
692eaf2d4e86f0c01a2072ed,69070e0b9adc5c8f26f55b5a,keep,-0.4285,,jittery,0,191,193,0.9948,,,,-0.2486,1.8518,-0.0432,0.3705,0.2677
692ea1eeb0d3d3c9d260698b,6903686e0e94ce070afd1f24,keep,-0.4286,,poor_image,22,108,112,0.7748,,,,1.6264,-0.1578,0.4315,0.0000,0.3658
692ef056245e9187290070dc,6846f7cf9cdf020d4a37a294,keep,-0.4288,,hesitant,43,222,224,0.8027,,,,-0.0251,0.4665,-0.2073,2.2918,0.2552
692ea69daec602a46af105a2,6903686e0e94ce070afd1f24,keep,-0.4289,,,8,106,108,0.9159,,,,0.5863,0.4683,-0.1147,0.7223,0.8124
692eae53c621d7f4aac3abc9,6846f7cf9cdf020d4a37a294,keep,-0.4289,,poor_image,0,164,177,0.9318,,,,1.9274,-0.8711,0.1277,0.9968,0.2935
692ea80f92a31767e35da347,6903686e0e94ce070afd1f24,keep,-0.4289,,,45,120,122,0.6198,,,,0.4092,0.7394,-0.2500,0.6388,0.8910
692e9a9bc621d7f4aac3a9ac,6904b8d0466be157ec648ef1,keep,-0.4290,,hesitant+incomplete,0,105,164,0.6442,,,,0.1064,-0.3528,-0.2461,2.0000,1.6188
692eab68567c97525f401553,690362600e94ce070afd1d30,keep,-0.4291,,,73,310,316,0.7524,,,,0.6920,0.2867,0.8332,-0.1269,0.8295
692e9fa292a31767e35da231,69150bf42756853dcad943f2,keep,-0.4292,,poor_image,0,165,170,0.9763,,,,1.2253,0.8305,-0.0222,0.1917,-0.2488
692e9f8d39719ab57395b834,6871e269bc1991b1a1e463ba,keep,-0.4299,,unsteady_camera,0,174,176,0.9943,,,,-0.1214,0.5430,1.0923,0.3498,0.9346
692eaaad2c8fefa9948e8e94,68bc72d1fcdaacc405e3db53,keep,-0.4305,,poor_image,0,221,227,0.9779,0.6024,4,0.9978,1.5470,0.5043,-0.5515,0.4843,0.0038
692eace7ad0c9ef057d41dce,6903686e0e94ce070afd1f24,keep,-0.4306,,poor_image,40,104,106,0.6095,,,,1.2967,0.0630,-0.0167,0.0000,0.9910
692ea8ebba0400c70689ff23,6903686e0e94ce070afd1f24,keep,-0.4306,,poor_image,0,111,113,0.9911,,,,1.1945,0.4556,0.9257,0.0000,-0.3865
692ed684952b26f4cc71a443,690366b20e94ce070afd1e8a,keep,-0.4308,,jittery+unsteady_camera,0,171,195,0.8814,,,,-0.4377,1.2474,1.9344,-0.2938,0.1603
692eaa60d3d807884d4dd7b5,6903686e0e94ce070afd1f24,keep,-0.4309,,hesitant,27,90,92,0.6923,,,,0.5954,-0.0328,0.2135,1.0199,0.9386
692ea7e32fa9ba56c08f8178,69038b590e94ce070afd2952,keep,-0.4313,,hesitant,24,213,217,0.8750,,,,0.4450,-0.0208,0.6882,1.4965,0.1979
692eac2aaec602a46af1064e,6903686e0e94ce070afd1f24,keep,-0.4314,,jittery,10,111,114,0.8938,,,,0.6422,1.0734,0.1229,0.0000,0.3235
692eab63424dbf22e75ed0f9,68696b41314bde44018fa510,keep,-0.4317,,unsteady_camera,0,184,190,0.9735,,,,-0.6178,0.0826,3.4591,0.0000,0.3654
692ea76a4e86f0c01a20724f,6871d82a1aaf88556f0c6041,keep,-0.4319,,jittery+hesitant,0,145,148,0.9864,,,,-0.5992,1.0539,-0.0232,1.7259,0.6384
692eaef496d2056439f01953,690366b20e94ce070afd1e8a,keep,-0.4319,,poor_image+unsteady_camera+hesitant,0,81,94,0.8710,,,,1.5679,-0.6856,1.5446,1.8904,-1.7347
692ef4e84215b056bf36e8a5,69150bf42756853dcad943f2,keep,-0.4320,,hesitant+incomplete,38,135,166,0.5879,,,,0.3054,-0.3199,0.2081,1.0675,1.7701
692ea0bd727c13b350cb7bf1,6903686e0e94ce070afd1f24,keep,-0.4320,,,0,94,96,0.9895,,,,0.5410,0.4060,0.4166,0.8136,0.3735
692e8c90aec602a46af102f4,6904b8d0466be157ec648ef1,keep,-0.4320,,incomplete,46,206,221,0.7273,,,,0.7396,0.0826,-0.1029,0.1743,1.7195
692ea4adc609aae267b278fe,68696b41314bde44018fa510,keep,-0.4325,,jittery+incomplete,4,177,181,0.9611,,,,0.3256,1.1407,-0.3298,0.0000,1.1575
692ea80e92a31767e35da33e,6903686e0e94ce070afd1f24,keep,-0.4327,,hesitant,0,122,124,0.9919,,,,0.4178,0.6854,-0.3495,1.2567,0.4670
692eaebb9cebf0ec017ddd46,690366b20e94ce070afd1e8a,keep,-0.4330,,hesitant,0,185,198,0.9391,,,,0.3598,0.8346,0.3173,1.1503,-0.2281
692ea4d999488ff84776f91a,6903686e0e94ce070afd1f24,keep,-0.4334,,,0,102,104,0.9903,0.1594,0,0.9895,0.2874,0.1365,-0.0696,0.0000,0.3535
692e8e504e86f0c01a207007,6904b8d0466be157ec648ef1,keep,-0.4338,,poor_image,0,308,313,0.9872,,,,1.8589,0.1921,0.1435,0.4917,-0.6753
692ef4c79ca48e15a25b2a50,690cb8f69adc5c8f26f64201,keep,-0.4338,,poor_image,0,224,226,0.9956,,,,1.5839,0.6184,0.4853,0.2772,-1.0294
692ea9bc95aad87d3e344666,6903686e0e94ce070afd1f24,keep,-0.4339,,hesitant,5,180,182,0.9669,,,,0.2335,-0.0216,0.2976,1.7938,0.6279
692e9fb89cebf0ec017ddc13,68bc72d1fcdaacc405e3db53,keep,-0.4342,,,0,222,225,0.9911,,,,0.7067,0.9371,0.3366,0.3792,-0.1424
692eb29fffdc0ca6345c43d9,69070e0b9adc5c8f26f55b5a,keep,-0.4344,,poor_image,5,126,128,0.9528,,,,1.4772,0.4449,-0.0677,0.0000,0.2255
692eaf3799488ff84776fa33,690362600e94ce070afd1d30,keep,-0.4344,,,3,284,304,0.9274,,,,0.4171,0.3111,0.9135,0.2164,0.8187
692eb3055aae241ad236ee99,6846f7cf9cdf020d4a37a294,keep,-0.4344,,,0,207,209,0.9952,,,,0.8716,0.9528,0.2476,0.2050,-0.1480
692eaee396d2056439f01944,68696b41314bde44018fa510,keep,-0.4351,,poor_image,0,224,226,0.9956,,,,1.4760,0.3844,0.0468,0.0000,0.2085
692eaabec621d7f4aac3ab8e,6903b590466be157ec64580a,keep,-0.4352,,hesitant+incomplete,17,193,218,0.8111,,,,-0.1609,0.1417,-0.1800,1.7729,1.4822
692eb01fad0c9ef057d41e24,690366b20e94ce070afd1e8a,keep,-0.4354,,unsteady_camera,41,216,221,0.7955,,,,-0.1594,0.5001,1.1011,0.9993,0.4360
692eb3e06974927fef249d8c,6903686e0e94ce070afd1f24,keep,-0.4355,,incomplete,40,106,108,0.6168,,,,0.2968,0.2647,0.9076,0.0000,1.2983
692e977c74b24813e75973f7,69150bf42756853dcad943f2,keep,-0.4355,,jittery,0,128,131,0.9846,,,,0.0180,1.1781,0.2267,0.6774,0.3503
692eaa63d3d807884d4dd7d2,6903686e0e94ce070afd1f24,keep,-0.4357,,unsteady_camera,0,97,99,0.9898,,,,0.9123,-0.1516,1.4412,0.0000,0.4673
692e9d3ba0e165ab2e42e3b1,6903686e0e94ce070afd1f24,keep,-0.4363,,hesitant,15,114,116,0.8609,,,,0.0309,0.0443,0.1638,2.8071,-0.0292
692e9d4739719ab57395b7fd,6903bd580e94ce070afd33cd,keep,-0.4365,,hesitant,0,169,177,0.9602,,,,0.2424,-0.1672,0.6626,2.2994,-0.0193
692eb0819cebf0ec017dddcf,69070e0b9adc5c8f26f55b5a,keep,-0.4367,,incomplete,25,124,132,0.7557,,,,0.1822,0.6422,0.5156,0.0000,1.3045
692eac0739719ab57395b962,6903b590466be157ec64580a,keep,-0.4367,,jittery+hesitant,8,192,194,0.9534,,,,-0.5532,1.1418,0.1096,1.9989,0.0656
692eaeba9cebf0ec017ddd31,690366b20e94ce070afd1e8a,keep,-0.4368,,poor_image,56,192,205,0.6667,,,,1.1279,-0.0305,-0.1610,0.8022,0.7700
692eafd6eee2f8cb10d0f8d2,6846f7cf9cdf020d4a37a294,keep,-0.4368,,jittery,0,185,216,0.8605,,,,0.6495,1.2761,-0.3071,-0.2416,0.7182
692edf784215b056bf36e761,690362600e94ce070afd1d30,keep,-0.4369,,,0,266,268,0.9963,,,,0.7507,0.8152,0.4177,-0.2191,0.5109
692ee8694215b056bf36e817,6846f7cf9cdf020d4a37a294,keep,-0.4370,,poor_image+jittery,0,212,214,0.9953,,,,1.2579,1.3829,-0.0158,-0.2372,-0.6491
692eaa62d3d807884d4dd7c7,6903686e0e94ce070afd1f24,keep,-0.4373,,hesitant,31,98,100,0.6768,,,,0.1938,0.0983,0.1767,1.8750,0.5711
692eeeaf0ba268eb16564a87,69150bf42756853dcad943f2,keep,-0.4376,,incomplete,0,93,153,0.6118,0.1361,2,0.3432,0.8134,0.5269,-0.1317,0.2132,1.4612
692ea25ad52427f961fa14db,6871e269bc1991b1a1e463ba,keep,-0.4376,,hesitant,0,228,230,0.9956,,,,-0.2139,0.2557,0.2993,2.4805,0.2208
692eac8792a31767e35da3ba,69070e0b9adc5c8f26f55b5a,keep,-0.4378,,jittery,0,146,150,0.9799,,,,-0.0111,1.7245,0.2396,0.7746,-0.5199
692ee61eb07e0e30ff1131d9,6846f7cf9cdf020d4a37a294,keep,-0.4378,,poor_image+unsteady_camera,1,169,171,0.9882,,,,1.4840,0.2460,1.0902,-0.7063,0.0859
692ea0f3b05428c72fb37496,690cb8f69adc5c8f26f64201,keep,-0.4378,,,3,166,168,0.9760,,,,0.8702,0.9568,0.7529,0.0000,-0.4288
692ede43952b26f4cc71a49c,670be6761e62a52f6a35360d,keep,-0.4380,,jittery,7,425,427,0.9812,,,,-0.0124,2.8222,0.6574,-0.8019,-1.0044
692eace31e78e176ba6cf961,6903bd580e94ce070afd33cd,keep,-0.4380,,unsteady_camera,60,221,223,0.7252,,,,0.1275,0.8886,1.2257,-0.0958,0.4119
692e9a5a2fa9ba56c08f8050,6903686e0e94ce070afd1f24,keep,-0.4381,,poor_image,5,103,105,0.9423,0.0445,2,0.5676,1.0210,-0.2530,0.0767,0.0000,0.7195
692ea2c4dfa41139877769a1,6904b8d0466be157ec648ef1,keep,-0.4381,,jittery+unsteady_camera,12,224,226,0.9422,,,,-0.0013,1.0263,1.3855,0.1705,-0.0268
692ea1c5a0e165ab2e42e43a,68696b41314bde44018fa510,keep,-0.4382,,hesitant+incomplete,24,168,170,0.8521,,,,0.4489,-0.1105,-0.5971,1.4337,1.7233
692ea139b77ab81b8b41edde,68696b41314bde44018fa510,keep,-0.4384,,,0,206,210,0.9856,0.2550,3,0.9780,0.5265,0.2309,-0.0880,0.0000,0.7972
692eab1cb77ab81b8b41eeec,6903b590466be157ec64580a,keep,-0.4384,,poor_image+jittery,0,171,173,0.9942,0.1700,3,0.5641,1.0293,1.1637,0.0006,0.2623,-0.8583
692ea16596d2056439f017cf,6903686e0e94ce070afd1f24,keep,-0.4387,,poor_image,3,91,93,0.9565,,,,1.2380,0.1582,0.4937,0.0000,0.4828
692ea0f3b05428c72fb3749b,690cb8f69adc5c8f26f64201,keep,-0.4387,,unsteady_camera+hesitant,1,189,191,0.9895,,,,-0.1934,0.1815,1.3823,2.1874,-0.4810
692ea2c5dfa41139877769b3,6904b8d0466be157ec648ef1,keep,-0.4387,,unsteady_camera+incomplete,41,192,194,0.7824,,,,-0.1005,0.2886,1.2044,0.1987,1.3856
692e9938f169106feb26acf3,6903686e0e94ce070afd1f24,keep,-0.4389,,poor_image,0,93,103,0.9118,,,,1.8783,-0.0225,-0.0994,0.0000,0.3877
692eac8a92a31767e35da3d2,69070e0b9adc5c8f26f55b5a,keep,-0.4390,,jittery+unsteady_camera,0,178,180,0.9944,,,,-0.2340,1.1664,1.6097,0.3974,-0.3325
692ea3305aae241ad236ed22,6903686e0e94ce070afd1f24,keep,-0.4393,,unsteady_camera,0,103,105,0.9904,,,,0.9211,-0.5348,1.2181,0.7432,0.5343
692eabd24e86f0c01a207284,6903686e0e94ce070afd1f24,keep,-0.4393,,unsteady_camera,0,101,105,0.9712,,,,0.8198,0.0874,1.4311,0.0000,0.2833
692eabd54e86f0c01a2072a5,6903686e0e94ce070afd1f24,keep,-0.4393,,jittery,0,91,93,0.9891,,,,0.8988,1.0141,0.1257,0.8401,-0.7598
692e9ee5c7cb0e94dc84bad7,6903686e0e94ce070afd1f24,keep,-0.4395,,jittery,35,100,102,0.6436,,,,0.4045,1.1339,0.0265,0.0000,0.7426
692ea69caec602a46af10595,6903686e0e94ce070afd1f24,keep,-0.4395,,,47,107,109,0.5556,,,,0.0938,0.8665,0.8524,0.0000,0.7840
692e9828ea43f09edf26f444,6871e269bc1991b1a1e463ba,keep,-0.4397,,hesitant,0,197,211,0.9381,,,,0.2409,0.0403,-0.2566,2.1218,0.7910
692e9748ba0400c70689fcf9,69150bf42756853dcad943f2,keep,-0.4397,,jittery+hesitant,0,126,128,0.9921,,,,-0.1493,1.6338,0.2676,1.3869,-0.8032
692eabd34e86f0c01a207294,6903686e0e94ce070afd1f24,keep,-0.4403,,,0,91,93,0.9891,0.1121,3,0.9332,-0.0757,0.4616,0.0516,0.0000,0.3166
692e976e40338017b7f997bd,69038b590e94ce070afd2952,keep,-0.4405,,unsteady_camera,11,282,284,0.9576,0.0735,0,0.3150,-0.4884,0.2791,1.1308,-0.5144,-0.2063
692e9749ba0400c70689fd03,69150bf42756853dcad943f2,keep,-0.4406,,jittery,0,136,138,0.9927,,,,0.0853,1.2219,0.0614,0.8793,0.1825
692ea137b77ab81b8b41edcc,68696b41314bde44018fa510,keep,-0.4408,,jittery,0,193,195,0.9948,,,,-0.2954,1.3357,0.9717,0.0000,0.5537
692ea8fb727c13b350cb7cb7,6903bd580e94ce070afd33cd,keep,-0.4410,,unsteady_camera,18,182,184,0.8962,,,,0.1108,0.4940,1.2918,0.7788,0.1089
692eab3297ffd8ec90340205,69070e0b9adc5c8f26f55b5a,keep,-0.4415,,,0,195,197,0.9949,,,,0.4886,0.7922,-0.0761,0.7259,0.5198
692ea19d567c97525f401487,68696b41314bde44018fa510,keep,-0.4426,,poor_image,0,235,237,0.9958,,,,1.8193,0.3982,-0.4371,0.0000,0.2092
692eeefeef7557106e6c4c67,68bc72d1fcdaacc405e3db53,keep,-0.4428,,jittery,46,146,149,0.6757,,,,-0.3712,2.2785,0.3792,0.2528,-0.3932
692ea4d899488ff84776f913,6903686e0e94ce070afd1f24,keep,-0.4430,,unsteady_camera+incomplete,66,139,141,0.5214,,,,0.1187,-0.0099,1.3443,0.0000,1.5936
692e9dbf68228e362d908f6c,6903686e0e94ce070afd1f24,keep,-0.4432,,hesitant,55,151,153,0.6316,,,,0.0684,0.5153,-0.0291,1.6276,0.6280
692eac8592a31767e35da3aa,69070e0b9adc5c8f26f55b5a,keep,-0.4437,,hesitant,3,152,154,0.9739,,,,0.2608,0.6301,0.3487,1.3949,0.0262
692eac7374b24813e7597610,68bc72d1fcdaacc405e3db53,keep,-0.4439,,poor_image,25,227,232,0.8745,,,,1.8848,-0.1228,0.3675,-0.0816,0.1781
692ea6fa4e86f0c01a20721f,6903bd580e94ce070afd33cd,keep,-0.4440,,jittery,63,246,250,0.7349,,,,0.2084,1.1698,0.1470,0.8459,0.0480
692ea670dbc4294a49cc7272,6871e269bc1991b1a1e463ba,keep,-0.4441,,incomplete,41,180,182,0.7680,,,,0.3042,-0.0457,-0.2163,0.0000,2.9373
692eb1333b319da763b71c14,6903686e0e94ce070afd1f24,keep,-0.4443,,,0,116,118,0.9915,,,,0.7409,0.7144,-0.3313,0.6606,0.5976
692ef771fbcce321dca74f19,69150bf42756853dcad943f2,keep,-0.4443,,jittery,0,169,171,0.9941,,,,0.4876,1.4560,0.3510,0.0000,-0.1559
692eab67567c97525f401550,690362600e94ce070afd1d30,keep,-0.4447,,hesitant,0,325,338,0.9644,,,,-0.0326,0.7720,0.2059,1.0790,0.7192
692eacc44e7eab2cafd26a2a,6903686e0e94ce070afd1f24,keep,-0.4455,,jittery,0,104,106,0.9905,,,,0.3480,1.4520,0.2596,0.0000,0.1591
692ea695727c13b350cb7c8b,69070e0b9adc5c8f26f55b5a,keep,-0.4459,,jittery,0,145,151,0.9667,,,,0.1930,1.4772,0.1176,0.4743,0.0239
692ed3f9f2e4e72c033b9975,6871e269bc1991b1a1e463ba,keep,-0.4459,,hesitant,0,232,234,0.9957,,,,-0.4209,0.8562,0.1720,1.3869,0.9092
692eb3025aae241ad236ee81,6846f7cf9cdf020d4a37a294,keep,-0.4461,,poor_image,0,197,199,0.9949,,,,1.3149,0.6247,0.6229,0.7037,-1.1136
692ef6040ba268eb16564b12,6903bd580e94ce070afd33cd,keep,-0.4463,,jittery,0,228,231,0.9913,,,,0.4837,1.3172,-0.0362,0.5368,-0.0781
692eaaae2c8fefa9948e8ea0,68bc72d1fcdaacc405e3db53,keep,-0.4463,,unsteady_camera,5,165,177,0.9091,,,,0.8445,0.1133,1.5478,0.0096,0.1302
692ea6d91e78e176ba6cf8ec,69070e0b9adc5c8f26f55b5a,keep,-0.4464,,,0,170,172,0.9942,,,,0.7820,0.8953,0.1267,0.4160,0.0664
692ea9f35aae241ad236edc8,6903b590466be157ec64580a,keep,-0.4466,,poor_image,0,203,205,0.9951,,,,1.6962,0.2976,0.3400,-0.0125,-0.1922
692eaae0c609aae267b279b2,69070e0b9adc5c8f26f55b5a,keep,-0.4472,,poor_image,0,90,92,0.9890,0.1188,1,0.8696,3.2493,-1.1818,-0.2488,0.0000,-0.2009
692ef4e74215b056bf36e89f,69150bf42756853dcad943f2,keep,-0.4474,,,0,106,108,0.9907,,,,0.7452,0.2397,0.6613,0.8230,0.1702
692ef186fbcce321dca74ea7,690cb8f69adc5c8f26f64201,keep,-0.4475,,,8,220,223,0.9550,,,,0.2904,0.5123,0.6310,0.8427,0.4544
692eaabdc621d7f4aac3ab8b,6903b590466be157ec64580a,keep,-0.4475,,hesitant,6,197,212,0.9052,,,,0.1087,0.8654,-0.4497,1.3361,0.7849
692ef6040ba268eb16564b13,6903bd580e94ce070afd33cd,keep,-0.4478,,incomplete,75,194,204,0.5862,,,,0.0851,0.3185,0.3261,0.6197,1.5835
692e9a5a9cebf0ec017ddb4b,6904b8d0466be157ec648ef1,keep,-0.4482,,incomplete,47,213,215,0.7757,,,,-0.4416,0.9948,-0.2179,0.9823,1.5432
692eaa07c7cb0e94dc84bbfe,68bc72d1fcdaacc405e3db53,keep,-0.4486,,unsteady_camera,61,165,167,0.6265,,,,0.7691,-0.2161,2.1409,-0.3737,0.5436
692e9d97d3d807884d4dd663,6903686e0e94ce070afd1f24,keep,-0.4489,,poor_image,4,113,115,0.9561,,,,1.5102,0.8386,0.0482,0.0000,-0.4293
692ee8684215b056bf36e80d,6846f7cf9cdf020d4a37a294,keep,-0.4491,,poor_image+jittery,0,235,237,0.9958,,,,1.1865,1.0729,0.4631,-0.7063,-0.0024
692e93da567c97525f401332,6871d82a1aaf88556f0c6041,keep,-0.4491,,poor_image,2,128,130,0.9767,,,,1.3588,0.2043,0.4708,0.0000,0.3281
692eae31aec602a46af106a8,6903686e0e94ce070afd1f24,keep,-0.4491,,jittery,0,110,112,0.9910,,,,0.2237,1.3369,-0.1495,0.6963,0.2561
692eab62424dbf22e75ed0f2,68696b41314bde44018fa510,keep,-0.4494,,jittery,1,178,180,0.9888,,,,-0.2521,1.3411,-0.0565,0.9863,0.5827
692eaae0c609aae267b279ad,69070e0b9adc5c8f26f55b5a,keep,-0.4494,,poor_image+incomplete,15,116,118,0.8632,,,,1.5643,-0.5804,0.6518,0.0000,1.0184
692ea1a93b319da763b71a34,69070e0b9adc5c8f26f55b5a,keep,-0.4501,,jittery,28,144,146,0.8000,,,,0.3048,1.5624,-0.0306,0.0000,0.3806
692ea967727c13b350cb7ccb,6903686e0e94ce070afd1f24,keep,-0.4503,,jittery,7,123,125,0.9355,,,,-0.4263,1.6069,-0.1703,0.7485,0.8026
692eaeaf40338017b7f99a17,6903686e0e94ce070afd1f24,keep,-0.4504,,poor_image,45,98,100,0.5354,,,,1.1887,0.2229,0.4490,0.0000,0.5864
692e98f040338017b7f997d5,6871d82a1aaf88556f0c6041,keep,-0.4510,,hesitant,0,114,116,0.9913,,,,-0.3504,0.2776,0.7912,3.1031,-0.6284
692eb1eed52427f961fa167b,69070e0b9adc5c8f26f55b5a,keep,-0.4510,,jittery,0,170,172,0.9942,,,,0.7402,1.1226,0.2629,0.0000,0.1001
692ea40497ffd8ec90340162,6903686e0e94ce070afd1f24,keep,-0.4510,,unsteady_camera,0,114,116,0.9913,,,,0.1229,0.2516,2.1020,0.0000,0.4934
692ef2d0ef7557106e6c4c9f,69150bf42756853dcad943f2,keep,-0.4511,,unsteady_camera,1,129,131,0.9846,,,,0.5814,0.4490,1.1520,0.2492,0.2105
692eab68d3d807884d4dd7f8,69070e0b9adc5c8f26f55b5a,keep,-0.4516,,hesitant+incomplete,36,110,119,0.6271,,,,-0.3318,-0.0665,0.0972,1.5809,2.0804
692e8e504e86f0c01a207004,6904b8d0466be157ec648ef1,keep,-0.4523,,jittery,0,234,236,0.9957,,,,0.3364,1.3718,0.0224,0.8160,-0.2348
692ea3a0a0e165ab2e42e461,690364170e94ce070afd1da5,keep,-0.4525,,,0,237,239,0.9958,,,,0.8168,0.6678,0.0084,0.5436,0.3888
692ea30440338017b7f998c4,6903686e0e94ce070afd1f24,keep,-0.4528,,unsteady_camera,0,110,112,0.9910,,,,0.0848,-0.1398,1.9319,0.6963,0.6240
692ea19d567c97525f401486,68696b41314bde44018fa510,keep,-0.4533,,,0,243,245,0.9959,,,,0.5862,0.6252,-0.0373,0.9930,0.4000
692eac0792a31767e35da392,6846f7cf9cdf020d4a37a294,keep,-0.4534,,unsteady_camera+incomplete,74,182,217,0.5000,,,,-0.4310,0.5156,1.3224,-0.2438,1.9683
692eabd44e86f0c01a207295,6903686e0e94ce070afd1f24,keep,-0.4540,,,33,101,103,0.6667,0.0939,3,0.6096,0.2332,-0.3010,0.6316,0.0000,0.6861
692eb1313b319da763b71bff,6903686e0e94ce070afd1f24,keep,-0.4543,,hesitant,32,109,113,0.6875,,,,-0.3940,0.7932,0.0383,2.0000,0.5430
692eb29effdc0ca6345c43d4,69070e0b9adc5c8f26f55b5a,keep,-0.4544,,incomplete,55,113,115,0.5088,,,,0.1430,0.1197,0.3778,0.0000,2.4087
692e993af169106feb26ad01,6903686e0e94ce070afd1f24,keep,-0.4552,,poor_image+unsteady_camera,2,92,98,0.9278,,,,1.2607,-0.7224,2.0209,0.0000,0.3578
692eaa647641010d04354736,69070e0b9adc5c8f26f55b5a,keep,-0.4566,,jittery+unsteady_camera,7,105,107,0.9245,,,,-0.3904,1.0692,1.2122,0.0000,0.9657
692eaf88526b2c3ac5f5b500,6903bd580e94ce070afd33cd,keep,-0.4567,,jittery,0,205,210,0.9809,,,,0.6639,1.5561,0.5304,-0.0685,-0.5952
692e9e50b8797912ff78a76a,6903bd580e94ce070afd33cd,keep,-0.4567,,hesitant,0,136,148,0.9252,,,,0.6331,0.0750,0.0109,1.9907,0.1332
692eaaae2c8fefa9948e8e9e,68bc72d1fcdaacc405e3db53,keep,-0.4575,,poor_image+unsteady_camera,9,201,203,0.9505,,,,1.6859,-0.2348,1.1734,0.0853,-0.2330
692ead1affdc0ca6345c4353,6846f7cf9cdf020d4a37a294,keep,-0.4590,,hesitant,26,216,218,0.8756,,,,-0.0521,0.3824,0.1368,2.1207,0.4598
692ef4c89ca48e15a25b2a60,690cb8f69adc5c8f26f64201,keep,-0.4593,,,2,217,222,0.9729,,,,0.8630,0.2484,0.2357,0.9716,0.3409
692ef220b07e0e30ff113283,690cb8f69adc5c8f26f64201,keep,-0.4596,,poor_image,3,205,207,0.9806,,,,1.5749,0.7421,-0.0119,0.3698,-0.6166
692eac87eee2f8cb10d0f8a5,6903b590466be157ec64580a,keep,-0.4597,,poor_image,2,167,169,0.9821,,,,1.0973,0.4256,0.8077,0.0304,0.0956
692e974aba0400c70689fd0a,69150bf42756853dcad943f2,keep,-0.4602,,poor_image+unsteady_camera,0,130,132,0.9924,,,,1.0073,-0.0209,1.8552,0.0000,-0.1132
692eaadfc609aae267b279a5,69070e0b9adc5c8f26f55b5a,keep,-0.4603,,jittery,0,159,161,0.9938,,,,0.4903,1.8304,-0.4126,0.0000,0.1537
692eb302ea43f09edf26f699,6871d82a1aaf88556f0c6041,keep,-0.4607,,incomplete,14,114,116,0.8696,,,,0.6680,0.2761,0.5170,0.0000,1.2914
692eafb0f169106feb26afed,690cb8f69adc5c8f26f64201,keep,-0.4608,,hesitant,1,180,194,0.9275,,,,0.3088,-0.0039,0.6216,1.3640,0.7827
692ea0efad0c9ef057d41c9b,68bc72d1fcdaacc405e3db53,keep,-0.4613,,hesitant,33,212,214,0.8404,,,,0.2353,0.3249,0.9034,1.7045,-0.2188
692ef186fbcce321dca74ea9,690cb8f69adc5c8f26f64201,keep,-0.4618,,jittery+hesitant,19,214,216,0.9070,,,,-0.7909,1.1539,-0.1397,1.8688,0.9592
692eb06cc7cb0e94dc84bcae,690364170e94ce070afd1da5,keep,-0.4619,,poor_image+hesitant,0,229,231,0.9957,,,,1.0134,0.0853,0.4103,1.1833,-0.0084
692eac4e5cd6df8b6023ca99,690cb8f69adc5c8f26f64201,keep,-0.4627,,poor_image,0,178,195,0.9175,,,,1.6711,-0.0831,0.0036,0.0000,0.8535
692ea8ecba0400c70689ff2e,6903686e0e94ce070afd1f24,keep,-0.4629,,poor_image+unsteady_camera,1,91,95,0.9574,,,,1.1229,-0.2385,2.1483,0.0000,-0.2347
692ea6fb4e86f0c01a20722c,6903bd580e94ce070afd33cd,keep,-0.4638,,poor_image,0,188,209,0.9038,,,,1.9502,0.3437,0.5005,0.3725,-1.0673
692e9fc15aae241ad236ecc9,690362600e94ce070afd1d30,keep,-0.4639,,jittery,3,293,295,0.9864,,,,0.5547,1.0328,0.6163,0.2073,0.0426
692ea69daec602a46af1059c,6903686e0e94ce070afd1f24,keep,-0.4650,,jittery+unsteady_camera,6,104,106,0.9333,,,,0.1018,1.0014,1.2645,0.0000,0.3358
692ea1efb0d3d3c9d2606992,6903686e0e94ce070afd1f24,keep,-0.4654,,hesitant,6,102,104,0.9320,,,,-0.1200,0.2926,0.1355,2.0000,0.8634
692ea7694e86f0c01a207248,6871d82a1aaf88556f0c6041,keep,-0.4655,,hesitant,3,135,137,0.9706,,,,-0.2683,0.7921,0.6882,1.0707,0.7135
692ea8101e78e176ba6cf909,6903b590466be157ec64580a,keep,-0.4659,,unsteady_camera,0,208,231,0.9043,,,,-0.0063,0.8451,1.2179,0.4575,0.3280
692ef220b07e0e30ff11327d,690cb8f69adc5c8f26f64201,keep,-0.4663,,hesitant,1,197,199,0.9899,,,,0.2745,0.1631,0.2287,2.2744,0.1042
692eb22ab77ab81b8b41efa8,6903686e0e94ce070afd1f24,keep,-0.4667,,unsteady_camera,42,92,94,0.5376,,,,0.3224,0.3323,1.5731,0.0000,0.7116
692eb29cffdc0ca6345c43c1,69070e0b9adc5c8f26f55b5a,keep,-0.4667,,poor_image+hesitant,0,90,92,0.9890,,,,1.9139,-0.9036,0.9057,1.2682,-0.4224
692eaa0f424dbf22e75ed0d7,6846f7cf9cdf020d4a37a294,keep,-0.4668,,incomplete,68,177,179,0.6124,,,,0.2824,0.1012,0.2210,0.3008,2.1705
692eaee396d2056439f01948,68696b41314bde44018fa510,keep,-0.4671,,poor_image,0,208,210,0.9952,,,,1.3796,0.5955,0.6776,0.0000,-0.3703
692ea485c609aae267b278db,68bc72d1fcdaacc405e3db53,keep,-0.4671,,jittery,6,180,182,0.9613,,,,0.3210,1.0480,0.7735,0.6509,-0.2079
692e9732e2322e3b092b5c82,6904b8d0466be157ec648ef1,keep,-0.4676,,jittery+unsteady_camera,3,199,201,0.9800,,,,-0.1834,1.5257,1.0577,0.0000,0.2023
692eabd54e86f0c01a2072a6,6903686e0e94ce070afd1f24,keep,-0.4690,,poor_image,2,94,99,0.9388,,,,1.0096,0.6114,-0.0515,0.7887,0.1140
692ea671dbc4294a49cc727a,6871e269bc1991b1a1e463ba,keep,-0.4690,,hesitant,2,212,214,0.9859,,,,0.3298,0.4678,-0.2095,1.5171,0.7789
692eac182fa9ba56c08f81ee,690364170e94ce070afd1da5,keep,-0.4691,,,1,220,222,0.9910,,,,0.4645,0.8369,0.5283,0.6444,0.1586
692e9b451e78e176ba6cf7ac,6903bd580e94ce070afd33cd,keep,-0.4696,,,0,195,209,0.9375,,,,0.5450,0.8755,0.2879,0.8695,-0.0005
692ed8c2f2e4e72c033b9995,690362600e94ce070afd1d30,keep,-0.4698,,unsteady_camera,9,236,247,0.9228,,,,0.4271,0.0515,2.0807,-0.1313,0.6210
692ea6d61e78e176ba6cf8d6,69070e0b9adc5c8f26f55b5a,keep,-0.4701,,hesitant,0,176,178,0.9944,,,,0.1287,0.7136,-0.2144,2.3580,-0.1166
692eacc14e7eab2cafd26a0c,6903686e0e94ce070afd1f24,keep,-0.4701,,,0,109,111,0.9909,,,,-0.0170,0.9570,0.6846,0.8438,0.3524
692eaa60d3d807884d4dd7ba,6903686e0e94ce070afd1f24,keep,-0.4705,,unsteady_camera,0,88,93,0.9565,,,,0.3087,-0.3749,2.9612,0.0000,0.4318
692e9ee4c7cb0e94dc84bad1,6903686e0e94ce070afd1f24,keep,-0.4705,,jittery,0,97,100,0.9798,,,,0.7081,1.0795,0.1725,0.7807,-0.3408
692ea6fb4e86f0c01a207226,6903bd580e94ce070afd33cd,keep,-0.4706,,jittery+unsteady_camera,0,209,211,0.9952,,,,0.3638,1.1564,2.0638,-0.0420,-1.0077
692e93d9567c97525f401328,6871d82a1aaf88556f0c6041,keep,-0.4713,,unsteady_camera+hesitant,0,124,126,0.9920,,,,-0.0170,0.8994,1.1469,1.0148,-0.1860
692e9ee6c7cb0e94dc84bae4,6903686e0e94ce070afd1f24,keep,-0.4714,,,1,120,123,0.9754,0.1376,4,0.4600,0.8806,-0.1297,0.3241,0.0000,0.4931
692ededa45175992cd6a0bb8,690362600e94ce070afd1d30,keep,-0.4719,,jittery+hesitant,0,231,236,0.9830,,,,0.1917,1.0914,-0.3199,1.1426,0.5561
692ea478e2322e3b092b5e5b,6871d82a1aaf88556f0c6041,keep,-0.4727,,jittery,0,146,148,0.9932,,,,-0.0037,1.2600,0.4199,0.8630,0.1417
692f04b55cec8e06f0b2dbcd,69070e0b9adc5c8f26f55b5a,keep,-0.4736,,poor_image,0,187,203,0.9257,,,,1.1841,0.2072,0.1961,0.5713,0.4606
692e95ca567c97525f401366,6871e269bc1991b1a1e463ba,keep,-0.4736,,,0,213,215,0.9953,,,,0.9776,0.6304,0.8404,0.0000,0.0630
692e98ad5aae241ad236ebfd,6871d82a1aaf88556f0c6041,keep,-0.4736,,jittery,0,149,151,0.9933,,,,0.4642,1.9353,0.1585,0.0000,-0.4423
692f197f45175992cd6a0eca,6904b8d0466be157ec648ef1,keep,-0.4740,,poor_image,0,163,165,0.9939,,,,2.1362,-0.4948,0.7762,0.0000,0.0799
692eadedc609aae267b279fe,68bc72d1fcdaacc405e3db53,keep,-0.4746,,,49,150,154,0.6601,,,,0.3160,0.4334,0.6958,0.5354,0.9666
692eac130793395ac4f6ffd3,6903bd580e94ce070afd33cd,keep,-0.4746,,jittery,0,190,193,0.9896,,,,0.7510,1.6796,0.6273,-0.0588,-0.8926
692eac17aec602a46af10641,69150bf42756853dcad943f2,keep,-0.4747,,poor_image+unsteady_camera,2,159,161,0.9813,,,,1.2315,0.1955,1.2817,0.0000,-0.0991
692eb302ea43f09edf26f69d,6871d82a1aaf88556f0c6041,keep,-0.4748,,poor_image+hesitant,0,98,100,0.9899,,,,1.1709,0.0159,-0.3292,1.2814,0.5912
692eaeba9cebf0ec017ddd32,690366b20e94ce070afd1e8a,keep,-0.4748,,poor_image+hesitant,4,204,215,0.9346,,,,1.0695,0.4944,-0.5330,1.7002,-0.1891
692e9fa092a31767e35da22c,69150bf42756853dcad943f2,keep,-0.4749,,incomplete,59,166,170,0.6331,,,,0.9240,0.1172,0.3671,0.0000,1.3953
692eac2aaec602a46af10653,6903686e0e94ce070afd1f24,keep,-0.4755,,,38,90,92,0.5714,,,,0.6775,0.1828,0.1981,0.8493,0.9903
692ef186fbcce321dca74ea3,690cb8f69adc5c8f26f64201,keep,-0.4756,,jittery+unsteady_camera,0,212,214,0.9953,,,,-0.0106,1.3750,1.1629,0.6504,-0.5308
692eeefdef7557106e6c4c62,68bc72d1fcdaacc405e3db53,keep,-0.4756,,unsteady_camera+hesitant,12,205,237,0.8178,,,,0.3926,0.0331,1.1408,1.8054,-0.2554
692e9d6999488ff84776f86b,6871d82a1aaf88556f0c6041,keep,-0.4761,,poor_image+hesitant,0,88,90,0.9888,,,,1.3015,-0.0588,0.1202,1.6361,-0.2874
692e9a592fa9ba56c08f804a,6903686e0e94ce070afd1f24,keep,-0.4764,,unsteady_camera,0,112,114,0.9912,,,,0.0665,-0.2676,3.1809,0.0000,0.4554
692eb0819cebf0ec017dddc9,69070e0b9adc5c8f26f55b5a,keep,-0.4768,,incomplete,48,113,115,0.5702,,,,-0.0446,0.1432,0.6383,0.6240,1.9274
692edcc90ba268eb16564944,69038b590e94ce070afd2952,keep,-0.4769,,,58,188,214,0.6103,,,,0.5892,0.3359,0.0357,0.9401,0.9751
692e9fa292a31767e35da236,69150bf42756853dcad943f2,keep,-0.4770,,poor_image+incomplete,47,121,130,0.5736,,,,1.3475,-0.1574,-0.1293,0.0000,1.6832
692ed949b07e0e30ff1130ee,670be6761e62a52f6a35360d,keep,-0.4781,,poor_image+incomplete,128,307,319,0.5629,,,,1.0101,-0.5963,0.3695,-0.1024,2.4591
692eabde4e86f0c01a2072b1,6846f7cf9cdf020d4a37a294,keep,-0.4789,,hesitant+incomplete,28,173,179,0.8146,,,,0.2634,0.1930,0.3919,1.2295,1.0460
692ef772fbcce321dca74f22,69150bf42756853dcad943f2,keep,-0.4794,,unsteady_camera,0,146,158,0.9299,,,,0.2468,0.7016,1.8703,0.0000,0.0630
692eac120793395ac4f6ffc3,6903bd580e94ce070afd33cd,keep,-0.4798,,poor_image,0,197,208,0.9517,,,,1.3337,0.9232,0.7289,-0.0348,-0.7205
692e9d3ca0e165ab2e42e3b6,6903686e0e94ce070afd1f24,keep,-0.4800,,unsteady_camera,12,122,124,0.8943,,,,0.0487,0.4753,1.9180,0.0000,0.6559
692ea2d6c7cb0e94dc84bb69,69070e0b9adc5c8f26f55b5a,keep,-0.4803,,poor_image+incomplete,46,108,112,0.5586,,,,1.0242,-0.2975,-0.0559,0.0000,2.3279
692eb29cffdc0ca6345c43c0,69070e0b9adc5c8f26f55b5a,keep,-0.4805,,poor_image,3,101,103,0.9608,,,,1.6538,-0.1106,0.1868,0.6974,0.1644
692ea2002c8fefa9948e8dcb,6871d6cd07c5fd75be83e337,keep,-0.4824,,unsteady_camera+hesitant,0,223,225,0.9955,,,,-0.5203,0.9365,1.4259,1.1426,0.1839
692eab3297ffd8ec90340208,69070e0b9adc5c8f26f55b5a,keep,-0.4825,,jittery+unsteady_camera,0,134,136,0.9926,,,,-0.1054,1.1933,1.4866,0.0000,0.2590
692ea4872fa9ba56c08f8124,6903bd580e94ce070afd33cd,keep,-0.4832,,hesitant,32,173,178,0.7966,,,,0.7670,0.1601,0.4957,1.3049,0.1910
692eae06424dbf22e75ed13f,6846f7cf9cdf020d4a37a294,keep,-0.4837,,,0,213,215,0.9953,0.0658,0,0.9987,-0.1911,0.3311,0.0597,0.4129,-0.2187
692eab3be2322e3b092b5f51,6903bd580e94ce070afd33cd,keep,-0.4838,,jittery,12,189,192,0.9267,,,,0.4173,1.5083,0.8332,-0.0563,-0.2785
692ea139b77ab81b8b41eddc,68696b41314bde44018fa510,keep,-0.4847,,incomplete,0,187,200,0.9397,0.1201,0,0.9985,0.2745,-0.3216,-0.4082,0.0000,1.5587
692ea6fa4e86f0c01a207220,6903bd580e94ce070afd33cd,keep,-0.4850,,jittery,0,245,253,0.9722,,,,0.6480,1.0307,0.8157,0.9626,-0.9014
692e9b61c7cb0e94dc84ba99,690cb8f69adc5c8f26f64201,keep,-0.4852,,jittery+unsteady_camera,3,217,219,0.9817,0.0747,2,0.8629,-0.0791,1.1912,1.2958,0.0000,0.1438
692eab67567c97525f40154e,690362600e94ce070afd1d30,keep,-0.4852,,poor_image,0,264,276,0.9600,,,,1.5390,0.6876,0.3383,0.6124,-0.8939
692ea1ecb0d3d3c9d260697a,6903686e0e94ce070afd1f24,keep,-0.4858,,hesitant,0,89,93,0.9674,,,,0.9444,0.2629,0.5777,1.0089,0.0031
692eb1343b319da763b71c18,6903686e0e94ce070afd1f24,keep,-0.4859,,jittery+hesitant,0,128,130,0.9922,,,,-0.0147,1.3297,0.0373,1.4390,-0.0477
692eac130793395ac4f6ffc7,6903bd580e94ce070afd33cd,keep,-0.4861,,poor_image+jittery,14,227,242,0.8838,,,,1.2016,1.4593,-0.2251,0.0841,-0.4475
692eaf5374b24813e7597663,6846f7cf9cdf020d4a37a294,keep,-0.4864,,unsteady_camera,2,178,207,0.8544,,,,0.0297,0.3496,1.0448,0.8915,0.8996
692ea8132fa9ba56c08f8192,69070e0b9adc5c8f26f55b5a,keep,-0.4865,,jittery,0,205,207,0.9951,,,,-0.3951,2.2240,-0.1073,0.5602,0.2089
692e9dbe68228e362d908f69,6903686e0e94ce070afd1f24,keep,-0.4867,,hesitant+incomplete,0,85,135,0.6343,,,,-0.5687,0.6204,0.0138,1.3853,1.9300
692ea8132fa9ba56c08f8193,69070e0b9adc5c8f26f55b5a,keep,-0.4868,,,0,123,125,0.9919,,,,0.9652,0.5545,0.8509,0.0000,0.2775
692e9d99d3d807884d4dd671,6903686e0e94ce070afd1f24,keep,-0.4868,,poor_image+jittery,0,111,113,0.9911,,,,1.3147,1.1249,0.1744,0.0000,-0.4259
692eb12074b24813e7597682,6846f7cf9cdf020d4a37a294,keep,-0.4869,,unsteady_camera+hesitant,0,184,188,0.9840,,,,-0.3585,-0.5741,1.9085,2.6267,0.2718
692eb227b77ab81b8b41ef86,6903686e0e94ce070afd1f24,keep,-0.4870,,jittery,0,101,103,0.9902,,,,0.1862,1.6952,0.4542,0.7577,-0.6253
692eafb5dbc4294a49cc7321,69070e0b9adc5c8f26f55b5a,keep,-0.4875,,unsteady_camera,2,175,177,0.9830,,,,0.8412,0.6291,1.1117,0.0000,0.0955
692eac0992a31767e35da3a3,6846f7cf9cdf020d4a37a294,keep,-0.4877,,unsteady_camera,6,226,228,0.9692,,,,-0.0991,0.9168,1.2803,0.9411,-0.0343
692ea76a4e86f0c01a20724e,6871d82a1aaf88556f0c6041,keep,-0.4877,,unsteady_camera,0,92,94,0.9892,,,,0.7395,0.4210,2.1410,0.0000,-0.4679
692ea3f93b319da763b71a95,6871e269bc1991b1a1e463ba,keep,-0.4878,,poor_image,0,197,199,0.9949,,,,1.5498,-0.2126,0.9398,0.0000,0.4687
692ea696ad0c9ef057d41d02,68bc72d1fcdaacc405e3db53,keep,-0.4878,,hesitant+incomplete,99,187,189,0.4681,,,,0.0489,0.4121,0.4624,1.2181,1.0426
692e93d9567c97525f40132a,6871d82a1aaf88556f0c6041,keep,-0.4879,,jittery,0,115,117,0.9914,,,,0.2583,1.6054,0.1131,0.0000,0.5063
692e98ee40338017b7f997ca,6871d82a1aaf88556f0c6041,keep,-0.4887,,poor_image+unsteady_camera,2,102,104,0.9709,,,,1.1033,0.1310,1.0555,0.0000,0.5143
692eeeb00ba268eb16564a8b,69150bf42756853dcad943f2,keep,-0.4887,,poor_image+jittery,0,171,173,0.9942,,,,1.5255,1.0772,-0.1289,0.0000,-0.3540
692eab65d3d807884d4dd7e1,69070e0b9adc5c8f26f55b5a,keep,-0.4888,,hesitant,13,206,208,0.9324,,,,0.6457,0.4842,0.3290,1.1151,0.2825
692e9f8f39719ab57395b844,6871e269bc1991b1a1e463ba,keep,-0.4889,,jittery,2,161,163,0.9815,,,,0.1290,1.0987,0.0912,0.7558,0.7336
692ea40597ffd8ec90340169,6903686e0e94ce070afd1f24,keep,-0.4890,,unsteady_camera+hesitant,28,97,99,0.7041,,,,0.0738,-0.4759,1.6144,2.0000,0.4118
692ea33295aad87d3e3445b0,6903686e0e94ce070afd1f24,keep,-0.4899,,hesitant,4,119,121,0.9583,,,,0.1687,0.1674,0.1440,1.9322,0.8487
692ed683952b26f4cc71a43d,690366b20e94ce070afd1e8a,keep,-0.4904,,hesitant,9,221,231,0.9217,,,,0.6047,0.6561,-0.2721,1.9152,-0.1014
692eaf2b4e86f0c01a2072dc,69070e0b9adc5c8f26f55b5a,keep,-0.4906,,jittery,0,210,212,0.9953,,,,-0.1503,1.0696,0.9585,0.8841,0.2124
692ea22db0d3d3c9d26069a5,68bc72d1fcdaacc405e3db53,keep,-0.4906,,jittery,23,198,200,0.8794,,,,0.4123,1.1607,0.7299,0.2618,0.0830
692ea6a23b319da763b71af2,6903bd580e94ce070afd33cd,keep,-0.4913,,,1,174,207,0.8398,0.2303,2,0.2161,0.3267,0.2634,0.9927,0.6616,0.5100
692eaa05c7cb0e94dc84bbf3,68bc72d1fcdaacc405e3db53,keep,-0.4914,,hesitant,0,229,249,0.9234,,,,-0.1884,0.8991,0.8270,1.6664,-0.1193
692ea7f4f169106feb26aed3,6903686e0e94ce070afd1f24,keep,-0.4918,,unsteady_camera+hesitant,5,124,126,0.9520,,,,-0.1598,-0.0265,1.9636,1.3608,0.3973
692eb29effdc0ca6345c43d3,69070e0b9adc5c8f26f55b5a,keep,-0.4920,,poor_image,0,158,161,0.9875,,,,2.1498,-0.7722,0.5254,0.8892,-0.0369
692ea967727c13b350cb7cda,6903686e0e94ce070afd1f24,keep,-0.4922,,unsteady_camera+hesitant,37,117,119,0.6780,,,,-0.0039,0.4038,1.1521,1.3100,0.3836
692ea7684e86f0c01a20723a,6871d82a1aaf88556f0c6041,keep,-0.4924,,hesitant,0,129,131,0.9923,,,,0.1443,0.9032,0.5479,1.1201,0.2077
692eaadfc609aae267b279a7,69070e0b9adc5c8f26f55b5a,keep,-0.4927,,poor_image+hesitant,20,116,118,0.8205,,,,1.0441,-0.5112,0.0591,1.9728,0.6178
692ef162f2e4e72c033b9b28,690cb8f69adc5c8f26f64201,keep,-0.4929,,unsteady_camera,1,218,220,0.9909,,,,0.7922,0.7003,1.3120,0.0000,-0.1006
692ea5ea68228e362d909039,6903b590466be157ec64580a,keep,-0.4929,,jittery,0,193,199,0.9747,,,,0.6776,1.1962,-0.1071,0.4062,0.3408
692e9ee5c7cb0e94dc84bad4,6903686e0e94ce070afd1f24,keep,-0.4936,,unsteady_camera,0,88,90,0.9888,,,,0.6278,-0.0137,2.0096,0.0000,0.5242
692eb0fd4e7eab2cafd26a74,690364170e94ce070afd1da5,keep,-0.4943,,incomplete,126,224,226,0.4356,,,,0.1476,0.3787,0.4968,0.6320,1.5421
692eaa846974927fef249cff,6903b590466be157ec64580a,keep,-0.4943,,hesitant,12,187,189,0.9309,,,,0.4227,0.6081,0.1089,1.2099,0.5954
692ea6a13b319da763b71af0,6903bd580e94ce070afd33cd,keep,-0.4946,,hesitant+incomplete,56,207,218,0.6959,0.1655,3,0.9693,0.5579,-0.2033,0.2386,1.4980,1.2173
692ea6fc4e86f0c01a207233,6903bd580e94ce070afd33cd,keep,-0.4946,,jittery+unsteady_camera,12,198,201,0.9300,,,,0.2955,1.4044,1.1555,0.2108,-0.4536
692ead5d3019385fbbf56841,6846f7cf9cdf020d4a37a294,keep,-0.4949,,hesitant+incomplete,9,158,192,0.7801,,,,-0.0213,0.6678,-0.3606,1.5670,1.2881
692e993bf169106feb26ad09,6903686e0e94ce070afd1f24,keep,-0.4956,,poor_image,7,102,108,0.8879,,,,1.2880,-0.0567,0.5458,0.7223,0.3542
692eed26245e9187290070a8,6903a36c466be157ec64562d,keep,-0.4957,,incomplete,68,334,338,0.7893,,,,0.8465,0.7289,0.3046,-0.3860,1.1882
692eb300ea43f09edf26f689,6871d82a1aaf88556f0c6041,keep,-0.4958,,poor_image+unsteady_camera,0,92,94,0.9892,,,,1.6070,0.0204,1.7080,0.0000,-0.6783
692eb302ea43f09edf26f69b,6871d82a1aaf88556f0c6041,keep,-0.4960,,poor_image,0,114,116,0.9913,,,,2.7646,-0.5280,0.4579,0.0000,-0.3409
692ea9c4dfa4113987776a46,6903b590466be157ec64580a,keep,-0.4963,,hesitant,0,185,204,0.9113,0.0522,3,0.9993,-0.2223,-0.1786,-0.3366,1.5073,0.4150
692eaed0ffdc0ca6345c4370,6903bd580e94ce070afd33cd,keep,-0.4964,,unsteady_camera+hesitant,20,215,217,0.9028,,,,-0.2990,-0.3465,2.0150,2.3581,0.0698
692ea25bf169106feb26ae08,6871e269bc1991b1a1e463ba,keep,-0.4976,,hesitant+incomplete,2,157,209,0.7452,,,,0.3565,-0.8126,0.5206,1.3301,2.3168
692ea888e2322e3b092b5ef2,6903b590466be157ec64580a,keep,-0.4976,,poor_image,0,223,225,0.9955,,,,2.0826,0.3266,-0.5586,-0.0304,0.4586
692eb0819cebf0ec017dddd6,69070e0b9adc5c8f26f55b5a,keep,-0.4977,,incomplete,45,134,173,0.5174,,,,0.3992,0.4239,-0.3631,0.4136,2.1991
692eaaa3dbc4294a49cc72be,69070e0b9adc5c8f26f55b5a,keep,-0.4979,,,2,212,214,0.9859,,,,0.6111,0.8827,0.6805,0.3340,0.2299
692ea8edba0400c70689ff38,6903686e0e94ce070afd1f24,keep,-0.4980,,hesitant,0,100,102,0.9901,,,,0.8158,-0.1061,0.6981,1.5305,0.1932
692ea6d61e78e176ba6cf8d3,69070e0b9adc5c8f26f55b5a,keep,-0.4981,,,0,233,235,0.9957,,,,0.4903,0.8018,0.4011,0.9864,0.1609
692eb062d52427f961fa1659,690366b20e94ce070afd1e8a,keep,-0.4981,,incomplete,91,204,233,0.4871,,,,0.1799,0.8994,0.0760,0.3193,1.4727
692ea5e4854d0e0793875b80,6903bd580e94ce070afd33cd,keep,-0.4983,,unsteady_camera,10,165,173,0.9012,,,,0.5316,0.2990,1.3195,0.8980,0.0249
692ea4c4b05428c72fb3753b,6871d6cd07c5fd75be83e337,keep,-0.4995,,unsteady_camera,0,230,232,0.9957,,,,-0.2331,0.9903,1.5197,0.5525,0.2889
692eaeba9cebf0ec017ddd38,690366b20e94ce070afd1e8a,keep,-0.5000,,hesitant,16,201,209,0.8894,,,,0.7545,0.5025,-0.0547,1.6594,0.0097
692eaee296d2056439f01939,68696b41314bde44018fa510,keep,-0.5001,,poor_image,3,128,130,0.9690,0.2836,1,0.1558,2.2995,-0.7928,-0.0653,0.0000,0.3316
692eb107567c97525f4015e0,6846f7cf9cdf020d4a37a294,keep,-0.5002,,jittery,0,232,234,0.9957,,,,0.4641,1.3800,0.3199,0.7284,-0.3128
692eb29cffdc0ca6345c43c2,69070e0b9adc5c8f26f55b5a,keep,-0.5014,,poor_image+incomplete,27,127,129,0.7812,0.4352,0,0.0615,2.0974,-0.9532,0.7689,0.0000,1.0247
692ef548245e918729007153,690cb8f69adc5c8f26f64201,keep,-0.5015,,hesitant,4,217,219,0.9771,,,,0.0518,0.7697,0.9711,1.1442,0.1630
692e9f8d39719ab57395b837,6871e269bc1991b1a1e463ba,keep,-0.5016,,poor_image+hesitant,2,178,180,0.9832,,,,1.4307,-0.2474,0.6213,1.2858,-0.1708
692ea30440338017b7f998c8,6903686e0e94ce070afd1f24,keep,-0.5021,,hesitant,2,103,105,0.9712,,,,0.7121,0.0801,-0.1789,2.0000,0.5055
692ea8edba0400c70689ff35,6903686e0e94ce070afd1f24,keep,-0.5023,,poor_image,12,98,100,0.8687,,,,1.2541,0.8470,0.2113,0.0000,0.1533
692ea6d61e78e176ba6cf8d7,69070e0b9adc5c8f26f55b5a,keep,-0.5025,,jittery,0,173,175,0.9943,,,,0.5016,1.2701,0.7309,0.0000,0.1289
692eac0996d2056439f018f9,6871d82a1aaf88556f0c6041,keep,-0.5026,,jittery+hesitant,0,96,98,0.9897,,,,-0.1840,1.7371,-0.0216,1.3078,-0.0977
692eb12274b24813e7597693,6846f7cf9cdf020d4a37a294,keep,-0.5031,,unsteady_camera+hesitant,0,161,174,0.9306,,,,-0.0400,-0.3031,2.5803,1.0264,0.4299
692ea9f15aae241ad236edbc,6903b590466be157ec64580a,keep,-0.5035,,poor_image,14,209,212,0.9242,,,,1.1457,0.6472,0.3005,-0.2128,0.7476
692e9f8d39719ab57395b836,6871e269bc1991b1a1e463ba,keep,-0.5039,,jittery,1,166,168,0.9880,,,,0.6164,1.0097,0.2458,0.0000,0.8423
692e98947641010d0435457d,690cb8f69adc5c8f26f64201,keep,-0.5040,,unsteady_camera,1,168,188,0.8930,,,,0.1772,-0.3929,2.9241,0.0000,0.9275
692eeb1c4215b056bf36e843,6903a36c466be157ec64562d,keep,-0.5043,,,0,227,229,0.9956,0.1184,4,0.9991,0.0173,0.2296,-0.0632,0.1675,-0.1625
692f06094cbe80983738006f,6904b8d0466be157ec648ef1,keep,-0.5047,,incomplete,46,221,238,0.7384,,,,0.0377,0.4301,0.4049,0.8029,1.6231
692ea3315aae241ad236ed2e,6903686e0e94ce070afd1f24,keep,-0.5052,,hesitant,1,110,112,0.9820,,,,0.5934,-0.0219,0.7241,1.5325,0.4226
692ea69daec602a46af1059f,6903686e0e94ce070afd1f24,keep,-0.5052,,poor_image,47,108,110,0.5596,,,,1.3232,-0.1151,0.1406,0.7091,0.8748
692eab67d3d807884d4dd7ed,69070e0b9adc5c8f26f55b5a,keep,-0.5079,,unsteady_camera+incomplete,28,113,115,0.7456,,,,-0.2377,-0.3450,2.7025,0.0000,1.7271
692e9b461e78e176ba6cf7b3,6903bd580e94ce070afd33cd,keep,-0.5088,,incomplete,79,189,223,0.4955,,,,0.4016,-0.1163,0.1337,0.9866,2.0131
692ef720b07e0e30ff1132f1,6904b8d0466be157ec648ef1,keep,-0.5089,,poor_image,0,217,219,0.9954,,,,1.4572,0.2987,0.6830,0.5211,-0.2758
692eb108567c97525f4015f0,6846f7cf9cdf020d4a37a294,keep,-0.5090,,jittery+unsteady_camera,13,216,218,0.9355,,,,-0.6439,1.5263,1.4448,0.9933,-0.1990
692eaea840338017b7f999fd,6903686e0e94ce070afd1f24,keep,-0.5099,,poor_image+incomplete,45,110,117,0.5603,,,,1.7007,-0.0623,-0.1377,0.0000,1.2492
692eabd44e86f0c01a207297,6903686e0e94ce070afd1f24,keep,-0.5105,,poor_image,26,88,90,0.6966,,,,1.0375,0.3668,0.8948,0.0000,0.5722
692eafdcb8797912ff78a8fd,6903b590466be157ec64580a,keep,-0.5107,,hesitant,0,165,167,0.9940,,,,0.2319,0.1975,0.8366,2.1368,-0.0426
692ea7980793395ac4f6ffaf,67421681889e906244b520b1,keep,-0.5110,,unsteady_camera,20,223,238,0.8565,,,,0.0015,0.5287,1.4561,0.4696,0.8560
692ea967727c13b350cb7ccd,6903686e0e94ce070afd1f24,keep,-0.5111,,hesitant,6,117,119,0.9407,,,,0.1528,0.1032,-0.1335,2.7866,0.5410
692eaa88727c13b350cb7cfe,690362600e94ce070afd1d30,keep,-0.5117,,,1,351,353,0.9943,0.0555,3,0.9550,0.1148,-0.2585,-0.2008,0.8962,0.3941
692eb22ab77ab81b8b41efa7,6903686e0e94ce070afd1f24,keep,-0.5119,,hesitant,0,92,94,0.9892,,,,0.3409,0.0896,-0.1190,2.8271,0.2295
692ea695ad0c9ef057d41cfa,68bc72d1fcdaacc405e3db53,keep,-0.5123,,incomplete,68,175,183,0.5879,,,,0.1828,0.8175,0.9378,0.1358,1.0118
692eacc34e7eab2cafd26a23,6903686e0e94ce070afd1f24,keep,-0.5124,,hesitant,15,104,106,0.8476,,,,0.2914,0.7803,0.1368,1.4722,0.3699
692f13d3f59fd218b1be026e,6904b8d0466be157ec648ef1,keep,-0.5125,,hesitant,0,184,186,0.9946,,,,-0.2000,0.2395,0.9658,2.9210,-0.3584
692eaf0a854d0e0793875c6d,6871d82a1aaf88556f0c6041,keep,-0.5128,,incomplete,10,114,116,0.9043,,,,0.2888,0.1765,0.7807,0.0000,2.1109
692e98aa5aae241ad236ebe4,6871d82a1aaf88556f0c6041,keep,-0.5133,,jittery+hesitant,2,118,120,0.9748,,,,-0.0910,1.0169,0.5348,1.0660,0.6035
692eac8792a31767e35da3bc,69070e0b9adc5c8f26f55b5a,keep,-0.5136,,jittery,0,183,185,0.9946,,,,-0.3714,1.8905,0.2718,0.7732,0.2718
692eaebc74b24813e759764e,690362600e94ce070afd1d30,keep,-0.5137,,jittery+unsteady_camera,0,384,386,0.9974,,,,-0.1052,1.5223,1.1442,-0.2191,0.5451
692ef774fbcce321dca74f2e,69150bf42756853dcad943f2,keep,-0.5137,,jittery,0,147,149,0.9932,0.0889,3,0.9794,-0.1266,1.8898,0.0246,0.0000,0.2620
692ea2012c8fefa9948e8dcc,6871d6cd07c5fd75be83e337,keep,-0.5139,,jittery,0,220,222,0.9955,0.0238,2,0.7903,0.2867,1.2245,0.9089,-0.2684,0.6833
692e95f9af371a654ce7fc01,6903bd580e94ce070afd33cd,keep,-0.5141,,hesitant+incomplete,62,209,211,0.7000,,,,0.1180,0.5310,-0.0352,1.4793,1.1815
692eb226b77ab81b8b41ef7e,6903686e0e94ce070afd1f24,keep,-0.5143,,hesitant,34,104,106,0.6667,,,,-0.3387,0.6509,-0.0508,2.3561,0.8266
692eaa88727c13b350cb7d07,690362600e94ce070afd1d30,keep,-0.5143,,poor_image+jittery,32,319,329,0.8750,,,,1.0272,1.0634,0.2522,0.0023,0.2100
692eb225b77ab81b8b41ef79,6903686e0e94ce070afd1f24,keep,-0.5145,,hesitant,0,105,107,0.9906,,,,-0.5985,0.7991,0.1258,2.4804,0.6943
692eb0a21e78e176ba6cf9c1,6846f7cf9cdf020d4a37a294,keep,-0.5148,,hesitant,3,200,223,0.8874,,,,0.3526,0.5662,0.3001,1.6533,0.2724
692ea0f3b05428c72fb3749a,690cb8f69adc5c8f26f64201,keep,-0.5157,,hesitant,0,220,225,0.9821,,,,-0.2347,0.3161,-0.0113,3.3603,0.1388
692ea600ea43f09edf26f59b,6846f7cf9cdf020d4a37a294,keep,-0.5158,,hesitant,0,165,167,0.9940,,,,0.8303,0.7910,0.1155,1.0375,0.0257
692eaee14e7eab2cafd26a3e,690364170e94ce070afd1da5,keep,-0.5163,,poor_image,1,295,297,0.9932,,,,1.5634,0.4297,0.0211,0.2819,0.3216
692ea696727c13b350cb7c95,69070e0b9adc5c8f26f55b5a,keep,-0.5167,,poor_image,0,149,151,0.9933,,,,1.8246,-0.0186,0.2975,0.4743,0.1359
692eb29dffdc0ca6345c43c8,69070e0b9adc5c8f26f55b5a,keep,-0.5174,,incomplete,41,133,135,0.6866,,,,0.8797,0.4071,-0.0803,0.0000,1.7719
692e9d3ba0e165ab2e42e3b3,6903686e0e94ce070afd1f24,keep,-0.5180,,jittery+unsteady_camera,0,119,121,0.9917,,,,0.2925,1.3911,1.6026,0.0000,-0.5022
692eaaac2c8fefa9948e8e8e,68bc72d1fcdaacc405e3db53,keep,-0.5183,,jittery,11,176,178,0.9322,,,,0.7714,1.1861,0.8274,0.1980,-0.3338
692ead0cd3d807884d4dd80c,670be6761e62a52f6a35360d,keep,-0.5185,,incomplete,72,365,387,0.7591,,,,0.6165,-0.1436,0.5686,0.9253,1.4264
692eae0597ffd8ec90340264,6846f7cf9cdf020d4a37a294,keep,-0.5187,,jittery+hesitant,12,202,204,0.9360,,,,-0.3379,1.5177,-0.0854,1.8718,0.0749
692ea40297ffd8ec9034014d,6903686e0e94ce070afd1f24,keep,-0.5188,,unsteady_camera,44,122,124,0.6341,,,,0.5219,0.1475,1.7327,0.0000,0.8944
692ea138b77ab81b8b41edd2,68696b41314bde44018fa510,keep,-0.5193,,jittery,0,207,209,0.9952,,,,0.6826,1.1447,0.6681,0.0000,0.2257
692eacc04e7eab2cafd26a08,6903686e0e94ce070afd1f24,keep,-0.5201,,hesitant,0,109,111,0.9909,,,,0.5936,-0.0024,0.7259,1.6875,0.3404
692ed7334215b056bf36e738,670be6761e62a52f6a35360d,keep,-0.5202,,poor_image,42,368,388,0.8424,,,,1.1342,0.0639,0.8529,0.7271,0.2639
692ead5e3019385fbbf56850,6846f7cf9cdf020d4a37a294,keep,-0.5208,,poor_image+hesitant,1,216,226,0.9556,,,,1.3299,0.2070,-0.0052,1.3998,-0.0542
692e95fbaf371a654ce7fc0b,6903bd580e94ce070afd33cd,keep,-0.5215,,incomplete,32,202,238,0.7173,,,,0.5339,0.8893,0.1599,0.2616,1.0940
692eaa5c7641010d043546fe,69070e0b9adc5c8f26f55b5a,keep,-0.5220,,,3,169,171,0.9765,0.0617,1,0.1714,-0.7625,0.8888,-0.5022,0.0000,0.4037
692eacf699488ff84776f9f0,6846f7cf9cdf020d4a37a294,keep,-0.5231,,hesitant,25,188,190,0.8624,,,,0.4590,0.3129,0.1858,1.5094,0.8085
692ee8694215b056bf36e814,6846f7cf9cdf020d4a37a294,keep,-0.5233,,poor_image+jittery,1,201,203,0.9901,,,,1.3738,1.9719,-0.1212,-0.7063,-0.5278
692eb29effdc0ca6345c43d0,69070e0b9adc5c8f26f55b5a,keep,-0.5239,,poor_image+hesitant,1,128,130,0.9845,,,,1.6097,-0.4040,0.1493,1.4461,0.2631
692eac2d4e7eab2cafd269ff,6903bd580e94ce070afd33cd,keep,-0.5239,,jittery,44,185,187,0.7581,,,,-0.3094,1.3331,0.4551,0.9380,0.7385
692eac2caec602a46af1065e,6903686e0e94ce070afd1f24,keep,-0.5240,,poor_image+jittery,0,97,99,0.9898,,,,1.2132,1.2355,-0.0262,0.0000,0.0213
692eac7574b24813e759762a,68bc72d1fcdaacc405e3db53,keep,-0.5247,,poor_image+unsteady_camera,5,168,170,0.9645,0.1438,4,0.9875,1.0799,-0.4184,1.2541,-0.3737,-0.1062
692e98ef40338017b7f997d2,6871d82a1aaf88556f0c6041,keep,-0.5250,,unsteady_camera,7,111,113,0.9286,,,,0.9138,0.1501,1.4113,0.0000,0.6675
692eac18aec602a46af10646,69150bf42756853dcad943f2,keep,-0.5250,,unsteady_camera,0,164,166,0.9939,,,,0.1907,0.5186,2.2929,0.5337,-0.2155
692eb3035aae241ad236ee86,6846f7cf9cdf020d4a37a294,keep,-0.5252,,hesitant,0,191,193,0.9948,,,,0.6873,0.6788,0.6221,1.7618,-0.7564
692ea888e2322e3b092b5ef6,6903b590466be157ec64580a,keep,-0.5266,,poor_image+unsteady_camera,0,161,163,0.9938,,,,2.2083,-0.3555,1.4563,-0.2128,-0.3368
692ee8684215b056bf36e80a,6846f7cf9cdf020d4a37a294,keep,-0.5269,,jittery,0,220,222,0.9955,,,,0.9382,1.8666,-0.3092,0.5569,-0.7669
692eab67d3d807884d4dd7f5,69070e0b9adc5c8f26f55b5a,keep,-0.5271,,,2,170,177,0.9545,0.0634,0,0.9898,-0.0133,-0.1661,0.0155,0.6557,-0.2496
692eb300ea43f09edf26f688,6871d82a1aaf88556f0c6041,keep,-0.5277,,unsteady_camera,0,160,162,0.9938,,,,0.8225,0.2570,1.7080,0.0000,0.3666
692eaa647641010d04354731,69070e0b9adc5c8f26f55b5a,keep,-0.5282,,jittery,3,112,114,0.9646,,,,0.8261,1.7413,-0.0269,0.0000,-0.1266
692eaf2c4e86f0c01a2072e4,69070e0b9adc5c8f26f55b5a,keep,-0.5287,,jittery,0,232,236,0.9872,,,,0.1723,1.8705,0.0569,0.4911,0.0887
692ea8142fa9ba56c08f819f,69070e0b9adc5c8f26f55b5a,keep,-0.5291,,jittery+incomplete,46,200,202,0.7662,,,,-0.2087,1.8720,-0.2219,0.0000,1.4305
692eac2b4e7eab2cafd269ee,6903bd580e94ce070afd33cd,keep,-0.5295,,hesitant,48,208,214,0.7512,,,,-0.0987,0.2893,0.1717,2.4695,0.7794
692ea3305aae241ad236ed14,6903686e0e94ce070afd1f24,keep,-0.5297,,hesitant+incomplete,55,135,137,0.5882,,,,-0.1204,-0.0905,0.2233,2.3874,1.4133
692ea40597ffd8ec9034016c,6903686e0e94ce070afd1f24,keep,-0.5298,,unsteady_camera,8,98,100,0.9091,,,,-0.3466,-0.2590,3.8993,0.0000,0.7177
692ea8142fa9ba56c08f819d,69070e0b9adc5c8f26f55b5a,keep,-0.5307,,jittery,0,187,189,0.9947,,,,-0.0127,1.8300,0.3589,0.3784,0.2514
692e9f8f40338017b7f998ac,6871e269bc1991b1a1e463ba,keep,-0.5308,,jittery+hesitant,0,214,216,0.9953,0.1892,1,0.2356,-0.0120,1.9746,0.6443,1.2868,-0.2930
692ef547245e91872900714c,690cb8f69adc5c8f26f64201,keep,-0.5311,,hesitant,0,185,197,0.9439,,,,-0.3764,0.4739,0.9128,2.1910,0.4678
692ea479e2322e3b092b5e64,6871d82a1aaf88556f0c6041,keep,-0.5312,,poor_image+unsteady_camera,0,90,92,0.9890,,,,1.7753,0.1300,1.5680,0.0000,-0.7078
692eab67567c97525f40154b,690362600e94ce070afd1d30,keep,-0.5315,,,132,291,295,0.5408,,,,0.9205,0.8314,-0.0620,0.2863,0.8683
692ea80d92a31767e35da336,6903686e0e94ce070afd1f24,keep,-0.5316,,hesitant,0,148,150,0.9933,,,,0.0579,0.8680,0.2915,1.6604,0.3802
692eaee296d2056439f0193e,68696b41314bde44018fa510,keep,-0.5320,,poor_image+unsteady_camera,0,217,219,0.9954,,,,1.7232,-0.2277,1.4176,0.0000,0.0629
692ea8132fa9ba56c08f8198,69070e0b9adc5c8f26f55b5a,keep,-0.5320,,jittery+hesitant,4,172,174,0.9711,,,,0.0096,1.5813,0.1073,1.0783,0.1520
692ea6a03b319da763b71ae8,6903bd580e94ce070afd33cd,keep,-0.5321,,unsteady_camera,0,211,219,0.9679,,,,0.6880,0.3217,1.8030,0.3032,0.1042
692eb29dffdc0ca6345c43c6,69070e0b9adc5c8f26f55b5a,keep,-0.5326,,poor_image+incomplete,45,110,127,0.5159,,,,2.1550,-1.1998,0.0626,0.5646,1.6680
692eac0b96d2056439f01914,6871d82a1aaf88556f0c6041,keep,-0.5329,,unsteady_camera+hesitant,0,118,120,0.9916,,,,0.5743,0.4635,1.4811,1.2236,-0.5312
692ed8c1f2e4e72c033b9989,690362600e94ce070afd1d30,keep,-0.5341,,poor_image,21,328,348,0.8847,,,,1.4492,0.7315,0.0231,0.1457,0.2991
692ea8f0ba0400c70689ff4b,6903686e0e94ce070afd1f24,keep,-0.5343,,,0,91,93,0.9891,0.1897,2,0.0001,0.7325,0.9278,0.3862,0.0000,-0.6388
692e9cb63b319da763b71998,6903bd580e94ce070afd33cd,keep,-0.5346,,jittery+hesitant,0,169,171,0.9941,,,,0.1210,2.0115,-0.2144,1.7416,-0.9838
692ea4852fa9ba56c08f8114,6903bd580e94ce070afd33cd,keep,-0.5353,,poor_image+unsteady_camera,27,195,226,0.7467,,,,1.8697,0.0128,1.0024,-0.5342,0.4552
692ef773fbcce321dca74f2b,69150bf42756853dcad943f2,keep,-0.5360,,hesitant,5,172,176,0.9543,,,,0.6201,0.7882,0.7227,1.0065,-0.0894
692ea137b77ab81b8b41edcf,68696b41314bde44018fa510,keep,-0.5369,,unsteady_camera,0,191,193,0.9948,,,,0.0320,0.6464,2.9743,0.0000,-0.2334
692e977b74b24813e75973f2,69150bf42756853dcad943f2,keep,-0.5371,,hesitant+incomplete,38,119,121,0.6750,,,,-0.0839,0.2129,-0.2469,2.5478,1.2657
692ea71e40338017b7f99947,690366b20e94ce070afd1e8a,keep,-0.5373,,unsteady_camera,33,214,216,0.8419,,,,0.8470,0.5055,2.0363,0.0529,-0.3566
692eaea740338017b7f999f7,6903686e0e94ce070afd1f24,keep,-0.5378,,jittery+hesitant,4,131,133,0.9621,,,,0.1203,1.5137,0.3561,1.4063,-0.4492
692ea5e4854d0e0793875b8b,6903bd580e94ce070afd33cd,keep,-0.5381,,unsteady_camera,0,208,213,0.9811,,,,-0.2505,0.8620,2.5901,0.5992,-0.3396
692ea16b92a31767e35da25f,68bc72d1fcdaacc405e3db53,keep,-0.5382,,unsteady_camera,52,196,198,0.7310,,,,0.9421,0.5224,1.0828,0.1400,0.3477
692eeefdef7557106e6c4c60,68bc72d1fcdaacc405e3db53,keep,-0.5386,,hesitant,26,178,202,0.7562,,,,0.0845,0.9940,0.5553,1.1573,0.4400
692ed8c1f2e4e72c033b998f,690362600e94ce070afd1d30,keep,-0.5387,,poor_image,15,244,251,0.9160,,,,1.6962,0.2811,0.7941,0.1494,-0.1385
692eae803019385fbbf56864,690366b20e94ce070afd1e8a,keep,-0.5388,,hesitant+incomplete,109,231,234,0.5236,,,,0.2873,-0.1718,0.8892,1.4791,1.2299
692eac86eee2f8cb10d0f89f,6903b590466be157ec64580a,keep,-0.5390,,jittery+unsteady_camera,7,188,190,0.9577,,,,0.8674,1.0540,1.1802,-0.2128,-0.0769
692eaa88727c13b350cb7d02,690362600e94ce070afd1d30,keep,-0.5391,,unsteady_camera+hesitant,0,320,325,0.9877,,,,0.5377,0.6428,1.6011,1.0044,-0.6029
692ea40397ffd8ec90340156,6903686e0e94ce070afd1f24,keep,-0.5396,,unsteady_camera+hesitant,3,110,112,0.9640,,,,-0.0511,-0.2634,2.2732,1.6723,0.3034
692ea32f5aae241ad236ed0c,6903686e0e94ce070afd1f24,keep,-0.5397,,hesitant,3,123,125,0.9677,,,,0.5026,0.2245,0.7994,1.9951,-0.1072
692ea286dfa411398777696f,6871d82a1aaf88556f0c6041,keep,-0.5400,,poor_image+incomplete,12,103,105,0.8750,,,,1.2344,0.4326,0.2148,0.0000,1.0650
692eaae0c609aae267b279ae,69070e0b9adc5c8f26f55b5a,keep,-0.5408,,poor_image+unsteady_camera,0,155,157,0.9936,,,,1.4139,-0.5472,2.0463,0.4560,-0.0165
692ed7b14cbe80983737fdcb,6903b590466be157ec64580a,keep,-0.5412,,incomplete,18,186,195,0.8660,0.0945,3,0.9701,-0.0440,-0.4460,0.3005,0.2084,1.1912
692ea40397ffd8ec9034015b,6903686e0e94ce070afd1f24,keep,-0.5413,,unsteady_camera,0,103,105,0.9904,,,,0.6609,-0.2220,3.4823,0.0000,-0.3517
692eaa76dfa4113987776a5d,6871e269bc1991b1a1e463ba,keep,-0.5416,,poor_image,0,203,205,0.9951,,,,1.5778,0.0955,-0.3782,0.9003,0.7588
692ea776dfa41139877769f0,6903686e0e94ce070afd1f24,keep,-0.5416,,poor_image+hesitant,36,89,91,0.5889,,,,1.5124,-0.1709,0.0128,1.0313,0.7345
692e9b461e78e176ba6cf7ae,6903bd580e94ce070afd33cd,keep,-0.5418,,jittery,6,228,230,0.9694,,,,0.7315,1.5690,-0.0471,0.4887,-0.0998
692e99dd6974927fef249bcc,69150bf42756853dcad943f2,keep,-0.5425,,jittery,0,175,183,0.9615,,,,0.7128,1.3572,0.9902,0.0000,-0.2974
692eaadfc609aae267b279a4,69070e0b9adc5c8f26f55b5a,keep,-0.5428,,poor_image+hesitant,10,155,165,0.8841,,,,1.2774,-1.0334,0.8065,2.0000,0.6272
692ea476e2322e3b092b5e4b,6871d82a1aaf88556f0c6041,keep,-0.5429,,jittery+hesitant,1,124,126,0.9840,,,,0.0206,1.4828,-0.0818,1.0148,0.6123
692ea9333019385fbbf567b5,6903b590466be157ec64580a,keep,-0.5431,,incomplete,79,189,216,0.5116,,,,0.0119,0.3236,0.0873,0.6943,2.5166
692eb0a31e78e176ba6cf9c9,6846f7cf9cdf020d4a37a294,keep,-0.5433,,unsteady_camera+incomplete,74,199,203,0.6188,,,,-0.0543,0.4471,1.3867,0.0356,1.7914
692eaeaf40338017b7f99a1c,6903686e0e94ce070afd1f24,keep,-0.5437,,unsteady_camera,0,99,101,0.9900,,,,0.5205,0.4321,1.5329,0.7729,0.0710
692e9858af371a654ce7fc46,690cb8f69adc5c8f26f64201,keep,-0.5443,,hesitant,0,196,198,0.9949,0.0720,2,0.9973,-0.9074,0.8666,-0.0328,1.0899,0.0383
692ead5f3019385fbbf56853,6846f7cf9cdf020d4a37a294,keep,-0.5448,,hesitant,0,224,226,0.9956,,,,0.2278,0.6866,0.3391,1.8439,0.2587
692e9ee3c7cb0e94dc84bac6,6903686e0e94ce070afd1f24,keep,-0.5453,,poor_image,1,93,95,0.9787,,,,1.1932,0.5051,0.7505,0.0000,0.5194
692eaa856974927fef249d05,6903b590466be157ec64580a,keep,-0.5454,,unsteady_camera+incomplete,40,141,143,0.7113,,,,-0.3008,0.3991,1.2523,0.6503,1.7679
692ea69aaec602a46af1058a,6903686e0e94ce070afd1f24,keep,-0.5457,,hesitant,8,109,111,0.9182,,,,0.2140,0.7447,-0.2831,2.0000,0.6650
692e98ab5aae241ad236ebea,6871d82a1aaf88556f0c6041,keep,-0.5460,,poor_image,0,135,137,0.9926,0.1415,1,0.8172,1.3937,0.5779,-0.2442,0.0000,0.2465
692eac0792a31767e35da394,6846f7cf9cdf020d4a37a294,keep,-0.5463,,hesitant+incomplete,90,223,225,0.5938,,,,-0.7159,0.1241,0.5774,2.0783,2.0560
692eaec6f169106feb26afca,6871d82a1aaf88556f0c6041,keep,-0.5468,,hesitant+incomplete,2,102,107,0.9434,,,,0.3624,-0.1073,-0.2280,2.5704,1.1024
692ea9b1b77ab81b8b41eec5,69036806466be157ec64477f,keep,-0.5473,,unsteady_camera+hesitant,64,201,234,0.5880,,,,0.6341,-0.4945,1.3532,2.4510,-0.1823
692ea967727c13b350cb7cdc,6903686e0e94ce070afd1f24,keep,-0.5478,,unsteady_camera,3,118,120,0.9664,,,,0.9635,0.6714,1.1657,0.6495,-0.4330
692eac130793395ac4f6ffcb,6903bd580e94ce070afd33cd,keep,-0.5484,,jittery+hesitant,9,205,207,0.9515,,,,0.3264,1.2831,0.8705,1.3556,-0.8019
692e9938f169106feb26acf4,6903686e0e94ce070afd1f24,keep,-0.5488,,poor_image,8,97,110,0.8165,,,,2.3807,-0.1702,0.1076,0.0000,0.4183
692eaa04c7cb0e94dc84bbec,68bc72d1fcdaacc405e3db53,keep,-0.5502,,poor_image,64,170,172,0.6199,,,,1.1830,0.6997,0.1062,0.3658,0.5554
692ef4e84215b056bf36e8aa,69150bf42756853dcad943f2,keep,-0.5505,,poor_image,0,120,122,0.9917,,,,1.5157,0.6801,-0.0239,0.2678,0.3160
692efd3cef7557106e6c4dd4,6904b8d0466be157ec648ef1,keep,-0.5512,,jittery,0,230,232,0.9957,,,,-0.0540,2.2340,0.6737,0.0000,-0.0854
692ea69aaec602a46af10588,6903686e0e94ce070afd1f24,keep,-0.5515,,hesitant,0,105,107,0.9906,,,,-0.0446,0.3491,0.0497,2.8756,0.4784
692eaa88727c13b350cb7d05,690362600e94ce070afd1d30,keep,-0.5529,,,94,292,294,0.6758,,,,0.4073,0.9026,0.3734,0.7469,0.7853
692e9ab9d3d807884d4dd61d,69150bf42756853dcad943f2,keep,-0.5535,,poor_image+unsteady_camera,1,97,99,0.9796,,,,1.5809,-0.1736,2.5790,0.0000,-0.8156
692eaeae40338017b7f99a11,6903686e0e94ce070afd1f24,keep,-0.5536,,poor_image,0,127,129,0.9922,,,,1.1333,0.9568,0.7060,0.0000,0.0339
692eafb5dbc4294a49cc7324,69070e0b9adc5c8f26f55b5a,keep,-0.5537,,incomplete,70,152,154,0.5359,,,,-0.2258,0.5748,0.5795,0.4650,2.3081
692ea3c0ffdc0ca6345c4252,690366b20e94ce070afd1e8a,keep,-0.5539,,poor_image+hesitant,0,155,168,0.9281,,,,1.1926,0.2635,0.6266,1.0451,0.0211
692eac8892a31767e35da3bd,69070e0b9adc5c8f26f55b5a,keep,-0.5544,,jittery+hesitant,0,154,156,0.9935,,,,0.1736,1.1531,0.2433,1.4892,0.1579
692eac8992a31767e35da3c6,69070e0b9adc5c8f26f55b5a,keep,-0.5544,,unsteady_camera,0,158,160,0.9937,,,,0.1955,0.7264,2.3539,0.0000,0.1443
692eafddb8797912ff78a90a,6903b590466be157ec64580a,keep,-0.5553,,jittery,0,180,182,0.9945,,,,-0.0167,1.2980,0.8525,0.5879,0.5247
692ea888e2322e3b092b5ef4,6903b590466be157ec64580a,keep,-0.5559,,poor_image,0,163,165,0.9939,,,,2.7293,0.3225,0.0404,-0.2128,-0.5142
692eb29effdc0ca6345c43d5,69070e0b9adc5c8f26f55b5a,keep,-0.5559,,hesitant,19,144,146,0.8621,,,,0.5661,-0.9069,0.1620,3.5543,0.6860
692eaf5274b24813e7597660,6846f7cf9cdf020d4a37a294,keep,-0.5565,,unsteady_camera,0,212,214,0.9953,,,,-0.0855,0.8056,2.3805,0.2319,0.2030
692ea72692a31767e35da31c,69038b590e94ce070afd2952,keep,-0.5568,,unsteady_camera,38,223,230,0.8079,,,,0.3396,0.7876,1.5449,0.5688,0.0931
692ea3f93b319da763b71a93,6871e269bc1991b1a1e463ba,keep,-0.5569,,,0,216,218,0.9954,,,,0.4953,0.8959,0.7529,0.4964,0.5621
692ee61eb07e0e30ff1131e0,6846f7cf9cdf020d4a37a294,keep,-0.5571,,poor_image+unsteady_camera,0,168,174,0.9711,,,,1.0672,-0.5756,1.9410,0.9372,0.2843
692eac2c4e7eab2cafd269f8,6903bd580e94ce070afd33cd,keep,-0.5571,,jittery,0,201,203,0.9950,0.1773,2,0.4471,0.4961,1.4430,0.1021,-0.0823,-0.8529
692eac2daec602a46af10667,6903686e0e94ce070afd1f24,keep,-0.5586,,poor_image+jittery,4,109,114,0.9292,,,,1.5003,1.0667,0.1872,0.0000,-0.1274
692eace21e78e176ba6cf958,6903bd580e94ce070afd33cd,keep,-0.5587,,jittery+unsteady_camera,2,213,215,0.9860,,,,0.1029,1.6654,1.2543,0.9149,-0.9110
692ea9f25aae241ad236edc6,6903b590466be157ec64580a,keep,-0.5592,,poor_image,0,206,208,0.9952,,,,1.4110,0.5290,0.4098,0.1373,0.4573
692eab3ce2322e3b092b5f56,6903bd580e94ce070afd33cd,keep,-0.5594,,poor_image+unsteady_camera,1,168,188,0.8930,,,,2.0699,0.1333,2.1591,-0.5342,-1.0142
692e993af169106feb26ad03,6903686e0e94ce070afd1f24,keep,-0.5602,,unsteady_camera+hesitant,2,91,94,0.9570,,,,0.6941,-0.8571,2.2254,1.6621,0.2784
692eac0839719ab57395b96d,6903b590466be157ec64580a,keep,-0.5605,,poor_image+jittery,0,175,177,0.9943,,,,1.0593,1.3772,0.6284,-0.2128,-0.1470
692ead81a0e165ab2e42e545,690cb8f69adc5c8f26f64201,keep,-0.5611,,hesitant,0,217,219,0.9954,,,,0.0090,0.0838,0.4326,3.3978,-0.0419
692eaec6f169106feb26afc6,6871d82a1aaf88556f0c6041,keep,-0.5618,,jittery+incomplete,9,135,137,0.9265,,,,-0.4359,1.2347,0.8934,0.0000,1.8410
692f091345175992cd6a0e79,690366b20e94ce070afd1e8a,keep,-0.5622,,jittery+hesitant,3,237,239,0.9832,,,,-0.1147,1.3186,0.6919,1.9821,-0.5444
692ea1ecb0d3d3c9d2606977,6903686e0e94ce070afd1f24,keep,-0.5625,,jittery+incomplete,39,102,104,0.6117,,,,0.2557,1.2045,0.7346,0.0000,1.0128
692eb1323b319da763b71c05,6903686e0e94ce070afd1f24,keep,-0.5626,,hesitant,0,120,122,0.9917,,,,0.3132,0.6576,0.2710,2.1729,0.0380
692eac2caec602a46af10660,6903686e0e94ce070afd1f24,keep,-0.5644,,poor_image+unsteady_camera,0,91,93,0.9891,,,,1.2582,-0.2167,1.4261,0.8401,0.1223
692eabd3d52427f961fa15e7,6903686e0e94ce070afd1f24,keep,-0.5645,,jittery,9,119,121,0.9167,,,,0.6609,1.1103,0.0803,0.7735,0.4411
692eac130793395ac4f6ffc9,6903bd580e94ce070afd33cd,keep,-0.5648,,poor_image+unsteady_camera,0,175,182,0.9669,,,,1.4640,0.8434,1.2270,0.3225,-1.0570
692eaeba9cebf0ec017ddd35,690366b20e94ce070afd1e8a,keep,-0.5648,,poor_image,46,198,212,0.7204,,,,1.5808,0.0728,0.1195,0.6689,0.6850
692ea25af169106feb26adfa,6871e269bc1991b1a1e463ba,keep,-0.5648,,poor_image+unsteady_camera,2,223,225,0.9866,,,,1.0614,0.6693,1.2594,0.0000,0.0983
692eabd54e86f0c01a20729f,6903686e0e94ce070afd1f24,keep,-0.5650,,poor_image+jittery+unsteady_camera,0,99,101,0.9900,,,,1.0800,1.2299,1.0837,0.0000,-0.5935
692eaee739719ab57395b992,6903bd580e94ce070afd33cd,keep,-0.5655,,jittery+unsteady_camera,0,169,171,0.9941,0.1342,2,0.0460,0.6878,1.1530,1.6002,0.3779,-0.5918
692ef163f2e4e72c033b9b2d,690cb8f69adc5c8f26f64201,keep,-0.5656,,unsteady_camera+hesitant,1,187,189,0.9894,,,,0.1412,0.3269,1.3018,2.0637,-0.1082
692ea139b77ab81b8b41eddd,68696b41314bde44018fa510,keep,-0.5666,,unsteady_camera+incomplete,0,194,208,0.9372,,,,0.0175,0.3440,2.0738,0.0000,1.3504
692ee61eb07e0e30ff1131e5,6846f7cf9cdf020d4a37a294,keep,-0.5670,,poor_image+hesitant,6,163,165,0.9573,,,,1.2488,-0.5139,0.2186,2.5395,0.1086
692ea601ea43f09edf26f5a3,6846f7cf9cdf020d4a37a294,keep,-0.5678,,jittery+unsteady_camera,13,196,198,0.9289,,,,-0.3254,1.2100,1.8102,0.7370,0.1003
692ea5f4eee2f8cb10d0f7de,69150bf42756853dcad943f2,keep,-0.5684,,poor_image,0,125,134,0.9398,,,,1.5646,0.2339,0.9955,0.0000,0.2858
692ea7f5f169106feb26aedb,6903686e0e94ce070afd1f24,keep,-0.5685,,,7,129,131,0.9385,,,,0.8219,0.8841,0.0190,0.5945,0.8072
692e9b38b77ab81b8b41ed2c,6903bd580e94ce070afd33cd,keep,-0.5688,,poor_image+unsteady_camera,44,212,222,0.7602,,,,1.0557,0.1739,1.9649,0.1127,0.0593
692eac2baec602a46af1065b,6903686e0e94ce070afd1f24,keep,-0.5699,,poor_image+incomplete,37,107,112,0.6306,,,,1.4193,0.4525,0.1395,0.0000,1.0423
692eaf88526b2c3ac5f5b504,6903bd580e94ce070afd33cd,keep,-0.5701,,jittery+unsteady_camera,0,209,215,0.9766,,,,0.2263,1.6936,1.3354,0.4319,-0.6562
692e9ea6a0e165ab2e42e3e5,6903bd580e94ce070afd33cd,keep,-0.5704,,hesitant+incomplete,57,176,211,0.5667,,,,0.4393,-0.1532,0.1722,2.2177,1.1736
692e977c74b24813e75973f4,69150bf42756853dcad943f2,keep,-0.5709,,jittery+unsteady_camera,0,160,163,0.9877,,,,0.2700,1.5391,2.0000,0.0000,-0.7174
692ea9333019385fbbf567b6,6903b590466be157ec64580a,keep,-0.5710,,hesitant+incomplete,20,190,226,0.7556,,,,-0.0071,-0.5363,0.4077,2.9321,1.4724
692ef548245e91872900714f,690cb8f69adc5c8f26f64201,keep,-0.5712,,hesitant,6,179,181,0.9611,,,,0.8860,0.7274,0.1560,1.1161,0.3063
692ea6d099488ff84776f94d,69070e0b9adc5c8f26f55b5a,keep,-0.5714,,,0,157,159,0.9937,0.1868,1,0.3472,0.6400,0.9313,0.2326,0.7304,-0.0378
692eb0a11e78e176ba6cf9bc,6846f7cf9cdf020d4a37a294,keep,-0.5719,,unsteady_camera+hesitant,16,221,223,0.9234,,,,-0.1486,0.9576,1.5222,1.0708,0.1968
692eb29dffdc0ca6345c43c5,69070e0b9adc5c8f26f55b5a,keep,-0.5722,,poor_image,0,150,152,0.9934,,,,2.1071,0.3499,-0.0755,0.4711,-0.0756
692ea4c439719ab57395b8b6,68bc72d1fcdaacc405e3db53,keep,-0.5727,,hesitant,34,225,227,0.8451,,,,0.8264,0.8896,0.1391,1.5659,-0.2702
692eb0ab7641010d043547f3,690364170e94ce070afd1da5,keep,-0.5730,,hesitant+incomplete,132,223,225,0.4062,,,,0.3860,0.5491,-0.2350,1.4336,1.4094
692ead5f3019385fbbf56851,6846f7cf9cdf020d4a37a294,keep,-0.5733,,incomplete,96,206,222,0.4977,,,,0.8804,0.2165,0.6186,-0.3008,2.0495
692eaa63d3d807884d4dd7cd,6903686e0e94ce070afd1f24,keep,-0.5736,,unsteady_camera+hesitant,4,92,94,0.9462,,,,0.3338,-0.4636,2.4552,1.9960,-0.2416
692eafd8eee2f8cb10d0f8ed,6846f7cf9cdf020d4a37a294,keep,-0.5758,,hesitant+incomplete,21,153,187,0.7097,0.3202,1,0.9553,0.7386,0.0055,-0.1663,1.0909,1.4294
692ea22f5cd6df8b6023c99b,6871e269bc1991b1a1e463ba,keep,-0.5759,,unsteady_camera,0,196,198,0.9949,,,,0.2631,0.8948,1.7701,0.0000,0.5246
692e8f4aaec602a46af1032f,68696b41314bde44018fa510,keep,-0.5761,,poor_image,0,229,231,0.9957,,,,1.6149,0.6082,0.4473,0.0000,0.2505
692ea4d43b319da763b71ab9,69150bf42756853dcad943f2,keep,-0.5770,,hesitant+incomplete,58,173,182,0.6354,,,,0.8278,0.0905,0.0342,1.3311,1.2965
692ead83a0e165ab2e42e556,690cb8f69adc5c8f26f64201,keep,-0.5773,,poor_image+hesitant,0,191,193,0.9948,,,,1.2903,0.2859,0.8701,1.9118,-1.1053
692eac120793395ac4f6ffba,6903bd580e94ce070afd33cd,keep,-0.5775,,jittery+unsteady_camera,0,268,273,0.9853,,,,0.3196,2.0615,1.6116,-0.3442,-0.7965
692eb0a41e78e176ba6cf9d1,6846f7cf9cdf020d4a37a294,keep,-0.5779,,unsteady_camera,15,222,230,0.9039,,,,0.3575,0.6189,1.1985,0.5577,0.8244
692ea71c40338017b7f99939,690366b20e94ce070afd1e8a,keep,-0.5779,,jittery+unsteady_camera,2,181,183,0.9835,,,,0.2953,1.1464,1.8540,0.4878,-0.4588
692eaaa6dbc4294a49cc72ca,69070e0b9adc5c8f26f55b5a,keep,-0.5787,,unsteady_camera+hesitant,1,139,141,0.9857,,,,-0.0374,0.8049,1.2354,2.0000,-0.3361
692e977774b24813e75973e6,6871e269bc1991b1a1e463ba,keep,-0.5804,,jittery,0,188,190,0.9947,,,,0.5066,1.0882,-0.0172,0.9717,0.7163
692ea98199488ff84776f99c,68696b41314bde44018fa510,keep,-0.5805,,poor_image,0,221,223,0.9955,,,,1.4697,0.4782,0.6278,0.0000,0.5136
692ea2d4c7cb0e94dc84bb56,69070e0b9adc5c8f26f55b5a,keep,-0.5812,,poor_image+jittery,1,170,172,0.9883,,,,1.7641,1.2608,-0.6172,0.0000,0.1480
692ea80d92a31767e35da337,6903686e0e94ce070afd1f24,keep,-0.5817,,hesitant,0,141,143,0.9930,,,,0.1447,0.7074,0.2461,3.3072,-0.7598
692e993bf169106feb26ad0d,6903686e0e94ce070afd1f24,keep,-0.5820,,unsteady_camera,0,95,102,0.9406,,,,0.9659,-0.3268,2.4041,0.0000,0.7111
692e98917641010d0435456c,690cb8f69adc5c8f26f64201,keep,-0.5821,,unsteady_camera+hesitant,0,195,210,0.9330,,,,0.2506,0.2423,1.0445,1.6902,0.6005
692ef162f2e4e72c033b9b27,690cb8f69adc5c8f26f64201,keep,-0.5824,,unsteady_camera+hesitant,0,231,233,0.9957,,,,0.1294,0.5787,1.3189,1.7914,-0.0960
692eaa846974927fef249d01,6903b590466be157ec64580a,keep,-0.5824,,unsteady_camera+hesitant,18,190,192,0.9005,,,,-0.0784,0.6262,1.3336,1.3046,0.6170
692ea0bd727c13b350cb7bf3,6903686e0e94ce070afd1f24,keep,-0.5840,,unsteady_camera,0,94,97,0.9792,,,,0.2157,0.4907,1.9278,0.9668,0.1335
692eab1bb77ab81b8b41eede,6903b590466be157ec64580a,keep,-0.5846,,poor_image,70,216,218,0.6728,,,,1.1158,0.5634,0.8965,0.1637,0.5130
692eb29cffdc0ca6345c43ba,69070e0b9adc5c8f26f55b5a,keep,-0.5847,,poor_image+hesitant,5,119,121,0.9500,,,,2.2798,-0.3083,-0.2716,1.1856,0.2218
692ea1aa3b319da763b71a41,69070e0b9adc5c8f26f55b5a,keep,-0.5855,,hesitant,0,161,163,0.9938,,,,0.3029,0.7178,-0.2663,2.7124,0.1211
692ee1584215b056bf36e7a0,690364170e94ce070afd1da5,keep,-0.5858,,unsteady_camera+hesitant+incomplete,100,206,208,0.5121,,,,0.2682,-0.3382,1.5672,1.1720,1.4665
692ea92a99488ff84776f983,69070e0b9adc5c8f26f55b5a,keep,-0.5859,,poor_image,2,200,202,0.9851,,,,2.8658,-0.4231,0.0579,0.0000,0.3794
692ededa45175992cd6a0bb6,690362600e94ce070afd1d30,keep,-0.5861,,incomplete,0,214,232,0.9264,0.0828,2,0.8961,-0.1087,0.9630,-0.2482,0.3253,1.0351
692ea75274b24813e75975a4,6904b8d0466be157ec648ef1,keep,-0.5872,,jittery,19,228,232,0.9048,,,,0.8151,1.2082,0.0938,0.1660,0.8158
692ef221b07e0e30ff11328d,690cb8f69adc5c8f26f64201,keep,-0.5875,,hesitant,0,214,216,0.9953,,,,0.5011,0.7426,0.6812,2.6417,-1.0758
692eaae1c609aae267b279b5,69070e0b9adc5c8f26f55b5a,keep,-0.5878,,poor_image+hesitant,4,113,115,0.9561,,,,1.7621,-0.2242,0.8677,1.0124,-0.0727
692eabde4e86f0c01a2072b3,6846f7cf9cdf020d4a37a294,keep,-0.5891,,poor_image+unsteady_camera,3,183,185,0.9783,,,,2.9781,-1.0396,1.6718,-0.7063,0.2506
692f19fd5cec8e06f0b2dc36,69070e0b9adc5c8f26f55b5a,keep,-0.5896,,jittery,0,285,287,0.9965,,,,0.3919,1.6280,0.5640,0.4035,0.1298
692ea8efba0400c70689ff43,6903686e0e94ce070afd1f24,keep,-0.5901,,poor_image,30,99,101,0.6900,,,,2.0409,0.0206,0.6961,0.0000,0.3422
692f49d3f59fd218b1be02b0,6904b8d0466be157ec648ef1,keep,-0.5902,,poor_image+unsteady_camera,0,212,214,0.9953,0.0820,3,0.9595,2.3555,-0.4877,1.4597,0.0000,-0.3597
692e9b61c7cb0e94dc84ba9b,690cb8f69adc5c8f26f64201,keep,-0.5907,,jittery+unsteady_camera,0,222,224,0.9955,,,,-0.0709,1.3072,1.2958,0.9629,0.0220
692eabd4d52427f961fa15e9,6903686e0e94ce070afd1f24,keep,-0.5913,,jittery,10,123,125,0.9113,,,,0.1715,1.6820,-0.1371,0.7485,0.7473
692e9500af371a654ce7fbf7,6871e269bc1991b1a1e463ba,keep,-0.5916,,poor_image+incomplete,2,212,214,0.9859,,,,1.3152,0.6653,-0.5463,0.2874,1.4292
692eb3df6974927fef249d89,6903686e0e94ce070afd1f24,keep,-0.5918,,poor_image,6,109,111,0.9364,,,,1.3042,0.7782,0.3635,0.0000,0.6552
692eaceaad0c9ef057d41deb,6903686e0e94ce070afd1f24,keep,-0.5918,,poor_image,0,109,111,0.9909,,,,1.7354,0.7114,0.0604,0.0000,0.4119
692eb3045aae241ad236ee90,6846f7cf9cdf020d4a37a294,keep,-0.5927,,jittery,0,209,211,0.9952,,,,0.9863,1.5730,0.4420,-0.0416,-0.0904
692eace21e78e176ba6cf956,6903bd580e94ce070afd33cd,keep,-0.5932,,hesitant,0,179,186,0.9676,,,,0.9799,0.7719,0.7558,1.8495,-1.0805
692ea968727c13b350cb7ce5,6903686e0e94ce070afd1f24,keep,-0.5941,,poor_image+unsteady_camera,5,103,109,0.9074,,,,1.1069,0.1763,1.0590,0.8594,0.3153
692eac7274b24813e759760e,68bc72d1fcdaacc405e3db53,keep,-0.5946,,poor_image+jittery,14,200,202,0.9254,,,,1.6744,1.2096,-0.0578,-0.2059,0.0995
692eac7574b24813e7597624,68bc72d1fcdaacc405e3db53,keep,-0.5949,,poor_image,55,219,222,0.7421,,,,1.3273,0.2727,0.6001,0.8661,0.2983
692eace6ad0c9ef057d41dc3,6903686e0e94ce070afd1f24,keep,-0.5954,,hesitant,6,111,113,0.9375,,,,0.7857,0.2340,0.1555,1.6574,0.8250
692f05bbfbcce321dca7501e,670be6761e62a52f6a35360d,keep,-0.5957,,poor_image+unsteady_camera,67,366,369,0.8125,,,,1.0413,0.7498,1.1041,0.4053,-0.0264
692eaac0c621d7f4aac3ab9d,6903b590466be157ec64580a,keep,-0.5959,,incomplete,0,189,226,0.8400,,,,0.3128,0.7925,0.7935,0.6951,1.0249
692ea69faec602a46af105ad,6903686e0e94ce070afd1f24,keep,-0.5969,,unsteady_camera+incomplete,51,108,110,0.5229,,,,0.5507,0.2220,1.8553,0.0000,1.1638
692eaf3599488ff84776fa2e,690362600e94ce070afd1d30,keep,-0.5969,,hesitant,0,290,292,0.9966,,,,0.9569,0.5673,0.4984,1.6153,-0.2216
692ea1d568bf0a1f462304f8,690cb8f69adc5c8f26f64201,keep,-0.5969,,unsteady_camera+incomplete,0,160,205,0.7843,,,,0.9018,-0.2313,1.0182,0.0000,2.1547
692eafaff169106feb26afe2,690cb8f69adc5c8f26f64201,keep,-0.5971,,jittery,1,218,220,0.9909,,,,-0.2146,2.3127,0.8104,0.2847,-0.0628
692ef0153f0f0a8706d6bb2c,6904b8d0466be157ec648ef1,keep,-0.5973,,poor_image,0,146,154,0.9542,,,,2.7564,-0.0437,0.3603,0.0000,-0.2486
692ea8eeba0400c70689ff3d,6903686e0e94ce070afd1f24,keep,-0.5974,,poor_image+unsteady_camera,8,96,99,0.8980,,,,1.5253,0.0101,1.0008,0.9471,-0.0693
692eafeedfa4113987776ab6,690362600e94ce070afd1d30,keep,-0.5981,,hesitant,0,186,209,0.8942,,,,0.4646,0.5202,0.2853,1.9183,0.5056
692ef318245e91872900711e,6904b8d0466be157ec648ef1,keep,-0.5986,,incomplete,64,267,445,0.4572,,,,0.1662,0.7006,-0.1238,0.5150,2.4989
692e95ca567c97525f401367,6871e269bc1991b1a1e463ba,keep,-0.5989,,poor_image+unsteady_camera,0,184,187,0.9892,,,,1.1286,0.3915,1.2295,0.5791,0.1035
692f02640ba268eb16564c1d,68bdae5d259c8771eea61c1b,keep,-0.5991,,jittery+unsteady_camera,12,340,373,0.8817,,,,0.3421,1.5532,1.2032,0.3254,-0.1781
692eae0697ffd8ec9034026b,6846f7cf9cdf020d4a37a294,keep,-0.6003,,hesitant+incomplete,33,164,199,0.6616,,,,0.1219,0.5054,0.0586,1.6351,1.5678
692ea1eeb0d3d3c9d2606989,6903686e0e94ce070afd1f24,keep,-0.6006,,unsteady_camera,53,115,117,0.5345,,,,0.5029,0.6556,1.0019,0.6663,0.7985
692eafd7eee2f8cb10d0f8dc,6846f7cf9cdf020d4a37a294,keep,-0.6011,,,0,187,223,0.8423,,,,0.8293,0.5261,0.6719,0.9319,0.5709
692eeefeef7557106e6c4c68,68bc72d1fcdaacc405e3db53,keep,-0.6019,,unsteady_camera+hesitant,0,160,162,0.9938,,,,-1.5176,0.4549,1.9392,4.0000,-0.1317
692eafd1526b2c3ac5f5b51b,690364170e94ce070afd1da5,keep,-0.6026,,jittery,0,234,237,0.9915,,,,-0.0811,1.5470,0.7603,0.9367,0.3221
692ea1edb0d3d3c9d2606982,6903686e0e94ce070afd1f24,keep,-0.6036,,hesitant,5,112,114,0.9469,,,,0.9109,0.5908,0.1097,1.6427,0.2204
692e95ca567c97525f401362,6871e269bc1991b1a1e463ba,keep,-0.6044,,jittery,0,225,227,0.9956,,,,0.5286,1.1079,0.9445,0.2709,0.5603
692eac505cd6df8b6023caa9,690cb8f69adc5c8f26f64201,keep,-0.6045,,poor_image+jittery,0,214,223,0.9640,,,,1.3608,1.0266,0.0225,0.3431,0.2845
692ea137b77ab81b8b41edd1,68696b41314bde44018fa510,keep,-0.6051,,unsteady_camera,0,189,192,0.9895,,,,0.4744,-0.0477,3.1284,0.0000,0.4674
692eaa856974927fef249d08,6903b590466be157ec64580a,keep,-0.6061,,poor_image+unsteady_camera,0,177,196,0.9077,,,,1.3130,0.0863,1.0838,0.7873,0.2725
692ea01f99488ff84776f8b2,6903a36c466be157ec64562d,keep,-0.6064,,poor_image+hesitant,2,234,236,0.9872,,,,1.0476,0.5052,0.8474,1.0898,-0.0216
692ea6d71e78e176ba6cf8dd,69070e0b9adc5c8f26f55b5a,keep,-0.6068,,jittery,0,209,211,0.9952,,,,0.3350,1.9457,0.1427,0.3388,0.3451
692f19fd5cec8e06f0b2dc41,69070e0b9adc5c8f26f55b5a,keep,-0.6078,,unsteady_camera+incomplete,33,125,136,0.6815,,,,0.2583,-0.1547,2.2208,0.0000,1.8785
692ea766f169106feb26aeb7,69036806466be157ec64477f,keep,-0.6079,,hesitant,20,289,291,0.9276,,,,0.4678,0.8468,0.8190,1.9732,-0.5087
692eaabfc621d7f4aac3ab9c,6903b590466be157ec64580a,keep,-0.6086,,incomplete,78,207,237,0.5466,0.2673,0,0.9857,-0.0659,0.1501,0.3885,0.4405,2.4982
692e8c90aec602a46af102f1,6904b8d0466be157ec648ef1,keep,-0.6090,,jittery,27,229,234,0.8670,,,,0.5127,1.2261,0.0224,0.7313,0.9011
692ea3f93b319da763b71a96,6871e269bc1991b1a1e463ba,keep,-0.6093,,hesitant,0,213,215,0.9953,,,,0.9633,0.9928,0.4793,1.0067,-0.1550
692e9ea6a0e165ab2e42e3e9,6903bd580e94ce070afd33cd,keep,-0.6100,,hesitant+incomplete,28,140,182,0.6188,,,,0.0493,-0.3692,0.1223,3.4484,1.1790
692eb29effdc0ca6345c43d2,69070e0b9adc5c8f26f55b5a,keep,-0.6101,,poor_image+incomplete,72,128,130,0.4341,,,,1.0912,-0.2935,0.3131,0.5515,2.2098
692eaf3599488ff84776fa2f,690362600e94ce070afd1d30,keep,-0.6102,,unsteady_camera,12,281,297,0.9088,,,,0.2085,0.2941,2.1438,0.6195,0.7544
692ea30640338017b7f998d7,6903686e0e94ce070afd1f24,keep,-0.6105,,unsteady_camera+hesitant,47,115,117,0.5862,,,,0.3124,-0.1275,1.4734,1.6002,0.9229
692eac7474b24813e759761c,68bc72d1fcdaacc405e3db53,keep,-0.6110,,poor_image,39,236,239,0.8277,,,,1.5069,0.5924,0.6453,0.1576,0.3251
692eb3df6974927fef249d85,6903686e0e94ce070afd1f24,keep,-0.6123,,hesitant,5,109,114,0.9204,,,,0.2600,0.3167,0.6644,2.1893,0.5673
692e9fc15aae241ad236ecc6,690362600e94ce070afd1d30,keep,-0.6131,,poor_image+unsteady_camera+hesitant,9,282,285,0.9613,,,,1.1573,0.1773,1.1730,1.0628,0.0538
692ea4d974b24813e7597553,690cb8f69adc5c8f26f64201,keep,-0.6135,,jittery+hesitant,4,225,233,0.9526,,,,-0.1502,1.1451,0.5863,1.7914,0.4242
692ea2012c8fefa9948e8dd0,6871d6cd07c5fd75be83e337,keep,-0.6147,,unsteady_camera+hesitant,0,179,181,0.9944,,,,-0.2044,0.2917,2.5535,1.7316,-0.1135
692eafd7eee2f8cb10d0f8ea,6846f7cf9cdf020d4a37a294,keep,-0.6148,,poor_image,0,174,202,0.8657,,,,1.7190,0.7727,0.0215,0.4085,0.1362
692e98074e86f0c01a2070cb,68696b41314bde44018fa510,keep,-0.6163,,jittery+hesitant,0,234,236,0.9957,,,,0.5231,1.1133,-0.2755,1.7823,0.3527
692e90002fa9ba56c08f7f80,6904b8d0466be157ec648ef1,keep,-0.6177,,poor_image+hesitant,0,222,224,0.9955,,,,1.2415,0.2781,0.0361,2.0000,0.0087
692eac87eee2f8cb10d0f8a9,6903b590466be157ec64580a,keep,-0.6179,,poor_image,0,169,171,0.9941,,,,2.0328,0.6723,0.6478,0.6941,-1.0743
692f05bbfbcce321dca75021,670be6761e62a52f6a35360d,keep,-0.6183,,unsteady_camera+hesitant,5,416,426,0.9671,,,,0.3664,0.7867,1.6710,1.2872,-0.3600
692eabdf4e86f0c01a2072b6,6846f7cf9cdf020d4a37a294,keep,-0.6191,,hesitant,0,182,187,0.9785,0.0527,0,0.9971,0.3297,0.0403,0.4044,1.0356,-0.7048
692ee44845175992cd6a0c06,670be6761e62a52f6a35360d,keep,-0.6193,,poor_image+hesitant,30,313,326,0.8708,,,,1.1161,0.1754,0.3887,1.2533,0.7562
692eae08424dbf22e75ed150,6846f7cf9cdf020d4a37a294,keep,-0.6196,,poor_image+unsteady_camera,1,194,197,0.9847,,,,1.4508,0.5040,2.1440,-0.2490,-0.4901
692ea138b77ab81b8b41edd6,68696b41314bde44018fa510,keep,-0.6199,,incomplete,0,189,197,0.9643,,,,0.4916,0.5860,0.6626,0.9008,1.1592
692ea0c7727c13b350cb7c02,670be6761e62a52f6a35360d,keep,-0.6200,,hesitant,22,367,369,0.9375,0.0885,3,0.9584,0.3890,-0.0618,0.0728,1.0064,-0.6231
692eb3035aae241ad236ee89,6846f7cf9cdf020d4a37a294,keep,-0.6203,,jittery+unsteady_camera,0,215,217,0.9954,,,,0.6342,1.3315,1.1629,0.6100,-0.3796
692ea484c609aae267b278d5,68bc72d1fcdaacc405e3db53,keep,-0.6208,,poor_image+jittery,4,137,178,0.7514,,,,1.2484,1.0159,-0.1643,0.9603,0.1533
692eaa01aec602a46af1061a,6871d82a1aaf88556f0c6041,keep,-0.6210,,poor_image+hesitant,0,100,102,0.9901,,,,1.3294,0.3684,0.6255,1.2560,-0.0812
692e9fa297ffd8ec90340131,69150bf42756853dcad943f2,keep,-0.6213,,poor_image+unsteady_camera,0,164,166,0.9939,,,,1.8843,0.3712,1.1864,0.0000,-0.2203
692ef164f2e4e72c033b9b34,690cb8f69adc5c8f26f64201,keep,-0.6220,,unsteady_camera+hesitant,1,224,226,0.9911,,,,-0.0062,0.2160,1.2997,2.6786,0.0613
692eb0a31e78e176ba6cf9cb,6846f7cf9cdf020d4a37a294,keep,-0.6226,,unsteady_camera,8,215,217,0.9583,,,,0.0107,0.9008,1.7876,0.7699,0.4331
692ea8f3c621d7f4aac3ab7a,6903b590466be157ec64580a,keep,-0.6226,,unsteady_camera,3,176,206,0.8439,,,,0.0371,0.2996,2.2467,0.8927,0.7135
692eac87eee2f8cb10d0f8a7,6903b590466be157ec64580a,keep,-0.6226,,poor_image+unsteady_camera,26,143,145,0.8125,,,,1.7427,-0.0981,1.2307,-0.2128,0.8732
692eafb6dbc4294a49cc7328,69070e0b9adc5c8f26f55b5a,keep,-0.6234,,jittery+hesitant,0,157,159,0.9937,,,,0.7573,1.2311,-0.3250,1.4609,0.2456
692e99db6974927fef249bbe,69150bf42756853dcad943f2,keep,-0.6236,,poor_image+jittery,0,128,130,0.9922,,,,1.8576,1.7369,0.2712,0.0000,-1.2975
692ea6d61e78e176ba6cf8d9,69070e0b9adc5c8f26f55b5a,keep,-0.6239,,unsteady_camera,0,189,191,0.9947,0.0626,3,0.1951,-0.1945,0.7348,1.5594,0.3744,0.0967
692ea139b77ab81b8b41ede0,68696b41314bde44018fa510,keep,-0.6241,,poor_image+hesitant,0,189,191,0.9947,,,,1.2992,0.5544,-0.5596,1.8584,0.2895
692ea768d52427f961fa1582,68696b41314bde44018fa510,keep,-0.6242,,poor_image+hesitant,4,235,237,0.9788,,,,1.2393,0.1705,0.1535,1.4962,0.6050
692eaa04c7cb0e94dc84bbf0,68bc72d1fcdaacc405e3db53,keep,-0.6259,,jittery+incomplete,81,175,177,0.5341,,,,-0.1403,1.7182,0.0206,0.6800,1.3138
692ea324424dbf22e75ecff3,67421681889e906244b520b1,keep,-0.6269,,jittery,24,363,396,0.8582,,,,0.3356,1.5060,0.4882,0.4557,0.6817
692eac8892a31767e35da3c1,69070e0b9adc5c8f26f55b5a,keep,-0.6272,,jittery+hesitant,3,196,198,0.9797,,,,0.6347,1.3497,-0.2696,1.3081,0.3755
692eace41e78e176ba6cf968,6903bd580e94ce070afd33cd,keep,-0.6280,,jittery,1,219,230,0.9520,,,,0.8008,1.9224,0.5779,0.5679,-0.8349
692eac4e5cd6df8b6023ca9b,690cb8f69adc5c8f26f64201,keep,-0.6285,,poor_image,6,201,203,0.9653,,,,1.9399,0.4460,-0.1757,0.7542,0.2421
692ea80d92a31767e35da33a,6903686e0e94ce070afd1f24,keep,-0.6309,,hesitant,9,137,139,0.9275,,,,0.8455,0.6252,-0.1692,1.6802,0.6989
692ea8eeba0400c70689ff39,6903686e0e94ce070afd1f24,keep,-0.6311,,poor_image+jittery,0,106,108,0.9907,,,,1.4880,1.1033,0.3376,0.7223,-0.5291
692eaa0f424dbf22e75ed0d3,6846f7cf9cdf020d4a37a294,keep,-0.6315,,jittery+hesitant,0,214,216,0.9953,,,,0.2453,1.4735,0.1666,1.9147,-0.2389
692eaeba9cebf0ec017ddd3d,690366b20e94ce070afd1e8a,keep,-0.6327,,poor_image+incomplete,92,221,232,0.5584,,,,1.1018,0.7468,-0.1503,0.6741,1.1322
692eb29effdc0ca6345c43d1,69070e0b9adc5c8f26f55b5a,keep,-0.6332,,poor_image+hesitant,6,175,177,0.9602,,,,1.9471,-0.8079,0.1524,2.7756,-0.2046
692e9b3a68bf0a1f46230454,6871e269bc1991b1a1e463ba,keep,-0.6341,,jittery,0,236,238,0.9958,,,,0.0295,1.8313,0.4231,0.9711,0.2537
692ea701c621d7f4aac3ab0c,68696b41314bde44018fa510,keep,-0.6350,,jittery+unsteady_camera,0,208,211,0.9905,,,,0.8393,1.2375,1.6635,0.0000,-0.3337
692eaadfc609aae267b279aa,69070e0b9adc5c8f26f55b5a,keep,-0.6357,,poor_image+hesitant,6,104,106,0.9333,,,,1.5685,-0.4024,0.5787,2.0000,0.1220
692edf784215b056bf36e765,690362600e94ce070afd1d30,keep,-0.6359,,poor_image,6,297,317,0.9209,,,,1.9240,0.4753,0.4626,-0.0878,0.4779
692ea71f40338017b7f9994a,690366b20e94ce070afd1e8a,keep,-0.6372,,poor_image+unsteady_camera+hesitant,4,213,215,0.9766,0.2454,2,0.4772,1.0321,-0.3371,2.1632,2.7131,-0.3666
692ea71e40338017b7f99943,690366b20e94ce070afd1e8a,keep,-0.6373,,unsteady_camera+incomplete,31,139,178,0.6102,,,,0.2866,0.3311,2.4104,0.0888,1.0351
692eaa5fd3d807884d4dd7ae,6903686e0e94ce070afd1f24,keep,-0.6378,,unsteady_camera,0,96,98,0.9897,,,,0.6496,-0.1522,3.4223,0.0000,0.2960
692eeeb00ba268eb16564a8f,69150bf42756853dcad943f2,keep,-0.6379,,,0,148,187,0.7957,0.0785,2,0.0980,0.5122,0.0286,0.6203,0.0000,0.7474
692eab3be2322e3b092b5f52,6903bd580e94ce070afd33cd,keep,-0.6383,,poor_image+jittery+unsteady_camera,5,186,196,0.9282,,,,1.2655,1.3425,1.4849,-0.3001,-0.6286
692ea306dbc4294a49cc7226,6871d82a1aaf88556f0c6041,keep,-0.6387,,,0,126,128,0.9921,0.1299,0,0.0284,-0.0672,0.8583,0.7481,0.0000,-0.0788
692ea4842fa9ba56c08f810f,6903bd580e94ce070afd33cd,keep,-0.6391,,jittery+unsteady_camera,0,194,202,0.9652,,,,0.8094,1.2689,1.3304,0.6613,-0.6352
692eac0739719ab57395b968,6903b590466be157ec64580a,keep,-0.6396,,hesitant,7,191,193,0.9583,,,,-0.5186,0.9847,0.7773,2.8511,0.1493
692ea9f35aae241ad236edce,6903b590466be157ec64580a,keep,-0.6397,,poor_image,4,182,184,0.9727,,,,1.6698,0.4369,0.8287,0.0105,0.4788
692eb0aec609aae267b27a27,6871d82a1aaf88556f0c6041,keep,-0.6405,,hesitant,0,134,136,0.9926,,,,-0.1478,-0.2418,0.5310,4.0000,0.5368
692eae2eaec602a46af10697,6903686e0e94ce070afd1f24,keep,-0.6431,,jittery+unsteady_camera+hesitant,0,127,129,0.9922,,,,-0.3852,1.7298,2.0124,1.3289,-0.8564
692eb302ea43f09edf26f6a1,6871d82a1aaf88556f0c6041,keep,-0.6443,,poor_image,1,157,159,0.9873,,,,2.0375,0.4739,0.1478,0.0000,0.5955
692e9b3a68bf0a1f46230451,6871e269bc1991b1a1e463ba,keep,-0.6451,,hesitant+incomplete,2,214,216,0.9860,,,,0.3615,0.7763,0.6179,1.0020,1.1888
692eab63424dbf22e75ed0fc,68696b41314bde44018fa510,keep,-0.6460,,jittery,0,187,191,0.9842,0.0670,4,0.9930,0.1771,1.8301,0.8594,0.0000,0.7347
692ea670dbc4294a49cc7270,6871e269bc1991b1a1e463ba,keep,-0.6462,,hesitant,0,221,223,0.9955,,,,-0.1557,0.8374,0.7349,2.0072,0.7587
692ea285dfa4113987776966,6871d82a1aaf88556f0c6041,keep,-0.6470,,hesitant,0,126,128,0.9921,0.1066,0,0.2036,-0.0138,0.0301,0.6350,1.1466,-0.3002
692eac0739719ab57395b963,6903b590466be157ec64580a,keep,-0.6479,,poor_image+jittery,0,204,206,0.9951,,,,1.6488,1.5637,-0.1575,-0.0135,-0.1124
692eae54c621d7f4aac3abd3,6846f7cf9cdf020d4a37a294,keep,-0.6487,,poor_image+incomplete,65,151,164,0.5276,,,,1.8297,-0.8662,0.4541,0.7631,1.8789
692ea98099488ff84776f98e,68696b41314bde44018fa510,keep,-0.6491,,poor_image,0,211,213,0.9953,,,,1.4510,0.6932,0.5737,0.8328,-0.0793
692eae09424dbf22e75ed154,6846f7cf9cdf020d4a37a294,keep,-0.6505,,poor_image+hesitant,24,226,236,0.8596,,,,1.1110,0.5452,0.6617,1.2445,0.1633
692eabd3d52427f961fa15e5,6903686e0e94ce070afd1f24,keep,-0.6515,,,4,115,117,0.9569,0.0788,0,0.9971,0.0460,0.5236,-0.1574,0.0000,0.1188
692eaf2c4e86f0c01a2072df,69070e0b9adc5c8f26f55b5a,keep,-0.6517,,poor_image+jittery,0,200,202,0.9950,,,,1.2059,1.0468,0.0759,0.7078,0.3989
692eabe14e86f0c01a2072c8,6846f7cf9cdf020d4a37a294,keep,-0.6518,,jittery+hesitant,9,209,211,0.9524,,,,-0.1515,1.0999,0.9073,1.9771,0.2554
692eaec6f169106feb26afc7,6871d82a1aaf88556f0c6041,keep,-0.6520,,jittery+hesitant,0,110,112,0.9910,,,,0.0905,1.0756,0.8051,2.0000,0.0098
692eac86eee2f8cb10d0f89d,6903b590466be157ec64580a,keep,-0.6527,,poor_image,1,182,184,0.9891,,,,2.0070,0.5677,0.8989,0.0105,-0.2022
692eab64424dbf22e75ed0fe,68696b41314bde44018fa510,keep,-0.6528,,jittery+incomplete,10,204,206,0.9463,,,,0.4135,1.2408,0.6807,0.0000,1.4077
692ea1aa3b319da763b71a3c,69070e0b9adc5c8f26f55b5a,keep,-0.6551,,jittery+hesitant,5,174,176,0.9657,,,,0.4362,1.0439,0.2779,1.6260,0.4618
692e99dc6974927fef249bc4,69150bf42756853dcad943f2,keep,-0.6551,,poor_image+jittery,0,190,192,0.9948,,,,1.2037,1.5209,0.1935,0.0000,0.3054
692ea671dbc4294a49cc7278,6871e269bc1991b1a1e463ba,keep,-0.6553,,jittery+unsteady_camera+incomplete,0,233,235,0.9957,,,,-0.4053,1.7108,1.0451,0.4603,1.1234
692eace41e78e176ba6cf966,6903bd580e94ce070afd33cd,keep,-0.6554,,jittery+unsteady_camera,3,195,201,0.9600,,,,0.9445,1.5608,1.5718,0.1504,-0.8920
692f19fd5cec8e06f0b2dc35,69070e0b9adc5c8f26f55b5a,keep,-0.6567,,jittery+unsteady_camera,1,214,216,0.9907,,,,0.0261,2.1087,1.9719,0.0000,-0.5776
692ee205245e918729006fe3,6903a36c466be157ec64562d,keep,-0.6571,,jittery,83,289,291,0.7103,0.1477,4,0.9966,-0.1673,1.1380,-0.2113,0.0147,0.7755
692eafb5dbc4294a49cc731f,69070e0b9adc5c8f26f55b5a,keep,-0.6582,,jittery+unsteady_camera,4,208,214,0.9577,,,,-0.3319,1.8537,1.2573,0.5418,0.5256
692ea72792a31767e35da324,69038b590e94ce070afd2952,keep,-0.6595,,hesitant+incomplete,106,213,232,0.4632,,,,0.9642,-0.1969,0.0790,1.9461,1.4404
692ededb45175992cd6a0bbe,690362600e94ce070afd1d30,keep,-0.6599,,poor_image,0,203,205,0.9951,,,,1.4859,0.7882,0.4003,0.4523,0.3557
692eab64424dbf22e75ed100,68696b41314bde44018fa510,keep,-0.6602,,jittery+unsteady_camera+incomplete,8,214,216,0.9581,,,,0.0148,1.2889,1.6078,0.0000,1.0584
692ea71e40338017b7f99941,690366b20e94ce070afd1e8a,keep,-0.6638,,poor_image+unsteady_camera,9,186,188,0.9465,,,,1.2500,0.6242,1.4172,0.8654,-0.4475
692e9ed321fc595fbe6f945e,6871e269bc1991b1a1e463ba,keep,-0.6646,,incomplete,0,175,223,0.7883,,,,0.7361,-0.0670,0.8439,0.7610,2.0436
692eab63424dbf22e75ed0fa,68696b41314bde44018fa510,keep,-0.6651,,jittery+hesitant,0,208,210,0.9952,,,,-0.3769,1.7647,0.0186,2.0000,0.5556
692e993af169106feb26ad02,6903686e0e94ce070afd1f24,keep,-0.6655,,poor_image+unsteady_camera+incomplete,35,97,105,0.5962,,,,1.4533,-0.5948,2.0347,0.0000,1.3357
692eace21e78e176ba6cf954,6903bd580e94ce070afd33cd,keep,-0.6666,,jittery+hesitant,12,215,217,0.9398,,,,-0.0789,2.2853,0.2144,1.9299,-0.7880
692ee0040ba268eb16564998,6903b590466be157ec64580a,keep,-0.6669,,hesitant+incomplete,8,175,207,0.8107,,,,0.0598,0.0245,0.8345,2.3840,1.3234
692eac4f5cd6df8b6023caa0,690cb8f69adc5c8f26f64201,keep,-0.6683,,hesitant,6,189,191,0.9632,,,,0.9759,0.0298,-0.1445,2.9166,0.3975
692ea22db0d3d3c9d26069a7,68bc72d1fcdaacc405e3db53,keep,-0.6688,,poor_image+unsteady_camera,38,222,224,0.8251,,,,1.5279,0.6550,1.3990,-0.3737,0.3817
692f0723ef7557106e6c4e09,6846f7cf9cdf020d4a37a294,keep,-0.6691,,hesitant+incomplete,94,210,238,0.4895,,,,-0.9723,0.7349,0.1963,2.4495,2.3941
692ea5ea68228e362d90903e,6903b590466be157ec64580a,keep,-0.6701,,poor_image+unsteady_camera,0,184,186,0.9946,,,,2.1394,0.7274,1.1607,-0.2128,-0.5577
692eb3045aae241ad236ee96,6846f7cf9cdf020d4a37a294,keep,-0.6705,,poor_image+hesitant,0,179,210,0.8565,,,,1.3561,0.2944,0.7770,1.6680,-0.2276
692e95ca567c97525f401361,6871e269bc1991b1a1e463ba,keep,-0.6709,,poor_image+unsteady_camera,0,216,218,0.9954,,,,1.2072,-0.0032,2.0936,0.2821,0.5144
692e98927641010d04354572,690cb8f69adc5c8f26f64201,keep,-0.6711,,jittery+hesitant,0,211,213,0.9953,,,,0.3706,1.4541,0.8523,1.6663,-0.5582
692ef186fbcce321dca74ea4,690cb8f69adc5c8f26f64201,keep,-0.6717,,poor_image+hesitant,0,229,231,0.9957,,,,1.9172,0.5422,0.0392,1.2047,-0.2313
692ea8ecba0400c70689ff2c,6903686e0e94ce070afd1f24,keep,-0.6718,,poor_image,0,100,107,0.9434,,,,1.5184,0.6973,0.1989,0.8756,0.3042
692eac8892a31767e35da3be,69070e0b9adc5c8f26f55b5a,keep,-0.6720,,jittery+incomplete,82,231,233,0.6422,,,,-0.1301,1.1346,0.5495,0.6133,2.0343
692eaabfc621d7f4aac3ab96,6903b590466be157ec64580a,keep,-0.6734,,hesitant+incomplete,33,197,230,0.7162,,,,0.5826,-0.4580,-0.3556,3.2144,1.6678
692e99dc6974927fef249bbf,69150bf42756853dcad943f2,keep,-0.6748,,jittery+hesitant,0,153,155,0.9935,,,,0.5050,1.4870,-0.0491,1.7156,0.0692
692ea7f4f169106feb26aed0,6903686e0e94ce070afd1f24,keep,-0.6767,,unsteady_camera+hesitant,0,129,131,0.9923,,,,-0.4564,0.5841,1.7503,3.1891,-0.3941
692ea71e40338017b7f99945,690366b20e94ce070afd1e8a,keep,-0.6767,,poor_image+jittery,4,169,171,0.9706,,,,1.1848,2.4036,-0.0892,0.1045,-0.6611
692ea66fdbc4294a49cc726e,6871e269bc1991b1a1e463ba,keep,-0.6775,,jittery,0,208,210,0.9952,,,,0.8236,2.3817,-0.3856,0.0000,0.3203
692ea8132fa9ba56c08f8194,69070e0b9adc5c8f26f55b5a,keep,-0.6776,,jittery+hesitant,5,153,155,0.9610,,,,0.9803,1.4499,0.0609,1.2114,-0.1743
692eaf5374b24813e7597667,6846f7cf9cdf020d4a37a294,keep,-0.6792,,jittery+unsteady_camera,0,202,210,0.9665,,,,0.1707,1.3522,1.9759,-0.0138,0.5084
692eac2baec602a46af1065a,6903686e0e94ce070afd1f24,keep,-0.6796,,poor_image,0,99,110,0.9083,,,,2.6577,-0.0322,0.4115,0.0000,0.4073
692eb3e16974927fef249d98,6903686e0e94ce070afd1f24,keep,-0.6796,,poor_image+unsteady_camera,28,107,109,0.7315,0.2102,3,0.9809,1.5367,0.1004,1.5942,0.0000,0.6496
692eae44854d0e0793875c55,6903b590466be157ec64580a,keep,-0.6796,,hesitant,12,215,234,0.8712,,,,0.3748,0.2231,0.7570,2.2188,0.8849
692ea80e92a31767e35da342,6903686e0e94ce070afd1f24,keep,-0.6809,,jittery,0,130,132,0.9924,0.2031,0,0.9840,0.2443,2.0386,0.2246,0.0000,-0.1130
692eac8692a31767e35da3b1,69070e0b9adc5c8f26f55b5a,keep,-0.6815,,unsteady_camera,0,110,112,0.9910,0.0955,2,0.9121,-0.2850,0.6906,1.7987,0.0000,0.4134
692f19fd5cec8e06f0b2dc46,69070e0b9adc5c8f26f55b5a,keep,-0.6838,,unsteady_camera+hesitant,0,184,186,0.9946,,,,0.4389,0.9538,1.0015,1.1536,0.5427
692eafddb8797912ff78a907,6903b590466be157ec64580a,keep,-0.6840,,jittery+hesitant,25,157,159,0.8354,,,,-0.2374,1.0695,0.2324,2.3143,0.9935
692ea3f93b319da763b71a91,6871e269bc1991b1a1e463ba,keep,-0.6846,,poor_image,0,233,235,0.9957,,,,1.9121,0.3413,0.1374,0.9207,0.3544
692eb02121fc595fbe6f95ed,690366b20e94ce070afd1e8a,keep,-0.6854,,poor_image,52,192,220,0.6393,,,,1.2549,0.9560,0.2358,0.3869,0.8590
692e9b39b77ab81b8b41ed35,6903bd580e94ce070afd33cd,keep,-0.6860,,poor_image,0,186,203,0.9208,,,,1.7442,0.9194,0.9860,0.7152,-0.8950
692e9b62c7cb0e94dc84baa6,690cb8f69adc5c8f26f64201,keep,-0.6860,,jittery+unsteady_camera+hesitant,0,226,232,0.9784,,,,-0.7835,1.8573,1.2957,1.7394,0.1564
692ede43952b26f4cc71a49f,670be6761e62a52f6a35360d,keep,-0.6864,,poor_image+unsteady_camera,18,362,416,0.8289,,,,2.2160,0.1952,1.1231,0.0894,-0.0244
692eaf5474b24813e759766d,6846f7cf9cdf020d4a37a294,keep,-0.6869,,unsteady_camera+incomplete,16,173,201,0.7850,,,,0.3091,0.5995,2.4969,-0.2325,1.1810
692eaa88727c13b350cb7d06,690362600e94ce070afd1d30,keep,-0.6869,,unsteady_camera,17,334,339,0.9379,,,,0.6728,0.7836,2.0767,0.5630,-0.0160
692efd3def7557106e6c4dd5,6904b8d0466be157ec648ef1,keep,-0.6877,,hesitant,21,182,189,0.8564,,,,0.3245,0.2805,0.7649,2.2207,0.9212
692eaee396d2056439f01946,68696b41314bde44018fa510,keep,-0.6878,,unsteady_camera,0,233,236,0.9915,,,,0.8924,0.2709,2.5399,0.0000,0.5300
692eabdf4e86f0c01a2072b8,6846f7cf9cdf020d4a37a294,keep,-0.6894,,hesitant,0,183,185,0.9946,,,,0.4262,0.6596,0.7356,2.4401,0.0213
692eaeba9cebf0ec017ddd3f,690366b20e94ce070afd1e8a,keep,-0.6897,,poor_image+incomplete,88,210,224,0.5471,,,,1.2682,0.8463,0.0939,0.3135,1.2487
692eaaa6dbc4294a49cc72c8,69070e0b9adc5c8f26f55b5a,keep,-0.6907,,poor_image+unsteady_camera,8,138,140,0.9353,,,,1.2962,0.7767,1.2800,0.8303,-0.3847
692ea9353019385fbbf567c2,6903b590466be157ec64580a,keep,-0.6911,,unsteady_camera+hesitant+incomplete,75,199,217,0.5741,,,,-0.3661,0.3951,1.5032,1.0255,2.2659
692eae0597ffd8ec90340267,6846f7cf9cdf020d4a37a294,keep,-0.6912,,hesitant+incomplete,111,236,238,0.5274,,,,-0.4694,0.7847,0.0543,2.0713,2.2395
692ea6d61e78e176ba6cf8d8,69070e0b9adc5c8f26f55b5a,keep,-0.6919,,jittery,0,187,190,0.9894,,,,0.3097,1.7512,0.5728,0.7528,0.4266
692eac0839719ab57395b96c,6903b590466be157ec64580a,keep,-0.6920,,jittery+hesitant+incomplete,59,178,180,0.6648,,,,-0.1291,1.1954,0.5903,1.0016,1.6529
692ead5d3019385fbbf5683d,6846f7cf9cdf020d4a37a294,keep,-0.6926,,poor_image,12,173,183,0.8846,,,,1.7157,0.6108,0.3441,0.1172,0.8973
692eac8a92a31767e35da3d3,69070e0b9adc5c8f26f55b5a,keep,-0.6927,,unsteady_camera+hesitant,16,147,149,0.8851,,,,0.2322,0.0222,1.8416,2.5209,0.1049
692eaa88727c13b350cb7cfc,690362600e94ce070afd1d30,keep,-0.6930,,unsteady_camera+hesitant,7,379,388,0.9612,,,,0.6761,0.6303,2.3141,1.3638,-0.7866
692eac2baec602a46af10659,6903686e0e94ce070afd1f24,keep,-0.6951,,poor_image,1,107,116,0.9217,,,,2.5453,0.1958,0.2684,0.6721,-0.1868
692eae09424dbf22e75ed152,6846f7cf9cdf020d4a37a294,keep,-0.6953,,poor_image+hesitant,0,202,204,0.9951,,,,1.1938,0.5209,0.3371,2.1096,-0.1518
692eaa07c7cb0e94dc84bbfc,68bc72d1fcdaacc405e3db53,keep,-0.6958,,jittery+incomplete,73,158,160,0.5346,,,,-0.4991,2.1834,0.6871,0.5010,1.1560
692ea478e2322e3b092b5e59,6871d82a1aaf88556f0c6041,keep,-0.6965,,,3,105,107,0.9623,0.0957,0,0.1059,0.7485,0.1472,0.1855,0.0000,0.1327
692edf784215b056bf36e763,690362600e94ce070afd1d30,keep,-0.6992,,poor_image+hesitant,11,269,292,0.8866,,,,2.1316,0.3204,-0.0988,1.1017,0.2134
692eac7374b24813e7597618,68bc72d1fcdaacc405e3db53,keep,-0.6998,,poor_image+jittery,12,206,210,0.9282,,,,2.2320,1.5532,-0.2360,-0.3737,-0.1693
692eae08424dbf22e75ed14f,6846f7cf9cdf020d4a37a294,keep,-0.7010,,jittery+hesitant,7,195,197,0.9592,,,,-0.0614,1.3325,0.8913,2.8113,-0.7022
692eaf3599488ff84776fa2d,690362600e94ce070afd1d30,keep,-0.7011,,jittery,1,328,330,0.9939,,,,0.6473,2.0757,0.5747,0.2981,-0.0497
692ed7334215b056bf36e731,670be6761e62a52f6a35360d,keep,-0.7013,,jittery+hesitant,71,418,425,0.8184,,,,0.1870,1.0856,0.8892,1.9936,0.1178
692eaf5274b24813e759765f,6846f7cf9cdf020d4a37a294,keep,-0.7024,,hesitant,0,194,201,0.9700,,,,0.4267,0.2866,0.8149,2.6108,0.4210
692e9fb79cebf0ec017ddc0c,68bc72d1fcdaacc405e3db53,keep,-0.7025,,jittery+hesitant+incomplete,107,227,229,0.5263,,,,-0.5143,1.6663,0.8610,1.2165,1.1123
692eae2daec602a46af10692,6903686e0e94ce070afd1f24,keep,-0.7076,,hesitant,6,129,131,0.9462,,,,0.5309,0.5093,0.1144,2.5945,0.6836
692ea6d199488ff84776f951,69070e0b9adc5c8f26f55b5a,keep,-0.7082,,unsteady_camera+hesitant,3,189,191,0.9789,,,,0.4120,-0.1924,1.7726,2.4795,0.3757
692ea53c7641010d043546eb,6871d82a1aaf88556f0c6041,keep,-0.7089,,poor_image,2,93,95,0.9681,,,,1.8371,0.5762,0.3713,0.0000,0.9712
692eaae0c609aae267b279b3,69070e0b9adc5c8f26f55b5a,keep,-0.7108,,poor_image+hesitant+incomplete,43,104,106,0.5810,,,,1.6476,-0.4664,-0.1810,1.0991,2.2854
692eafd9eee2f8cb10d0f8f7,6846f7cf9cdf020d4a37a294,keep,-0.7112,,jittery,0,143,145,0.9931,0.1214,4,0.9846,0.6705,1.3982,0.4829,0.2631,-1.2755
692ea6d71e78e176ba6cf8de,69070e0b9adc5c8f26f55b5a,keep,-0.7125,,hesitant,3,184,186,0.9784,,,,0.4110,0.4776,0.6296,2.4013,0.6233
692eab1cb77ab81b8b41eeeb,6903b590466be157ec64580a,keep,-0.7125,,jittery,0,196,198,0.9949,,,,0.4071,2.5185,0.8900,-0.0054,-0.2858
692eadeec609aae267b27a05,68bc72d1fcdaacc405e3db53,keep,-0.7128,,poor_image,0,158,160,0.9937,,,,2.7803,0.8002,0.3007,-0.0821,-0.5994
692ea33595aad87d3e3445c5,6903686e0e94ce070afd1f24,keep,-0.7136,,hesitant,8,119,121,0.9250,,,,-0.1371,0.6519,-0.1174,3.4791,0.8611
692ea695727c13b350cb7c8c,69070e0b9adc5c8f26f55b5a,keep,-0.7142,,jittery,0,203,205,0.9951,0.1573,4,0.9975,-0.1772,1.6080,0.5086,0.0000,0.2274
692ea0f3b05428c72fb3749d,690cb8f69adc5c8f26f64201,keep,-0.7143,,poor_image+hesitant,1,175,177,0.9886,,,,1.6834,-0.2460,0.8284,1.8501,0.1656
692eae45854d0e0793875c62,6903b590466be157ec64580a,keep,-0.7148,,unsteady_camera+hesitant+incomplete,91,204,214,0.5305,,,,-0.0122,-0.1223,1.0789,2.0454,2.0809
692ee8694215b056bf36e815,6846f7cf9cdf020d4a37a294,keep,-0.7164,,jittery+hesitant,1,209,211,0.9905,,,,0.9855,1.4647,0.3547,1.0500,-0.0653
692ea6fa4e86f0c01a20721d,6903bd580e94ce070afd33cd,keep,-0.7174,,poor_image+jittery,29,218,247,0.7683,,,,1.7853,1.0160,0.6587,0.0715,0.0895
692e9b461e78e176ba6cf7b1,6903bd580e94ce070afd33cd,keep,-0.7183,,jittery+hesitant+incomplete,75,224,226,0.6622,,,,0.2884,1.4195,-0.1408,1.1960,1.4114
692ed8c1f2e4e72c033b998d,690362600e94ce070afd1d30,keep,-0.7186,,poor_image+unsteady_camera,96,259,265,0.6174,,,,1.2341,0.2265,2.1621,-0.2632,0.9403
692eb1475aae241ad236ee79,68bc72d1fcdaacc405e3db53,keep,-0.7190,,poor_image+unsteady_camera+hesitant,49,213,222,0.7421,,,,1.0975,-0.7433,1.4587,2.5067,0.5361
692eab3be2322e3b092b5f4d,6903bd580e94ce070afd33cd,keep,-0.7206,,jittery+unsteady_camera,34,220,222,0.8416,,,,-0.0299,1.2254,2.1209,0.7596,0.3707
692ea1edb0d3d3c9d260697c,6903686e0e94ce070afd1f24,keep,-0.7209,,hesitant+incomplete,27,124,126,0.7760,,,,0.5304,-0.0134,0.3484,2.7217,1.2008
692ed8c1f2e4e72c033b998c,690362600e94ce070afd1d30,keep,-0.7212,,poor_image+incomplete,82,310,341,0.6706,,,,2.2336,0.2015,-0.4046,0.1239,1.6762
692eac0739719ab57395b969,6903b590466be157ec64580a,keep,-0.7216,,jittery+hesitant,0,203,205,0.9951,,,,0.8749,1.6417,0.3661,1.0530,-0.1432
692eafdcb8797912ff78a8fe,6903b590466be157ec64580a,keep,-0.7219,,jittery,0,221,224,0.9910,,,,0.1413,2.0639,0.5296,0.6617,0.5542
692ed7334215b056bf36e733,670be6761e62a52f6a35360d,keep,-0.7222,,poor_image+unsteady_camera,76,396,425,0.7547,,,,1.1983,0.3835,1.4190,0.9503,0.3135
692eaeba9cebf0ec017ddd37,690366b20e94ce070afd1e8a,keep,-0.7240,,hesitant+incomplete,89,222,233,0.5733,,,,0.7376,0.6938,0.2265,1.5749,1.1193
692ea8ebba0400c70689ff24,6903686e0e94ce070afd1f24,keep,-0.7244,,poor_image,2,108,115,0.9298,,,,1.9087,0.5489,0.8093,0.0000,0.5750
692eac8792a31767e35da3b9,69070e0b9adc5c8f26f55b5a,keep,-0.7251,,jittery+unsteady_camera+hesitant,1,178,180,0.9888,,,,-0.1910,1.3129,1.1945,3.1923,-0.9939
692ea94ca0e165ab2e42e4d9,6903b590466be157ec64580a,keep,-0.7259,,hesitant+incomplete,34,204,238,0.7173,0.2856,4,0.9954,0.2085,-0.5349,0.9526,2.8215,1.2039
692ea309dbc4294a49cc723b,6871d82a1aaf88556f0c6041,keep,-0.7262,,poor_image+incomplete,15,129,134,0.8571,,,,1.0417,0.9964,0.9040,0.0000,1.1224
692ea701c621d7f4aac3ab0f,68696b41314bde44018fa510,keep,-0.7268,,jittery+unsteady_camera+hesitant,1,211,213,0.9906,,,,0.5327,1.1232,1.0589,1.1429,0.4020
692edf794215b056bf36e766,690362600e94ce070afd1d30,keep,-0.7291,,jittery+incomplete,123,275,289,0.5278,,,,0.4733,1.5028,0.7010,0.3502,1.0882
692ee8684215b056bf36e810,6846f7cf9cdf020d4a37a294,keep,-0.7295,,poor_image+jittery,0,212,214,0.9953,,,,1.2270,2.5142,0.0973,-0.0510,-0.5519
692eaa87727c13b350cb7cfb,690362600e94ce070afd1d30,keep,-0.7306,,jittery+unsteady_camera,19,357,359,0.9441,,,,0.2253,1.6078,1.7529,0.6329,-0.0215
692eac7a95aad87d3e3446b4,690366b20e94ce070afd1e8a,keep,-0.7314,,jittery+unsteady_camera+hesitant,0,234,236,0.9957,,,,-0.0418,1.6085,1.6011,1.4930,-0.3241
692eb1465aae241ad236ee74,68bc72d1fcdaacc405e3db53,keep,-0.7317,,poor_image+jittery+unsteady_camera,22,221,223,0.8964,,,,1.1600,1.4479,1.6153,0.1959,-0.6014
692ea30440338017b7f998c9,6903686e0e94ce070afd1f24,keep,-0.7329,,hesitant+incomplete,80,145,147,0.4452,,,,-0.1626,0.8297,0.3661,2.0000,1.7639
692ee11af2e4e72c033b9a03,690366b20e94ce070afd1e8a,keep,-0.7338,,,50,201,234,0.6481,0.1216,2,0.0122,0.5737,0.9813,0.3441,-0.2938,0.8674
692ea8eeba0400c70689ff3f,6903686e0e94ce070afd1f24,keep,-0.7345,,poor_image+unsteady_camera,1,102,104,0.9806,,,,1.5522,0.5962,1.4098,0.9011,-0.3924
692e9ee7c7cb0e94dc84bae7,6903686e0e94ce070afd1f24,keep,-0.7365,,unsteady_camera,28,105,107,0.7264,,,,0.4255,0.3134,3.7062,0.0000,0.3412
692ea9c4dfa4113987776a43,6903b590466be157ec64580a,keep,-0.7371,,hesitant+incomplete,89,220,227,0.5796,,,,0.4958,0.8939,-0.4847,1.0526,2.5072
692ef057245e9187290070ec,6846f7cf9cdf020d4a37a294,keep,-0.7372,,jittery+hesitant,0,181,183,0.9945,,,,0.1239,1.5718,0.1606,2.9389,-0.4824
692ea22cb0d3d3c9d260699e,68bc72d1fcdaacc405e3db53,keep,-0.7375,,poor_image,0,176,209,0.8462,0.0308,3,0.6157,1.0812,0.4329,0.3903,0.3357,0.3470
692eb3045aae241ad236ee92,6846f7cf9cdf020d4a37a294,keep,-0.7388,,jittery+hesitant,0,206,208,0.9952,,,,0.5120,2.1176,0.1375,1.5581,-0.4681
692e9d46ba0400c70689fdcc,6903bd580e94ce070afd33cd,keep,-0.7407,,hesitant+incomplete,40,165,207,0.6068,,,,0.1065,0.6199,0.1251,2.3592,1.6112
692ed8c1f2e4e72c033b9988,690362600e94ce070afd1d30,keep,-0.7410,,jittery,10,336,345,0.9477,,,,0.8522,2.0898,0.5595,0.1151,0.0994
692ea3f93b319da763b71a8f,6871e269bc1991b1a1e463ba,keep,-0.7411,,jittery,0,186,188,0.9947,,,,0.4790,1.4956,0.8188,0.6547,0.7522
692eaa88727c13b350cb7cff,690362600e94ce070afd1d30,keep,-0.7417,,poor_image+incomplete,152,320,333,0.5060,,,,1.2390,0.5251,0.8622,0.2896,1.3938
692ea6fc4e86f0c01a207230,6903bd580e94ce070afd33cd,keep,-0.7427,,poor_image+unsteady_camera+hesitant,13,157,168,0.8623,,,,1.9188,-0.0679,2.1169,1.1779,-0.8721
692e98ab5aae241ad236ebee,6871d82a1aaf88556f0c6041,keep,-0.7430,,unsteady_camera+hesitant,0,97,101,0.9700,,,,0.6530,0.1073,1.8772,1.2686,0.9147
692edf784215b056bf36e764,690362600e94ce070afd1d30,keep,-0.7444,,,15,295,297,0.9459,0.0329,3,0.9651,0.7116,0.4943,0.1368,0.1146,0.1407
692eac2daec602a46af1066e,6903686e0e94ce070afd1f24,keep,-0.7466,,poor_image,0,93,100,0.9394,,,,2.3731,0.3339,0.9262,0.0000,0.2394
692ea8ebba0400c70689ff25,6903686e0e94ce070afd1f24,keep,-0.7474,,poor_image,2,96,105,0.9038,,,,2.2206,0.6490,0.4361,0.8924,-0.4010
692eac485aae241ad236edf7,6903bd580e94ce070afd33cd,keep,-0.7489,,unsteady_camera+hesitant,0,205,207,0.9951,,,,0.5935,0.9019,1.9235,1.4143,-0.3386
692e99e7ba0400c70689fd43,68696b41314bde44018fa510,keep,-0.7492,,jittery+unsteady_camera,0,201,203,0.9950,,,,0.4971,1.8486,1.4540,0.0000,0.2717
692ee8694215b056bf36e813,6846f7cf9cdf020d4a37a294,keep,-0.7497,,poor_image+jittery+hesitant,0,211,213,0.9953,,,,1.1035,1.1387,0.2245,1.4562,0.2039
692ef39efbcce321dca74ef1,69038b590e94ce070afd2952,keep,-0.7499,,jittery+unsteady_camera,0,307,331,0.9303,0.1301,2,0.7789,0.7128,1.1276,1.6501,0.6591,-0.0413
692ee8684215b056bf36e80b,6846f7cf9cdf020d4a37a294,keep,-0.7502,,poor_image+jittery+hesitant,0,208,213,0.9811,,,,1.2539,1.1626,-0.0372,2.1389,-0.4751
692ed8c1f2e4e72c033b998b,690362600e94ce070afd1d30,keep,-0.7513,,jittery+unsteady_camera+hesitant,0,333,337,0.9911,,,,0.7271,1.5426,1.4557,1.0074,-0.6082
692eaf3599488ff84776fa2a,690362600e94ce070afd1d30,keep,-0.7533,,poor_image+unsteady_camera+incomplete,58,243,252,0.7371,,,,1.5660,0.1975,1.2637,0.2489,1.1152
692e95ca567c97525f401363,6871e269bc1991b1a1e463ba,keep,-0.7540,,unsteady_camera,0,211,213,0.9953,,,,0.9774,0.6389,1.9709,0.5081,0.3743
692eaa05c7cb0e94dc84bbf8,68bc72d1fcdaacc405e3db53,keep,-0.7542,,jittery+unsteady_camera+hesitant,84,179,181,0.5278,,,,0.2760,1.3598,1.4299,1.2889,0.1070
692ea887e2322e3b092b5eec,6903b590466be157ec64580a,keep,-0.7548,,poor_image+unsteady_camera,0,191,193,0.9948,,,,1.9156,0.8599,1.2430,0.0000,-0.1227
692ea33195aad87d3e3445ab,6903686e0e94ce070afd1f24,keep,-0.7548,,hesitant,45,113,115,0.5965,,,,0.3065,0.8399,0.2092,2.8142,0.5408
692eaec8f169106feb26afda,6871d82a1aaf88556f0c6041,keep,-0.7559,,poor_image+incomplete,0,90,99,0.9184,,,,2.0885,0.0554,0.4097,0.0000,1.6655
692e9ed321fc595fbe6f945c,6871e269bc1991b1a1e463ba,keep,-0.7563,,poor_image,0,195,206,0.9512,,,,2.8579,0.1611,0.3876,0.0000,0.3781
692eab65d3d807884d4dd7de,69070e0b9adc5c8f26f55b5a,keep,-0.7574,,jittery,0,216,227,0.9558,,,,0.3300,1.8646,0.7695,0.9443,0.2958
692e9fe6af371a654ce7fd17,69150bf42756853dcad943f2,keep,-0.7575,,unsteady_camera+hesitant,0,102,180,0.5698,,,,0.2972,-0.4010,2.0880,4.0000,-0.6300
692eaf3899488ff84776fa37,690362600e94ce070afd1d30,keep,-0.7575,,poor_image+jittery,2,354,373,0.9462,,,,1.5078,1.1542,0.7146,0.4190,0.1762
692eac88eee2f8cb10d0f8ab,6903b590466be157ec64580a,keep,-0.7579,,poor_image+jittery+unsteady_camera,2,203,205,0.9853,,,,1.4868,1.3505,1.2568,-0.2128,0.0051
692e9b62c7cb0e94dc84baa5,690cb8f69adc5c8f26f64201,keep,-0.7585,,poor_image+jittery+unsteady_camera,0,215,217,0.9954,,,,1.1719,1.7228,1.2960,0.3527,-0.6814
692eafb6dbc4294a49cc7326,69070e0b9adc5c8f26f55b5a,keep,-0.7597,,jittery+hesitant,7,181,186,0.9405,,,,0.3611,1.3731,0.4080,2.0167,0.2922
692ea71d40338017b7f9993b,690366b20e94ce070afd1e8a,keep,-0.7609,,poor_image+unsteady_camera,55,177,184,0.6667,,,,1.0110,0.9843,1.1051,0.4462,0.7824
692eac8692a31767e35da3b3,69070e0b9adc5c8f26f55b5a,keep,-0.7645,,hesitant+incomplete,44,110,112,0.5946,,,,0.7654,0.2268,0.5478,1.0397,2.2755
692ea0bc727c13b350cb7be4,6903686e0e94ce070afd1f24,keep,-0.7647,,unsteady_camera+hesitant,26,91,94,0.6989,,,,0.6354,-0.0530,2.0064,1.9960,0.4769
692ea71d40338017b7f9993e,690366b20e94ce070afd1e8a,keep,-0.7653,,poor_image+unsteady_camera+hesitant,8,177,179,0.9494,,,,1.9534,0.8678,1.6579,1.6848,-2.2175
692eaa172fa9ba56c08f81bd,69150bf42756853dcad943f2,keep,-0.7660,,poor_image+unsteady_camera+incomplete,56,156,159,0.6329,,,,2.1594,-0.4884,1.8439,0.0000,1.0116
692ea8fb727c13b350cb7cb1,6903bd580e94ce070afd33cd,keep,-0.7671,,,38,178,181,0.7778,0.0595,2,0.6999,-0.1989,0.9097,0.2543,0.2936,0.4972
692eb228b77ab81b8b41ef93,6903686e0e94ce070afd1f24,keep,-0.7684,,hesitant,0,101,103,0.9902,,,,0.0559,0.7578,0.2130,3.5155,0.4301
692ea1c4a0e165ab2e42e432,68696b41314bde44018fa510,keep,-0.7689,,hesitant+incomplete,23,186,188,0.8717,,,,0.0274,0.4039,0.0867,2.2399,2.4089
692ea3fa3b319da763b71a9c,6871e269bc1991b1a1e463ba,keep,-0.7701,,poor_image+unsteady_camera,0,215,219,0.9862,,,,1.5225,0.3459,1.3596,0.9882,0.2400
692ef163f2e4e72c033b9b31,690cb8f69adc5c8f26f64201,keep,-0.7710,,poor_image+hesitant,16,217,221,0.9136,,,,1.4910,-0.3507,-0.1604,3.0230,0.8239
692ed8c2f2e4e72c033b9994,690362600e94ce070afd1d30,keep,-0.7719,,poor_image,24,243,257,0.8555,,,,1.8960,0.7456,0.8830,0.1310,0.4273
692ee8674215b056bf36e805,6846f7cf9cdf020d4a37a294,keep,-0.7748,,poor_image+jittery,0,249,256,0.9765,,,,1.4235,1.7319,0.6221,0.3885,-0.3198
692e9939f169106feb26acfb,6903686e0e94ce070afd1f24,keep,-0.7755,,poor_image,2,101,104,0.9612,0.1179,0,0.9593,1.9426,-0.5932,0.2190,0.0000,0.2312
692ea7684e86f0c01a207241,6871d82a1aaf88556f0c6041,keep,-0.7758,,poor_image,0,120,122,0.9917,,,,3.0730,0.8155,-0.0972,0.0000,-0.3046
692ea94ca0e165ab2e42e4dd,6903b590466be157ec64580a,keep,-0.7765,,unsteady_camera,3,195,235,0.8205,,,,0.1438,0.9416,2.3701,0.4460,0.9914
692eb119b8797912ff78a922,6904b8d0466be157ec648ef1,keep,-0.7768,,jittery+hesitant,0,237,239,0.9958,,,,0.5983,1.5127,0.3645,1.5216,0.3847
692eace31e78e176ba6cf962,6903bd580e94ce070afd33cd,keep,-0.7772,,unsteady_camera+hesitant,2,139,141,0.9786,,,,0.9753,0.7667,1.6307,2.8491,-1.6525
692eac120793395ac4f6ffbc,6903bd580e94ce070afd33cd,keep,-0.7774,,jittery+hesitant,3,223,225,0.9821,,,,0.2473,2.5249,0.5913,1.2847,-0.5925
692eb06cc7cb0e94dc84bca9,690364170e94ce070afd1da5,keep,-0.7788,,poor_image+hesitant,102,204,206,0.4976,,,,1.2443,0.8872,0.1541,1.6341,0.4662
692eaea740338017b7f999f5,6903686e0e94ce070afd1f24,keep,-0.7804,,poor_image+incomplete,51,113,127,0.4921,,,,2.7339,-0.7478,0.6466,0.0000,1.8370
692eddda4cbe80983737fe0e,690366b20e94ce070afd1e8a,keep,-0.7806,,jittery+hesitant,18,222,225,0.9107,0.1525,1,0.9478,0.2710,1.0735,0.1128,1.2785,-0.0518
692ee8684215b056bf36e80f,6846f7cf9cdf020d4a37a294,keep,-0.7826,,hesitant+incomplete,88,208,210,0.5742,,,,0.8013,0.9933,0.0400,1.1322,1.6141
692eaf0a854d0e0793875c73,6871d82a1aaf88556f0c6041,keep,-0.7826,,poor_image+unsteady_camera+hesitant,4,93,95,0.9468,,,,1.8418,-0.3545,1.6109,2.0000,-0.3636
692f19fd5cec8e06f0b2dc3b,69070e0b9adc5c8f26f55b5a,keep,-0.7840,,unsteady_camera+hesitant,0,216,223,0.9730,,,,0.1455,0.8372,1.9624,1.6022,0.4491
692eabd24e86f0c01a207287,6903686e0e94ce070afd1f24,keep,-0.7885,,unsteady_camera,28,103,105,0.7212,,,,0.9277,0.9053,2.0632,0.0000,0.7066
692eadecc609aae267b279f9,68bc72d1fcdaacc405e3db53,keep,-0.7894,,poor_image+hesitant,29,167,169,0.8214,,,,1.6410,0.4406,0.9825,1.2069,0.2139
692ea6d61e78e176ba6cf8d5,69070e0b9adc5c8f26f55b5a,keep,-0.7897,,jittery,0,149,172,0.8713,,,,0.3057,2.5676,0.2677,0.6749,0.2755
692eac8892a31767e35da3c0,69070e0b9adc5c8f26f55b5a,keep,-0.7901,,jittery+unsteady_camera+hesitant+incomplete,41,172,181,0.7278,,,,-0.1279,1.0196,1.2454,1.5809,1.3667
692ea16b92a31767e35da264,68bc72d1fcdaacc405e3db53,keep,-0.7908,,jittery+incomplete,87,198,200,0.5578,,,,0.1556,2.2440,0.7818,0.0923,1.0625
692ed7b14cbe80983737fdca,6903b590466be157ec64580a,keep,-0.7925,,unsteady_camera+incomplete,94,207,219,0.5183,,,,0.2218,0.5068,1.0228,0.9116,2.5204
692ea0bd727c13b350cb7bed,6903686e0e94ce070afd1f24,keep,-0.7938,,poor_image+jittery+hesitant,1,92,94,0.9785,,,,1.0152,1.3359,0.6522,1.6621,-0.2847
692e98aa5aae241ad236ebe3,6871d82a1aaf88556f0c6041,keep,-0.7945,,jittery+hesitant,8,168,170,0.9467,,,,0.0380,1.9136,0.5760,2.0000,0.0584
692ea9f25aae241ad236edc4,6903b590466be157ec64580a,keep,-0.7954,,poor_image,0,173,175,0.9943,,,,3.0327,0.4732,0.1599,0.7264,-0.5776
692ef720b07e0e30ff1132ed,6904b8d0466be157ec648ef1,keep,-0.7956,,poor_image+unsteady_camera,8,221,223,0.9595,,,,1.1033,0.6011,1.8624,0.9469,0.2035
692ea888e2322e3b092b5ef0,6903b590466be157ec64580a,keep,-0.7974,,poor_image,0,197,199,0.9949,,,,2.8447,0.6352,0.9721,-0.2128,-0.3975
692ea5e4854d0e0793875b83,6903bd580e94ce070afd33cd,keep,-0.8007,,unsteady_camera+hesitant,0,213,215,0.9953,,,,0.1493,0.4236,3.0643,1.9247,-0.2433
692eadddad0c9ef057d41df6,690364170e94ce070afd1da5,keep,-0.8040,,jittery+unsteady_camera+hesitant,0,218,220,0.9954,,,,-0.5836,1.6383,1.8524,2.0884,0.1048
692ea32f5aae241ad236ed06,6903686e0e94ce070afd1f24,keep,-0.8082,,jittery+unsteady_camera,0,119,121,0.9917,,,,0.6456,1.0881,1.8043,0.6441,0.6085
692ea8ecba0400c70689ff30,6903686e0e94ce070afd1f24,keep,-0.8082,,poor_image+unsteady_camera,0,84,90,0.9438,,,,2.5098,-0.2443,1.9296,0.0000,0.3297
692eb3045aae241ad236ee93,6846f7cf9cdf020d4a37a294,keep,-0.8106,,poor_image+hesitant,0,207,210,0.9904,,,,1.5442,0.8989,0.1811,1.9899,-0.1614
692e95ca567c97525f401365,6871e269bc1991b1a1e463ba,keep,-0.8107,,poor_image+unsteady_camera+hesitant+incomplete,0,159,214,0.7465,,,,1.0804,-0.0227,1.0909,1.3680,1.6298
692e99dc6974927fef249bc3,69150bf42756853dcad943f2,keep,-0.8118,,jittery+unsteady_camera,0,97,99,0.9898,,,,0.6171,1.5053,2.9106,0.8986,-1.3101
692edf7a4215b056bf36e76e,690362600e94ce070afd1d30,keep,-0.8154,,poor_image+unsteady_camera,1,261,288,0.9059,,,,2.4782,0.5660,1.1723,-0.2032,0.1723
692eac1dad0c9ef057d41db4,6903b590466be157ec64580a,keep,-0.8155,,unsteady_camera+hesitant,1,207,209,0.9904,,,,0.6462,0.4740,1.6406,2.5999,-0.2124
692f19fd5cec8e06f0b2dc34,69070e0b9adc5c8f26f55b5a,keep,-0.8162,,jittery+hesitant,2,198,204,0.9655,,,,-0.2518,1.2926,0.4045,3.7056,0.0418
692e9829ea43f09edf26f452,6871e269bc1991b1a1e463ba,keep,-0.8163,,jittery+unsteady_camera+hesitant,0,205,207,0.9951,,,,-0.0670,1.4897,2.5784,1.3430,-0.3415
692eaae0c609aae267b279b1,69070e0b9adc5c8f26f55b5a,keep,-0.8182,,poor_image+hesitant,12,119,121,0.8917,,,,2.3923,-0.3724,0.1921,2.0000,0.5054
692ef0153f0f0a8706d6bb34,6904b8d0466be157ec648ef1,keep,-0.8236,,unsteady_camera+incomplete,66,302,352,0.6724,,,,0.9265,0.9714,1.0432,0.0000,1.8751
692eae2eaec602a46af10694,6903686e0e94ce070afd1f24,keep,-0.8251,,jittery+unsteady_camera,0,126,128,0.9921,,,,-0.0017,1.6589,1.9871,0.7308,0.5718
692eadeec609aae267b27a07,68bc72d1fcdaacc405e3db53,keep,-0.8260,,poor_image+incomplete,99,228,230,0.5633,,,,2.0944,0.2096,0.9268,0.2706,1.1284
692ea887e2322e3b092b5eea,6903b590466be157ec64580a,keep,-0.8267,,poor_image+jittery+hesitant,0,223,225,0.9955,,,,1.1617,1.7523,0.5084,1.2050,-0.2976
692ed682952b26f4cc71a434,690366b20e94ce070afd1e8a,keep,-0.8271,,unsteady_camera+hesitant,63,192,197,0.6582,,,,0.2056,0.5431,1.8733,1.9181,0.8751
692eaaad2c8fefa9948e8e96,68bc72d1fcdaacc405e3db53,keep,-0.8284,,poor_image+hesitant,50,205,217,0.7176,,,,1.4755,0.4337,0.9509,1.2463,0.7375
692ee9605cec8e06f0b2daa7,6903a36c466be157ec64562d,keep,-0.8307,,jittery+hesitant,0,225,227,0.9956,,,,0.1562,1.8279,0.0674,2.7705,0.0007
692ea71e40338017b7f99944,690366b20e94ce070afd1e8a,keep,-0.8334,,unsteady_camera+hesitant,6,165,185,0.8641,,,,0.6371,0.3792,2.4878,1.9882,-0.1672
692eaed0ffdc0ca6345c436f,6903bd580e94ce070afd33cd,keep,-0.8343,,unsteady_camera+hesitant+incomplete,72,203,220,0.5982,,,,0.1163,0.4812,2.3840,1.0626,1.4971
692ea139b77ab81b8b41edda,68696b41314bde44018fa510,keep,-0.8347,,poor_image+incomplete,3,212,221,0.9500,0.3241,4,0.9889,1.4465,0.0965,0.6629,0.8025,1.1707
692ee89bf59fd218b1bdffe8,69038b590e94ce070afd2952,keep,-0.8357,,unsteady_camera+hesitant+incomplete,81,184,205,0.5049,,,,-0.2352,0.5399,1.8498,2.2971,1.2463
692eafddb8797912ff78a900,6903b590466be157ec64580a,keep,-0.8358,,unsteady_camera+hesitant,0,234,236,0.9957,,,,0.5917,0.6718,2.2543,1.4076,0.2937
692ed7b04cbe80983737fdc1,6903b590466be157ec64580a,keep,-0.8381,,jittery+unsteady_camera+hesitant,19,286,293,0.9144,,,,0.3272,1.0400,1.0409,1.8225,0.9525
692ea9bc95aad87d3e344668,6903686e0e94ce070afd1f24,keep,-0.8383,,hesitant,0,161,164,0.9877,0.0921,0,0.9977,0.1295,0.3027,0.2644,1.0436,0.4371
692ea80d92a31767e35da335,6903686e0e94ce070afd1f24,keep,-0.8386,,hesitant,22,145,147,0.8425,,,,0.8767,0.7228,0.3582,2.9659,0.1472
692eace9ad0c9ef057d41ddc,6903686e0e94ce070afd1f24,keep,-0.8401,,jittery+incomplete,66,133,136,0.4963,0.0241,2,0.8498,0.8284,1.1914,-0.0609,0.5725,1.2868
692ea9f25aae241ad236edc2,6903b590466be157ec64580a,keep,-0.8430,,poor_image+unsteady_camera,0,180,182,0.9945,,,,2.9918,0.2015,1.1590,0.4643,-0.5123
692eaadfc609aae267b279a3,69070e0b9adc5c8f26f55b5a,keep,-0.8439,,poor_image+incomplete,44,144,146,0.6897,,,,1.5592,0.3633,0.2478,0.7959,1.9801
692ef6050ba268eb16564b15,6903bd580e94ce070afd33cd,keep,-0.8463,,jittery+hesitant+incomplete,74,186,230,0.4891,,,,0.5335,1.0565,0.0365,1.3651,2.1372
692eaf3799488ff84776fa34,690362600e94ce070afd1d30,keep,-0.8479,,poor_image+jittery+unsteady_camera,18,305,320,0.8997,,,,1.4891,1.2556,1.7767,0.2545,-0.2129
692eac0996d2056439f018fd,6871d82a1aaf88556f0c6041,keep,-0.8491,,jittery+unsteady_camera,0,146,148,0.9932,,,,-0.2596,2.8800,1.3762,0.0000,0.6372
692eaabec621d7f4aac3ab90,6903b590466be157ec64580a,keep,-0.8505,,poor_image+jittery+incomplete,33,205,207,0.8350,,,,1.3292,1.2319,0.0665,0.9322,1.1128
692eaae1c609aae267b279b7,69070e0b9adc5c8f26f55b5a,keep,-0.8530,,poor_image+hesitant,0,108,110,0.9908,0.0994,3,0.9893,2.7201,-0.7916,0.0420,2.3641,-0.1222
692eaf0a854d0e0793875c7b,6871d82a1aaf88556f0c6041,keep,-0.8546,,poor_image+unsteady_camera+hesitant,0,90,92,0.9890,,,,1.3538,-0.0944,2.1609,1.3940,0.5384
692ed683952b26f4cc71a436,690366b20e94ce070afd1e8a,keep,-0.8566,,poor_image+hesitant+incomplete,82,177,185,0.5163,,,,1.0211,0.7800,0.0047,2.0253,1.2646
692ea9343019385fbbf567b8,6903b590466be157ec64580a,keep,-0.8601,,hesitant+incomplete,48,202,231,0.6696,,,,0.2423,0.0339,0.9959,2.8529,1.7571
692eab1cb77ab81b8b41eeea,6903b590466be157ec64580a,keep,-0.8602,,poor_image+jittery+unsteady_camera,2,167,169,0.9821,,,,2.0898,1.1485,1.5371,0.0304,-0.4033
692eaa05c7cb0e94dc84bbf6,68bc72d1fcdaacc405e3db53,keep,-0.8610,,jittery+hesitant+incomplete,157,247,249,0.3629,,,,0.0266,1.3856,-0.2140,2.5171,1.6055
692eac2aaec602a46af10650,6903686e0e94ce070afd1f24,keep,-0.8612,,poor_image+unsteady_camera,1,107,113,0.9464,,,,2.0977,0.0538,1.4091,0.8287,0.5631
692eaa88727c13b350cb7d01,690362600e94ce070afd1d30,keep,-0.8645,,poor_image+incomplete,106,262,294,0.5324,,,,2.2392,0.3019,0.2956,0.5445,1.3996
692eac17aec602a46af1063e,69150bf42756853dcad943f2,keep,-0.8716,,poor_image+jittery,0,208,210,0.9952,,,,2.0662,1.3304,0.8604,0.0000,0.1458
692eb29dffdc0ca6345c43c7,69070e0b9adc5c8f26f55b5a,keep,-0.8745,,poor_image+hesitant,27,160,162,0.8261,,,,1.8812,-0.2891,0.1912,2.8837,0.6586
692ea0bb727c13b350cb7bd1,6903686e0e94ce070afd1f24,keep,-0.8784,,jittery+hesitant,0,93,96,0.9789,,,,0.8679,1.3374,0.6694,1.9540,0.2176
692eaadfc609aae267b279a9,69070e0b9adc5c8f26f55b5a,keep,-0.8817,,poor_image+jittery,0,156,158,0.9936,,,,1.1316,2.2919,0.7000,0.4531,-0.1168
692ea3bb99488ff84776f8f9,67421681889e906244b520b1,keep,-0.8855,,poor_image+jittery+hesitant,8,334,336,0.9731,,,,1.5959,1.6693,-0.0190,1.4068,-0.0872
692eb06bc7cb0e94dc84bca3,690364170e94ce070afd1da5,keep,-0.8863,,hesitant+incomplete,108,193,195,0.4381,,,,0.8812,0.8087,-0.3265,2.3125,1.6835
692ea8eaba0400c70689ff20,6903686e0e94ce070afd1f24,keep,-0.8869,,poor_image+unsteady_camera,0,101,104,0.9806,,,,1.7547,0.7554,1.9492,0.0000,0.4941
692efd3bef7557106e6c4dcb,6904b8d0466be157ec648ef1,keep,-0.8880,,,2,176,178,0.9831,0.0391,0,0.9865,0.6187,0.4433,0.2622,0.3209,0.2852
692eb3035aae241ad236ee88,6846f7cf9cdf020d4a37a294,keep,-0.8902,,unsteady_camera,0,173,200,0.8693,,,,0.9482,0.7387,2.9731,0.4972,0.2307
692ee8674215b056bf36e801,6846f7cf9cdf020d4a37a294,keep,-0.8925,,jittery,0,244,246,0.9959,0.0487,0,0.9981,0.4706,1.3457,0.2929,0.5741,-0.4246
692eaf3799488ff84776fa36,690362600e94ce070afd1d30,keep,-0.8969,,jittery+unsteady_camera+hesitant+incomplete,113,306,326,0.5938,,,,0.4653,1.6189,1.0017,1.1104,1.0399
692ea3f93b319da763b71a90,6871e269bc1991b1a1e463ba,keep,-0.8972,,poor_image+unsteady_camera+incomplete,0,128,185,0.6957,,,,2.0301,-0.5796,2.4569,0.0000,1.6477
692eaf2d4e86f0c01a2072eb,69070e0b9adc5c8f26f55b5a,keep,-0.8973,,jittery+hesitant,0,204,208,0.9855,,,,0.2667,2.3990,0.2434,1.8024,0.2370
692eae07424dbf22e75ed147,6846f7cf9cdf020d4a37a294,keep,-0.9007,,poor_image+jittery+hesitant,2,208,210,0.9856,,,,1.1476,1.3032,0.2564,2.3428,0.0297
692eadf5d52427f961fa161c,69036806466be157ec64477f,keep,-0.9012,,poor_image+jittery,42,353,355,0.8785,,,,2.6168,1.2639,0.9597,0.2121,-0.6846
692eac1121fc595fbe6f95ac,690364170e94ce070afd1da5,keep,-0.9014,,jittery+hesitant,25,384,386,0.9325,,,,0.1988,2.2885,0.0058,2.1432,0.4298
692ea22f5cd6df8b6023c99a,6871e269bc1991b1a1e463ba,keep,-0.9062,,,0,200,202,0.9950,0.1224,0,0.9892,0.7489,0.8215,0.9346,0.3046,0.3218
692e98f140338017b7f997e0,6871d82a1aaf88556f0c6041,keep,-0.9129,,poor_image+unsteady_camera,7,88,90,0.9101,0.0785,3,0.1752,1.9826,-0.4901,1.4638,0.0000,0.3966
692ea285dfa4113987776968,6871d82a1aaf88556f0c6041,keep,-0.9161,,poor_image+jittery+unsteady_camera+hesitant,0,124,126,0.9920,,,,1.2462,1.2919,1.1476,2.0000,-0.5422
692ea1ab3b319da763b71a42,69070e0b9adc5c8f26f55b5a,keep,-0.9168,,hesitant,0,178,180,0.9944,0.0273,0,0.9990,-0.1432,0.9030,0.6668,1.2895,-0.6788
692eb04f3019385fbbf56880,69070e0b9adc5c8f26f55b5a,keep,-0.9169,,jittery+unsteady_camera+hesitant,0,209,211,0.9952,,,,0.2998,1.7626,1.0600,2.2434,0.0212
692eafb4dbc4294a49cc7317,69070e0b9adc5c8f26f55b5a,keep,-0.9182,,jittery+hesitant,0,172,174,0.9942,,,,-0.3489,2.3211,0.6712,2.9790,-0.1809
692e95c9567c97525f40135d,6871e269bc1991b1a1e463ba,keep,-0.9186,,poor_image+jittery+unsteady_camera,0,190,192,0.9948,,,,1.0234,1.9889,1.0088,0.5640,0.3391
692ee8694215b056bf36e811,6846f7cf9cdf020d4a37a294,keep,-0.9209,,poor_image+jittery,4,194,196,0.9744,,,,1.5246,1.8543,0.9428,0.0623,0.3730
692ea1d468bf0a1f462304e8,690cb8f69adc5c8f26f64201,keep,-0.9213,,unsteady_camera+hesitant,0,202,214,0.9484,,,,0.4399,0.8685,1.1529,2.9593,0.3741
692ea8eeba0400c70689ff3e,6903686e0e94ce070afd1f24,keep,-0.9229,,poor_image+unsteady_camera,2,97,103,0.9314,,,,2.0107,0.9463,1.2954,0.7577,-0.0283
692eab67567c97525f40154d,690362600e94ce070afd1d30,keep,-0.9261,,jittery+incomplete,137,325,327,0.5767,,,,0.4237,1.4593,0.9773,0.7256,1.9556
692eb0ab7641010d043547f5,690364170e94ce070afd1da5,keep,-0.9283,,jittery+incomplete,111,204,206,0.4537,,,,0.6819,2.1533,0.0406,0.5347,1.6698
692ea7f6f169106feb26aee4,6903686e0e94ce070afd1f24,keep,-0.9338,,hesitant,17,119,121,0.8500,0.0864,2,0.2146,0.1361,0.5842,0.2838,1.9322,-0.3266
692ee0040ba268eb16564996,6903b590466be157ec64580a,keep,-0.9342,,hesitant+incomplete,149,271,294,0.4164,,,,0.4142,-0.7866,0.5716,3.8787,2.6477
692eab67567c97525f40154f,690362600e94ce070afd1d30,keep,-0.9346,,poor_image+hesitant,12,258,272,0.9077,0.1031,3,0.9555,1.8196,0.3392,-0.0088,2.4092,-0.2953
692eac2caec602a46af10665,6903686e0e94ce070afd1f24,keep,-0.9374,,poor_image+hesitant,39,116,118,0.6581,,,,2.8449,0.3333,0.0512,1.3212,0.4219
692eaf5374b24813e7597665,6846f7cf9cdf020d4a37a294,keep,-0.9476,,unsteady_camera+hesitant+incomplete,72,206,214,0.6291,,,,-0.4188,0.9684,1.7136,2.2221,1.8728
692ea6d81e78e176ba6cf8e6,69070e0b9adc5c8f26f55b5a,keep,-0.9518,,poor_image+jittery+unsteady_camera,0,211,218,0.9724,,,,1.0368,1.9805,1.0290,0.9835,0.1244
692ea4d33b319da763b71ab0,69150bf42756853dcad943f2,keep,-0.9554,,unsteady_camera+incomplete,3,104,157,0.6474,0.0705,4,0.9905,0.1457,0.1696,1.5410,0.0000,1.4257
692ea8ebba0400c70689ff21,6903686e0e94ce070afd1f24,keep,-0.9568,,poor_image,1,98,103,0.9510,0.1129,0,0.3346,1.6879,0.8137,0.3468,0.0000,-0.4555
692edf774215b056bf36e760,690362600e94ce070afd1d30,keep,-0.9572,,poor_image+unsteady_camera+hesitant+incomplete,137,298,306,0.5279,,,,1.1655,0.6388,1.1227,1.7571,1.1139
692eaadec609aae267b2799e,69070e0b9adc5c8f26f55b5a,keep,-0.9608,,poor_image+jittery+hesitant,0,176,178,0.9944,,,,1.2990,1.2382,0.0903,2.4019,0.4279
692ee8684215b056bf36e80e,6846f7cf9cdf020d4a37a294,keep,-0.9693,,poor_image+jittery,14,228,230,0.9345,0.0909,4,0.9933,1.1327,1.6254,0.7105,-0.0743,-0.6767
692eb06cc7cb0e94dc84bca7,690364170e94ce070afd1da5,keep,-0.9698,,unsteady_camera+hesitant+incomplete,74,168,171,0.5529,,,,0.7720,0.6877,1.1023,2.3895,1.1075
692ef186fbcce321dca74ea8,690cb8f69adc5c8f26f64201,keep,-0.9834,,poor_image+hesitant,3,222,224,0.9821,,,,1.7346,0.5459,-0.0632,3.6655,-0.1391
692ef6040ba268eb16564b0d,6903bd580e94ce070afd33cd,keep,-0.9879,,jittery+unsteady_camera+hesitant+incomplete,63,221,226,0.7022,,,,0.2213,1.2437,1.7409,1.9271,1.0503
692ef6060ba268eb16564b1d,6903bd580e94ce070afd33cd,keep,-0.9882,,hesitant+incomplete,61,194,227,0.5885,,,,0.8331,-0.1108,0.2253,3.9456,1.6630
692e993af169106feb26ad06,6903686e0e94ce070afd1f24,keep,-0.9912,,poor_image+unsteady_camera,13,102,104,0.8641,0.0410,0,0.9657,1.0585,-0.2090,1.2463,0.0000,0.4178
692ee8684215b056bf36e80c,6846f7cf9cdf020d4a37a294,keep,-0.9936,,poor_image+jittery+hesitant,0,228,230,0.9956,,,,1.0573,3.1827,0.8962,1.1449,-1.4460
692eb0ab7641010d043547f7,690364170e94ce070afd1da5,keep,-0.9955,,poor_image+jittery+hesitant,115,233,235,0.5043,,,,1.9849,1.0690,0.1398,1.7989,0.4490
692eac0639719ab57395b961,6903b590466be157ec64580a,keep,-0.9958,,poor_image+jittery,0,191,193,0.9948,0.1866,4,0.0269,2.3141,1.3710,0.5790,-0.2128,-0.6725
692ed8c2f2e4e72c033b9993,690362600e94ce070afd1d30,keep,-0.9985,,jittery+unsteady_camera+hesitant,20,335,337,0.9375,,,,0.1793,1.0098,2.2209,2.2194,0.7659
692efd3cef7557106e6c4dcf,6904b8d0466be157ec648ef1,keep,-1.0003,,hesitant+incomplete,55,203,205,0.7255,,,,0.3101,0.4187,0.9156,3.1745,1.8187
692e95faaf371a654ce7fc04,6903bd580e94ce070afd33cd,keep,-1.0005,,jittery,0,223,225,0.9955,0.0705,2,0.0388,0.8494,1.7293,0.2877,0.0770,-0.5880
692e9b2aaf371a654ce7fc7e,6903bd580e94ce070afd33cd,keep,-1.0052,,unsteady_camera+hesitant+incomplete,47,136,160,0.5597,,,,-0.0142,0.6505,1.6908,2.5853,1.8060
692eab67567c97525f40154c,690362600e94ce070afd1d30,keep,-1.0143,,poor_image+jittery+hesitant,6,375,389,0.9510,,,,1.0869,1.3538,0.2935,3.1389,0.0066
692ea9343019385fbbf567ba,6903b590466be157ec64580a,keep,-1.0151,,unsteady_camera+hesitant+incomplete,101,205,235,0.4444,,,,0.9980,-0.5291,1.4197,2.3096,2.6733
692e9b38b77ab81b8b41ed2d,6903bd580e94ce070afd33cd,keep,-1.0170,,poor_image+jittery+unsteady_camera,0,212,250,0.8514,,,,2.6823,1.1473,1.9097,-0.1676,-0.3675
692e9d97d3d807884d4dd664,6903686e0e94ce070afd1f24,keep,-1.0197,,jittery,0,128,130,0.9922,0.0331,0,0.9889,-0.1147,1.1908,0.7193,0.5991,0.2053
692ea8eeba0400c70689ff3c,6903686e0e94ce070afd1f24,keep,-1.0281,,poor_image,0,95,104,0.9223,0.1262,0,0.9920,2.3005,0.0279,0.4325,0.0000,0.4856
692ee8694215b056bf36e816,6846f7cf9cdf020d4a37a294,keep,-1.0336,,poor_image+jittery,0,212,214,0.9953,,,,1.4941,2.8753,0.7048,0.4423,-0.4658
692eaa05c7cb0e94dc84bbf2,68bc72d1fcdaacc405e3db53,keep,-1.0382,,jittery+hesitant,137,227,229,0.3947,,,,0.3904,2.0570,0.8044,1.8371,0.9550
692eb12174b24813e7597686,6846f7cf9cdf020d4a37a294,keep,-1.0422,,poor_image+unsteady_camera+hesitant,0,166,177,0.9432,,,,2.4245,-0.8816,2.4301,2.4955,0.0556
692ef515f59fd218b1be00db,69150bf42756853dcad943f2,keep,-1.0455,,poor_image+jittery+hesitant,0,200,202,0.9950,,,,1.1846,1.4532,0.8433,2.6448,-0.1264
692ed8c1f2e4e72c033b9990,690362600e94ce070afd1d30,keep,-1.0530,,poor_image+unsteady_camera+hesitant,2,267,283,0.9397,,,,1.9466,0.4098,1.4059,2.1755,0.2553
692e95cb567c97525f40136b,6871e269bc1991b1a1e463ba,keep,-1.0574,,unsteady_camera+incomplete,0,227,312,0.7299,,,,0.7170,0.6105,1.9963,0.9369,2.4772
692e8e504e86f0c01a20700a,6904b8d0466be157ec648ef1,keep,-1.0591,,poor_image+jittery,48,188,203,0.6931,,,,2.3511,1.9542,0.0470,0.8435,0.0655
692eaf3599488ff84776fa2c,690362600e94ce070afd1d30,keep,-1.0605,,poor_image+jittery+unsteady_camera+hesitant,8,265,268,0.9625,,,,1.1136,1.3233,1.5107,2.3678,-0.1103
692eae09424dbf22e75ed153,6846f7cf9cdf020d4a37a294,keep,-1.0683,,poor_image+jittery+unsteady_camera+hesitant,0,148,152,0.9801,,,,1.0310,1.2102,2.3276,2.9491,-1.1604
692ea137b77ab81b8b41edce,68696b41314bde44018fa510,keep,-1.0699,,poor_image+jittery+unsteady_camera+incomplete,13,192,194,0.9275,,,,1.1063,1.6490,1.7692,0.0000,1.5871
692e9d3ea0e165ab2e42e3c6,6903686e0e94ce070afd1f24,keep,-1.0742,,jittery+hesitant,0,133,136,0.9852,0.0878,0,0.9964,0.5082,1.2071,0.1083,1.2600,0.0171
692eb29fffdc0ca6345c43de,69070e0b9adc5c8f26f55b5a,keep,-1.0884,,poor_image+unsteady_camera+hesitant,0,218,220,0.9954,,,,1.6497,0.1885,1.7167,3.0540,0.0906
692ea138b77ab81b8b41edd4,68696b41314bde44018fa510,keep,-1.1058,,unsteady_camera+incomplete,15,189,191,0.9158,,,,0.9451,0.7607,2.1386,0.9292,2.1142
692e94feaf371a654ce7fbeb,6871e269bc1991b1a1e463ba,keep,-1.1207,,jittery+hesitant+incomplete,0,227,229,0.9956,,,,0.8750,2.4465,0.0038,1.7504,1.1084
692ed8c1f2e4e72c033b998e,690362600e94ce070afd1d30,keep,-1.1501,,poor_image+jittery+unsteady_camera,20,272,289,0.8750,,,,1.7031,1.5651,2.6254,0.3949,0.1281
692eab1cb77ab81b8b41eee6,6903b590466be157ec64580a,keep,-1.1570,,poor_image+unsteady_camera,0,167,169,0.9940,0.0681,4,0.2843,3.0457,0.3805,1.4670,-0.2128,-1.4267
692ea9343019385fbbf567b9,6903b590466be157ec64580a,keep,-1.1696,,jittery+unsteady_camera+hesitant+incomplete,97,219,224,0.5471,,,,-0.2485,1.3756,1.8428,2.0858,2.5680
692ea8ebba0400c70689ff22,6903686e0e94ce070afd1f24,keep,-1.1724,,poor_image+jittery+unsteady_camera,0,116,118,0.9915,,,,3.1234,1.4509,1.0749,0.0000,0.2705
692ea9f25aae241ad236edbe,6903b590466be157ec64580a,keep,-1.1795,,poor_image+hesitant,2,199,201,0.9850,,,,2.6873,0.8594,0.5998,2.3623,-0.0252
692e9f8e39719ab57395b83b,6871e269bc1991b1a1e463ba,keep,-1.1812,,unsteady_camera+hesitant,1,197,200,0.9849,,,,0.8713,0.8561,2.0695,3.8458,-0.2382
692ea8efba0400c70689ff45,6903686e0e94ce070afd1f24,keep,-1.2342,,poor_image+unsteady_camera+incomplete,56,93,95,0.3936,,,,2.4033,0.5668,1.9342,0.0000,2.2498
692e959b92a31767e35da109,68696b41314bde44018fa510,keep,-1.2441,,jittery+hesitant,0,318,320,0.9969,,,,0.9097,3.6365,-0.1495,2.0726,-0.0337
692ea6fb4e86f0c01a20722a,6903bd580e94ce070afd33cd,keep,-1.2454,,poor_image+jittery,3,306,321,0.9469,,,,3.6192,1.7355,0.9006,-0.2301,0.0156
692ed7324215b056bf36e72e,670be6761e62a52f6a35360d,keep,-1.2621,,poor_image+jittery+unsteady_camera+hesitant,0,356,412,0.8662,,,,1.5614,1.7307,2.1521,2.0820,-0.3373
692ee8694215b056bf36e812,6846f7cf9cdf020d4a37a294,keep,-1.2652,,poor_image+jittery+unsteady_camera+hesitant,0,222,226,0.9867,,,,1.8378,2.7203,1.5371,1.2463,-0.7641
692eeeaf0ba268eb16564a86,69150bf42756853dcad943f2,keep,-1.2836,,poor_image+jittery,14,182,185,0.9130,,,,3.0296,2.2026,0.9075,0.0000,0.2298
692eac2aaec602a46af1064d,6903686e0e94ce070afd1f24,keep,-1.3186,,poor_image+jittery,24,114,116,0.7826,0.0467,3,0.6265,1.3701,1.1356,0.9378,0.0000,0.5337
692edf513f0f0a8706d6ba4c,69036806466be157ec64477f,keep,-1.3518,,jittery+unsteady_camera+hesitant,0,127,129,0.9922,,,,0.7415,2.7941,1.3529,4.0000,-1.1939
692f49d2f59fd218b1be02ac,6904b8d0466be157ec648ef1,keep,-1.3573,,jittery+unsteady_camera+hesitant,0,154,156,0.9935,,,,0.7604,2.0250,2.0410,4.0000,-0.7178
692ed7b04cbe80983737fdc2,6903b590466be157ec64580a,keep,-1.3668,,poor_image+jittery+unsteady_camera+hesitant,38,310,314,0.8690,,,,1.3327,1.8620,1.9839,2.2203,0.5714
692e9f8f40338017b7f998a7,6871e269bc1991b1a1e463ba,keep,-1.4215,,poor_image+unsteady_camera+hesitant,1,204,209,0.9760,,,,3.3411,-0.0485,2.7090,2.5179,-0.2151
692f19fd5cec8e06f0b2dc3c,69070e0b9adc5c8f26f55b5a,keep,-1.8387,,poor_image+unsteady_camera+hesitant+incomplete,111,288,290,0.6125,,,,2.6095,0.9093,1.8763,4.0000,1.7161
